location_id,month,temperature_2m,precipitation,wind_speed_10m,relative_humidity_2m,surface_pressure,cloud_cover,shortwave_radiation,hours,country,latitude,longitude,elevation_m,elevation_km
bd_chattogram,1,19.653494623655916,0.0,2.4443817204301075,74.3024193548387,1014.5983870967741,9.38978494623656,199.63440860215053,744,BD,22.3569,91.7832,9.0,0.009
bd_chattogram,2,22.680208333333333,0.0,2.4548511904761905,64.12946428571429,1012.0729166666666,16.282738095238095,235.92113095238096,672,BD,22.3569,91.7832,9.0,0.009
bd_chattogram,3,25.565188172043012,1.1451612903225805,2.87263440860215,78.21639784946237,1010.0397849462365,34.33467741935484,235.86424731182797,744,BD,22.3569,91.7832,9.0,0.009
bd_chattogram,4,27.73916666666667,3.203333333333333,3.5684305555555556,79.03888888888889,1007.4498611111111,45.67638888888889,240.76944444444445,720,BD,22.3569,91.7832,9.0,0.009
bd_chattogram,5,28.020833333333332,4.054838709677419,3.296653225806452,82.48252688172043,1005.7016129032259,43.766129032258064,234.69892473118279,744,BD,22.3569,91.7832,9.0,0.009
bd_chattogram,6,27.578333333333337,14.54,3.659402777777778,87.78055555555555,1003.4940277777777,84.74722222222222,169.07916666666668,720,BD,22.3569,91.7832,9.0,0.009
bd_chattogram,7,26.951612903225808,31.664516129032258,5.5777688172043005,89.18548387096774,1001.6194892473119,93.87096774193549,143.0201612903226,744,BD,22.3569,91.7832,9.0,0.009
bd_chattogram,8,27.348655913978497,13.574193548387097,4.845712365591398,87.84811827956989,1002.1673387096774,89.93817204301075,175.8790322580645,744,BD,22.3569,91.7832,9.0,0.009
bd_dhaka,1,18.636962365591398,0.0,2.0790860215053764,71.6008064516129,1013.8538978494624,11.557795698924732,188.94220430107526,744,BD,23.8103,90.4125,19.0,0.019
bd_dhaka,2,21.912053571428572,0.0,1.9959375,61.65625,1011.1153273809524,15.632440476190476,225.47321428571428,672,BD,23.8103,90.4125,19.0,0.019
bd_dhaka,3,25.052150537634407,4.470967741935484,2.188333333333333,76.29301075268818,1008.1604838709678,41.62903225806452,211.86290322580646,744,BD,23.8103,90.4125,19.0,0.019
bd_dhaka,4,27.821666666666665,4.883333333333333,2.999138888888889,78.96527777777777,1005.1211111111111,50.65277777777778,222.2736111111111,720,BD,23.8103,90.4125,19.0,0.019
bd_dhaka,5,28.09206989247312,5.9,2.42008064516129,82.29704301075269,1003.73561827957,44.498655913978496,221.31720430107526,744,BD,23.8103,90.4125,19.0,0.019
bd_dhaka,6,28.83375,7.923333333333333,2.7637916666666666,84.87083333333334,1001.1802777777779,74.49861111111112,194.7625,720,BD,23.8103,90.4125,19.0,0.019
bd_dhaka,7,27.732795698924733,18.241935483870968,3.761209677419355,86.6975806451613,999.1486559139785,92.78897849462365,146.4811827956989,744,BD,23.8103,90.4125,19.0,0.019
bd_dhaka,8,28.46666666666667,6.658064516129032,3.3808198924731183,84.35215053763442,999.9991935483871,91.31586021505376,183.80913978494624,744,BD,23.8103,90.4125,19.0,0.019
bd_rangamati,1,19.87244623655914,0.0,1.2652016129032257,73.29838709677419,1012.1799731182796,22.650537634408604,195.20967741935485,744,BD,22.7324,92.2985,29.0,0.029
bd_rangamati,2,22.689732142857142,0.0035714285714285718,1.4566517857142858,58.20684523809524,1009.6909226190477,19.09672619047619,234.64136904761904,672,BD,22.7324,92.2985,29.0,0.029
bd_rangamati,3,25.8372311827957,0.603225806451613,1.7575672043010755,67.96639784946237,1007.768682795699,33.604838709677416,232.4233870967742,744,BD,22.7324,92.2985,29.0,0.029
bd_rangamati,4,28.07847222222222,2.4266666666666667,2.1434166666666665,71.8375,1005.2945833333333,41.701388888888886,240.47916666666666,720,BD,22.7324,92.2985,29.0,0.029
bd_rangamati,5,27.925940860215057,3.8129032258064517,1.8264919354838711,79.36962365591398,1003.6510752688172,46.03763440860215,226.7715053763441,744,BD,22.7324,92.2985,29.0,0.029
bd_rangamati,6,27.157222222222224,9.29,2.0854583333333334,88.27083333333333,1001.5672222222222,85.86527777777778,162.99027777777778,720,BD,22.7324,92.2985,29.0,0.029
bd_rangamati,7,26.58225806451613,18.541935483870965,2.8654435483870966,89.99731182795699,999.8360215053764,93.41129032258064,139.32392473118279,744,BD,22.7324,92.2985,29.0,0.029
bd_rangamati,8,27.340994623655916,9.351612903225805,2.3931182795698924,87.07795698924731,1000.3194892473118,90.11559139784946,169.26075268817203,744,BD,22.7324,92.2985,29.0,0.029
bd_sajek,1,16.365860215053765,0.0,1.231008064516129,73.6236559139785,965.2939516129031,13.431451612903226,194.86559139784947,744,BD,23.3819,92.2938,435.0,0.435
bd_sajek,2,19.219345238095237,0.0035714285714285718,1.3855654761904763,57.85863095238095,963.4456845238095,16.342261904761905,229.66369047619048,672,BD,23.3819,92.2938,435.0,0.435
bd_sajek,3,22.381048387096776,2.0903225806451613,1.6654838709677418,69.69354838709677,962.0576612903226,39.666666666666664,218.40725806451613,744,BD,23.3819,92.2938,435.0,0.435
bd_sajek,4,24.83638888888889,2.7233333333333336,2.102097222222222,72.89166666666667,960.0158333333334,47.41111111111111,224.4763888888889,720,BD,23.3819,92.2938,435.0,0.435
bd_sajek,5,24.729032258064517,4.832258064516129,1.705483870967742,81.2486559139785,958.5797043010754,54.604838709677416,216.70430107526883,744,BD,23.3819,92.2938,435.0,0.435
bd_sajek,6,24.469722222222224,5.63,1.9730694444444443,88.10833333333333,956.4394444444445,85.98611111111111,164.26111111111112,720,BD,23.3819,92.2938,435.0,0.435
bd_sajek,7,24.068145161290325,18.151612903225807,2.395725806451613,90.5497311827957,954.6829301075269,93.86290322580645,142.59005376344086,744,BD,23.3819,92.2938,435.0,0.435
bd_sajek,8,24.725403225806453,11.425806451612903,1.9419892473118279,88.54166666666667,955.3865591397849,90.61693548387096,173.14112903225808,744,BD,23.3819,92.2938,435.0,0.435
bd_sylhet,1,18.423655913978497,0.0,0.8846908602150538,70.93951612903226,1013.5283602150537,9.60752688172043,185.61290322580646,744,BD,24.8949,91.8687,20.0,0.02
bd_sylhet,2,20.741964285714285,0.0071428571428571435,0.963735119047619,63.830357142857146,1011.0043154761905,18.366071428571427,218.09970238095238,672,BD,24.8949,91.8687,20.0,0.02
bd_sylhet,3,23.026344086021503,14.193548387096776,1.1976209677419354,76.82930107526882,1008.7880376344086,49.486559139784944,186.56451612903226,744,BD,24.8949,91.8687,20.0,0.02
bd_sylhet,4,24.467499999999998,21.603333333333335,1.2141944444444446,86.32083333333334,1006.1118055555555,61.88472222222222,174.60416666666666,720,BD,24.8949,91.8687,20.0,0.02
bd_sylhet,5,25.728494623655912,19.074193548387093,1.1723790322580645,85.77956989247312,1004.6966397849463,65.54704301075269,181.65322580645162,744,BD,24.8949,91.8687,20.0,0.02
bd_sylhet,6,27.08722222222222,30.38666666666667,1.0144722222222222,89.45694444444445,1001.93,86.6875,146.06944444444446,720,BD,24.8949,91.8687,20.0,0.02
bd_sylhet,7,27.48333333333333,34.49354838709677,1.451263440860215,88.09811827956989,1000.209811827957,93.22177419354838,139.92069892473117,744,BD,24.8949,91.8687,20.0,0.02
bd_sylhet,8,27.981182795698924,20.58709677419355,1.2114650537634408,87.08333333333333,1001.0194892473119,91.06586021505376,155.747311827957,744,BD,24.8949,91.8687,20.0,0.02
bt_chele_la,1,-1.3809139784946238,0.9193548387096775,1.1420161290322581,69.78494623655914,644.6319892473118,33.93682795698925,178.32258064516128,744,BT,27.3697,89.3461,3807.0,3.807
bt_chele_la,2,-0.7242559523809524,2.6535714285714285,1.1261755952380952,72.57738095238095,645.0540178571429,49.89434523809524,203.48958333333334,672,BT,27.3697,89.3461,3807.0,3.807
bt_chele_la,3,0.9349462365591398,6.719354838709677,1.1336155913978494,86.45967741935483,645.706182795699,72.37903225806451,208.14247311827958,744,BT,27.3697,89.3461,3807.0,3.807
bt_chele_la,4,3.331666666666667,7.043333333333334,1.2030555555555555,83.92361111111111,647.3420833333333,75.26527777777778,225.32638888888889,720,BT,27.3697,89.3461,3807.0,3.807
bt_chele_la,5,5.2837365591397845,7.509677419354839,1.1965860215053763,85.53763440860214,649.4948924731183,79.92204301075269,232.61827956989248,744,BT,27.3697,89.3461,3807.0,3.807
bt_chele_la,6,8.833472222222223,14.650000000000002,1.123861111111111,86.85694444444445,651.6566666666666,85.37222222222222,206.94583333333333,720,BT,27.3697,89.3461,3807.0,3.807
bt_chele_la,7,9.928897849462366,11.912903225806453,1.0815322580645161,89.3225806451613,652.2043010752689,93.25268817204301,183.53763440860214,744,BT,27.3697,89.3461,3807.0,3.807
bt_chele_la,8,9.803360215053763,8.954838709677421,1.0438575268817205,88.78494623655914,652.9990591397849,92.00940860215054,180.0188172043011,744,BT,27.3697,89.3461,3807.0,3.807
bt_paro,1,8.476478494623656,0.15483870967741936,0.8759811827956989,74.45161290322581,778.674193548387,32.166666666666664,160.0188172043011,744,BT,27.4287,89.4164,2269.0,2.269
bt_paro,2,9.239880952380952,0.7571428571428571,0.9014583333333333,75.99553571428571,778.4263392857143,46.01934523809524,184.3125,672,BT,27.4287,89.4164,2269.0,2.269
bt_paro,3,10.484274193548387,4.735483870967743,0.8781854838709677,87.02822580645162,777.824193548387,71.06586021505376,169.20564516129033,744,BT,27.4287,89.4164,2269.0,2.269
bt_paro,4,12.914722222222222,5.010000000000001,0.9341666666666667,84.60555555555555,777.9491666666667,72.15416666666667,189.45,720,BT,27.4287,89.4164,2269.0,2.269
bt_paro,5,14.844220430107528,6.980645161290323,0.8719623655913978,85.3024193548387,779.0256720430107,68.90860215053763,210.1465053763441,744,BT,27.4287,89.4164,2269.0,2.269
bt_paro,6,17.956666666666667,19.386666666666667,0.8585833333333333,86.52222222222223,779.2633333333333,79.89027777777778,180.89444444444445,720,BT,27.4287,89.4164,2269.0,2.269
bt_paro,7,19.000806451612902,17.325806451612905,0.7853225806451613,89.89112903225806,779.1739247311829,91.24193548387096,165.06317204301075,744,BT,27.4287,89.4164,2269.0,2.269
bt_paro,8,18.851747311827957,12.53225806451613,0.7661559139784946,89.59408602150538,780.0850806451614,91.875,167.60752688172042,744,BT,27.4287,89.4164,2269.0,2.269
bt_phuentsholing,1,16.47405913978495,0.0064516129032258064,0.9732930107526881,64.39650537634408,979.0693548387096,14.086021505376344,158.98387096774192,744,BT,26.8516,89.3884,323.0,0.323
bt_phuentsholing,2,19.585565476190474,0.14285714285714285,0.9804166666666667,56.20238095238095,976.8943452380952,18.730654761904763,186.91666666666666,672,BT,26.8516,89.3884,323.0,0.323
bt_phuentsholing,3,20.76532258064516,4.406451612903226,0.9867876344086021,70.89516129032258,974.6130376344086,51.111559139784944,159.56451612903226,744,BT,26.8516,89.3884,323.0,0.323
bt_phuentsholing,4,22.814305555555556,5.8566666666666665,1.084513888888889,74.94027777777778,972.0872222222223,52.42777777777778,176.2125,720,BT,26.8516,89.3884,323.0,0.323
bt_phuentsholing,5,23.88427419354839,6.7451612903225815,0.9400403225806452,81.50537634408602,971.2793010752689,59.498655913978496,188.00672043010752,744,BT,26.8516,89.3884,323.0,0.323
bt_phuentsholing,6,25.367361111111112,22.84333333333333,0.7940972222222222,87.08194444444445,968.6243055555556,72.65277777777777,156.64305555555555,720,BT,26.8516,89.3884,323.0,0.323
bt_phuentsholing,7,25.959811827956987,29.625806451612902,0.9878494623655915,89.0,967.1638440860215,90.40456989247312,152.15591397849462,744,BT,26.8516,89.3884,323.0,0.323
bt_phuentsholing,8,26.395833333333332,15.399999999999999,0.909516129032258,86.88575268817205,968.3065860215054,88.43145161290323,164.1008064516129,744,BT,26.8516,89.3884,323.0,0.323
bt_punakha,1,11.822849462365593,2.1806451612903226,0.9725940860215054,74.86155913978494,874.3279569892474,61.748655913978496,142.94758064516128,744,BT,27.591,89.8774,1289.0,1.289
bt_punakha,2,12.729613095238093,4.335714285714285,0.9452827380952381,76.11160714285714,874.0556547619047,66.58184523809524,166.65178571428572,672,BT,27.591,89.8774,1289.0,1.289
bt_punakha,3,14.654704301075268,8.641935483870967,0.891008064516129,83.49462365591398,873.1237903225806,80.9260752688172,153.3481182795699,744,BT,27.591,89.8774,1289.0,1.289
bt_punakha,4,17.325972222222223,7.476666666666667,0.885888888888889,83.51944444444445,872.4573611111111,83.16805555555555,179.09166666666667,720,BT,27.591,89.8774,1289.0,1.289
bt_punakha,5,19.218548387096774,7.909677419354837,0.8872983870967741,83.61827956989248,873.0325268817204,77.99462365591398,206.19489247311827,744,BT,27.591,89.8774,1289.0,1.289
bt_punakha,6,21.81597222222222,13.463333333333333,0.8598333333333333,85.54583333333333,871.8130555555556,85.27777777777777,180.0625,720,BT,27.591,89.8774,1289.0,1.289
bt_punakha,7,22.607258064516127,12.932258064516128,0.7397311827956989,88.76344086021506,871.5126344086021,92.50672043010752,167.40725806451613,744,BT,27.591,89.8774,1289.0,1.289
bt_punakha,8,22.54516129032258,12.848387096774195,0.7704435483870968,88.13575268817205,872.5954301075269,93.5524193548387,164.42607526881721,744,BT,27.591,89.8774,1289.0,1.289
bt_thimphu,1,5.7375,1.2225806451612904,1.0463709677419355,73.19489247311827,772.3266129032259,37.46639784946237,159.19623655913978,744,BT,27.4728,89.6393,2316.0,2.316
bt_thimphu,2,6.544494047619047,2.9642857142857144,0.9584970238095238,78.51190476190476,772.4096726190476,56.339285714285715,184.1577380952381,672,BT,27.4728,89.6393,2316.0,2.316
bt_thimphu,3,9.403091397849462,5.825806451612904,0.8989516129032259,84.96774193548387,772.9423387096774,74.95833333333333,173.2002688172043,744,BT,27.4728,89.6393,2316.0,2.316
bt_thimphu,4,11.977222222222222,6.666666666666667,0.9397361111111111,83.78611111111111,773.2527777777777,74.49861111111112,196.3125,720,BT,27.4728,89.6393,2316.0,2.316
bt_thimphu,5,13.946505376344087,7.938709677419354,0.914529569892473,85.27688172043011,774.5717741935484,71.77956989247312,217.7284946236559,744,BT,27.4728,89.6393,2316.0,2.316
bt_thimphu,6,17.28875,11.593333333333334,0.86325,86.70694444444445,774.8716666666667,77.50138888888888,190.42222222222222,720,BT,27.4728,89.6393,2316.0,2.316
bt_thimphu,7,18.446908602150536,9.441935483870967,0.7966397849462367,87.47311827956989,775.1646505376344,90.66263440860214,173.90456989247312,744,BT,27.4728,89.6393,2316.0,2.316
bt_thimphu,8,18.330913978494625,7.661290322580645,0.7994354838709677,87.57930107526882,776.0701612903225,90.86424731182795,170.2701612903226,744,BT,27.4728,89.6393,2316.0,2.316
id_berastagi,1,18.38965053763441,6.425806451612902,1.1324596774193547,87.99193548387096,862.7866935483871,87.0013440860215,208.2016129032258,744,ID,3.1947,98.5089,1401.0,1.401
id_berastagi,2,18.551934523809525,6.121428571428571,1.1494791666666668,88.5,861.8662202380953,80.81696428571429,204.20684523809524,672,ID,3.1947,98.5089,1401.0,1.401
id_berastagi,3,19.01317204301075,5.316129032258065,1.1791397849462366,86.96505376344086,861.7798387096774,84.36693548387096,225.66532258064515,744,ID,3.1947,98.5089,1401.0,1.401
id_berastagi,4,19.280833333333334,9.3,1.1167222222222222,90.26388888888889,861.5870833333332,89.76666666666667,202.8347222222222,720,ID,3.1947,98.5089,1401.0,1.401
id_berastagi,5,19.85322580645161,8.899999999999999,1.0310483870967742,88.98655913978494,861.8591397849461,88.31317204301075,205.7513440860215,744,ID,3.1947,98.5089,1401.0,1.401
id_berastagi,6,19.31277777777778,11.47,1.0577222222222222,90.725,862.7840277777777,93.59861111111111,185.5375,720,ID,3.1947,98.5089,1401.0,1.401
id_berastagi,7,19.385080645161292,8.01290322580645,1.0278091397849463,88.53360215053763,862.4076612903226,83.70564516129032,207.04435483870967,744,ID,3.1947,98.5089,1401.0,1.401
id_berastagi,8,19.579032258064515,5.529032258064516,1.191989247311828,86.74462365591398,862.8926075268816,85.83064516129032,225.81451612903226,744,ID,3.1947,98.5089,1401.0,1.401
id_medan,1,24.961290322580645,5.503225806451613,1.5964650537634408,86.61021505376344,1008.8600806451614,84.25940860215054,212.79569892473117,744,ID,3.5952,98.6722,26.0,0.026
id_medan,2,25.638839285714283,4.942857142857143,1.390907738095238,85.80357142857143,1007.5230654761905,75.56547619047619,219.11309523809524,672,ID,3.5952,98.6722,26.0,0.026
id_medan,3,26.089919354838713,3.8,1.444193548387097,84.99596774193549,1007.0987903225806,79.10752688172043,238.63440860215053,744,ID,3.5952,98.6722,26.0,0.026
id_medan,4,26.348194444444445,6.196666666666667,1.208236111111111,87.45694444444445,1006.6229166666667,84.49861111111112,220.57222222222222,720,ID,3.5952,98.6722,26.0,0.026
id_medan,5,26.78266129032258,6.887096774193549,1.1043548387096773,87.6774193548387,1006.6504032258065,87.35887096774194,218.73521505376345,744,ID,3.5952,98.6722,26.0,0.026
id_medan,6,26.23972222222222,9.433333333333334,1.1719583333333332,89.06944444444444,1008.0659722222222,91.6138888888889,199.74027777777778,720,ID,3.5952,98.6722,26.0,0.026
id_medan,7,26.40739247311828,5.032258064516129,1.2168951612903225,86.92876344086021,1007.6013440860215,81.47043010752688,217.38978494623655,744,ID,3.5952,98.6722,26.0,0.026
id_medan,8,26.67782258064516,5.5677419354838715,1.179502688172043,86.16397849462365,1008.0141129032259,85.04569892473118,238.002688172043,744,ID,3.5952,98.6722,26.0,0.026
in_anamudi,1,10.644623655913978,0.7419354838709677,1.6763172043010754,73.07930107526882,746.5684139784946,46.64247311827957,221.78494623655914,744,IN,10.169,77.0606,2638.0,2.638
in_anamudi,2,11.640476190476189,2.825,1.315282738095238,70.29613095238095,746.31875,54.55059523809524,241.45684523809524,672,IN,10.169,77.0606,2638.0,2.638
in_anamudi,3,13.08521505376344,1.5193548387096776,1.069986559139785,64.64112903225806,746.6752688172044,36.43413978494624,270.1209677419355,744,IN,10.169,77.0606,2638.0,2.638
in_anamudi,4,14.625555555555556,5.026666666666667,0.982625,71.81527777777778,747.3256944444445,63.88055555555555,265.01944444444445,720,IN,10.169,77.0606,2638.0,2.638
in_anamudi,5,13.630510752688172,10.9,1.3436827956989248,87.8736559139785,746.0908602150537,94.53763440860214,190.9018817204301,744,IN,10.169,77.0606,2638.0,2.638
in_anamudi,6,12.535694444444445,11.0,1.9111111111111112,91.43611111111112,746.3748611111112,96.63888888888889,160.87083333333334,720,IN,10.169,77.0606,2638.0,2.638
in_anamudi,7,12.430510752688171,11.770967741935483,2.173736559139785,89.40053763440861,746.2112903225806,96.59811827956989,191.46370967741936,744,IN,10.169,77.0606,2638.0,2.638
in_anamudi,8,11.90739247311828,20.48064516129032,1.9197177419354838,92.18951612903226,746.5059139784946,96.30376344086021,168.19354838709677,744,IN,10.169,77.0606,2638.0,2.638
in_bengaluru,1,19.6880376344086,0.39354838709677414,2.9276209677419356,65.3508064516129,914.7370967741936,37.22043010752688,216.1290322580645,744,IN,12.9716,77.5946,910.0,0.91
in_bengaluru,2,21.96964285714286,0.010714285714285714,2.7632291666666666,52.08779761904762,913.5550595238095,26.163690476190474,265.5892857142857,672,IN,12.9716,77.5946,910.0,0.91
in_bengaluru,3,24.94771505376344,0.3290322580645161,2.2740860215053766,49.708333333333336,912.615188172043,17.002688172043012,283.8252688172043,744,IN,12.9716,77.5946,910.0,0.91
in_bengaluru,4,27.85986111111111,0.3733333333333333,2.1843333333333335,45.09722222222222,911.9190277777777,28.575,293.65555555555557,720,IN,12.9716,77.5946,910.0,0.91
in_bengaluru,5,26.34018817204301,2.3838709677419354,2.708064516129032,65.48252688172043,910.6244623655914,66.95833333333333,254.75672043010752,744,IN,12.9716,77.5946,910.0,0.91
in_bengaluru,6,23.516388888888887,3.753333333333333,3.704847222222222,79.0,910.8311111111111,85.47777777777777,203.70833333333334,720,IN,12.9716,77.5946,910.0,0.91
in_bengaluru,7,23.27271505376344,2.2290322580645165,4.944502688172043,76.24193548387096,910.2364247311829,93.26612903225806,192.1720430107527,744,IN,12.9716,77.5946,910.0,0.91
in_bengaluru,8,23.06048387096774,2.870967741935484,4.3503091397849465,77.58467741935483,911.2987903225807,91.03629032258064,183.88306451612902,744,IN,12.9716,77.5946,910.0,0.91
in_chennai,1,23.887096774193548,2.574193548387097,3.962352150537634,75.6760752688172,1013.6037634408601,51.653225806451616,177.68010752688173,744,IN,13.0827,80.2707,12.0,0.012
in_chennai,2,24.92723214285714,0.03214285714285714,3.3229464285714285,73.20386904761905,1011.738988095238,38.825892857142854,244.73214285714286,672,IN,13.0827,80.2707,12.0,0.012
in_chennai,3,27.184543010752687,0.14516129032258063,3.105954301075269,74.6008064516129,1009.396370967742,18.091397849462364,273.93279569892474,744,IN,13.0827,80.2707,12.0,0.012
in_chennai,4,30.049444444444443,0.03666666666666667,4.41625,72.80416666666666,1007.06,37.12638888888889,285.3152777777778,720,IN,13.0827,80.2707,12.0,0.012
in_chennai,5,31.163306451612904,0.8774193548387097,3.8319489247311824,68.76209677419355,1004.4548387096775,53.67741935483871,255.24462365591398,744,IN,13.0827,80.2707,12.0,0.012
in_chennai,6,31.51138888888889,1.6600000000000001,4.162819444444445,62.919444444444444,1004.5308333333332,75.5875,246.075,720,IN,13.0827,80.2707,12.0,0.012
in_chennai,7,31.143817204301076,1.0419354838709678,4.269879032258064,61.126344086021504,1004.0048387096774,90.77553763440861,213.7768817204301,744,IN,13.0827,80.2707,12.0,0.012
in_chennai,8,30.486962365591395,1.8741935483870968,3.8184543010752687,66.43951612903226,1005.2431451612904,85.02956989247312,231.6008064516129,744,IN,13.0827,80.2707,12.0,0.012
in_coimbatore,1,22.576478494623657,0.6419354838709678,2.290994623655914,64.39381720430107,965.8264784946236,43.26747311827957,221.8991935483871,744,IN,11.0168,76.9558,431.0,0.431
in_coimbatore,2,24.554315476190474,0.39642857142857146,2.139776785714286,58.40625,964.2394345238096,39.279761904761905,254.25892857142858,672,IN,11.0168,76.9558,431.0,0.431
in_coimbatore,3,27.325537634408605,0.12903225806451613,1.7260483870967742,53.060483870967744,962.8184139784946,17.77956989247312,282.02016129032256,744,IN,11.0168,76.9558,431.0,0.431
in_coimbatore,4,29.249166666666667,0.42666666666666664,2.117763888888889,56.34027777777778,961.6276388888889,37.47638888888889,282.12083333333334,720,IN,11.0168,76.9558,431.0,0.431
in_coimbatore,5,27.033870967741937,2.1548387096774193,3.2615994623655915,73.34005376344086,960.4778225806451,76.54838709677419,230.2983870967742,744,IN,11.0168,76.9558,431.0,0.431
in_coimbatore,6,24.99833333333333,3.23,4.128430555555555,80.63888888888889,961.4181944444445,88.17777777777778,191.73472222222222,720,IN,11.0168,76.9558,431.0,0.431
in_coimbatore,7,25.040188172043013,1.2774193548387098,4.580537634408603,78.09274193548387,960.9932795698925,91.79301075268818,206.31451612903226,744,IN,11.0168,76.9558,431.0,0.431
in_coimbatore,8,24.651478494623657,2.3419354838709676,4.189099462365592,79.47446236559139,961.9774193548386,85.51344086021506,201.45564516129033,744,IN,11.0168,76.9558,431.0,0.431
in_darjeeling,1,6.596102150537634,1.561290322580645,0.9415456989247312,73.26612903225806,792.590188172043,38.38709677419355,145.81048387096774,744,IN,27.041,88.2663,2100.0,2.1
in_darjeeling,2,8.60892857142857,3.564285714285714,0.9186904761904762,69.05208333333333,792.702380952381,48.532738095238095,164.04910714285714,672,IN,27.041,88.2663,2100.0,2.1
in_darjeeling,3,10.635215053763442,14.05483870967742,0.9408198924731184,81.56182795698925,792.2939516129031,70.25537634408602,159.93951612903226,744,IN,27.041,88.2663,2100.0,2.1
in_darjeeling,4,12.799027777777777,14.3,0.9818888888888889,84.36666666666666,791.9238888888888,70.94027777777778,188.49166666666667,720,IN,27.041,88.2663,2100.0,2.1
in_darjeeling,5,14.661290322580646,18.125806451612902,0.8614112903225807,86.23252688172043,792.6716397849461,79.15725806451613,198.2741935483871,744,IN,27.041,88.2663,2100.0,2.1
in_darjeeling,6,17.14375,30.71333333333333,0.8756527777777778,91.56805555555556,792.1698611111112,87.79166666666667,189.4611111111111,720,IN,27.041,88.2663,2100.0,2.1
in_darjeeling,7,17.537768817204302,18.01290322580645,0.7431720430107527,90.84677419354838,791.5204301075269,92.18145161290323,153.3266129032258,744,IN,27.041,88.2663,2100.0,2.1
in_darjeeling,8,17.77258064516129,17.912903225806453,0.739233870967742,90.11424731182795,792.684811827957,90.93682795698925,161.21102150537635,744,IN,27.041,88.2663,2100.0,2.1
in_doddabetta,1,11.163844086021506,0.732258064516129,1.5573655913978495,75.04301075268818,751.1404569892474,44.51075268817204,224.1733870967742,744,IN,11.4016,76.7358,2592.0,2.592
in_doddabetta,2,12.309077380952383,0.48571428571428577,1.4285565476190476,67.91517857142857,750.7264880952381,39.663690476190474,259.21875,672,IN,11.4016,76.7358,2592.0,2.592
in_doddabetta,3,13.665994623655914,0.4935483870967742,1.5613844086021507,60.10349462365591,750.690188172043,19.317204301075268,284.241935483871,744,IN,11.4016,76.7358,2592.0,2.592
in_doddabetta,4,15.7875,0.96,1.568125,60.65555555555556,751.302361111111,37.87222222222222,286.9291666666667,720,IN,11.4016,76.7358,2592.0,2.592
in_doddabetta,5,15.313440860215055,4.012903225806451,1.4832123655913978,79.11155913978494,750.2900537634409,79.27956989247312,234.86693548387098,744,IN,11.4016,76.7358,2592.0,2.592
in_doddabetta,6,14.087083333333334,7.256666666666666,2.064861111111111,85.975,750.1879166666668,87.99166666666666,186.80833333333334,720,IN,11.4016,76.7358,2592.0,2.592
in_doddabetta,7,14.15241935483871,2.993548387096774,2.7054435483870964,81.90456989247312,749.8650537634409,91.78897849462365,203.2970430107527,744,IN,11.4016,76.7358,2592.0,2.592
in_doddabetta,8,13.72258064516129,3.9419354838709677,2.583763440860215,84.30779569892474,750.4254032258065,86.34543010752688,198.74193548387098,744,IN,11.4016,76.7358,2592.0,2.592
in_gangtok,1,10.209005376344086,3.1483870967741936,0.8052688172043011,79.31720430107526,853.5756720430109,48.89381720430107,134.81586021505376,744,IN,27.3389,88.6065,1487.0,1.487
in_gangtok,2,11.907589285714286,4.1535714285714285,0.7918005952380953,75.96428571428571,852.9473214285714,51.066964285714285,154.94791666666666,672,IN,27.3389,88.6065,1487.0,1.487
in_gangtok,3,13.300940860215054,12.432258064516127,0.8281720430107526,85.7486559139785,851.6786290322581,69.97849462365592,152.33198924731184,744,IN,27.3389,88.6065,1487.0,1.487
in_gangtok,4,15.491111111111111,11.106666666666667,0.8436944444444445,85.62916666666666,850.6531944444445,75.20833333333333,177.67083333333332,720,IN,27.3389,88.6065,1487.0,1.487
in_gangtok,5,17.181317204301074,10.20967741935484,0.8008333333333334,86.09677419354838,850.8130376344086,71.78897849462365,191.73790322580646,744,IN,27.3389,88.6065,1487.0,1.487
in_gangtok,6,19.596805555555555,24.296666666666667,0.7855833333333333,90.13055555555556,849.5513888888889,82.35416666666667,179.31527777777777,720,IN,27.3389,88.6065,1487.0,1.487
in_gangtok,7,19.983467741935485,28.17741935483871,0.7643010752688172,94.84811827956989,848.6081989247311,93.53629032258064,149.19489247311827,744,IN,27.3389,88.6065,1487.0,1.487
in_gangtok,8,20.09516129032258,30.26129032258065,0.7483198924731183,93.57795698924731,849.7275537634409,91.81182795698925,157.83602150537635,744,IN,27.3389,88.6065,1487.0,1.487
in_kanyakumari,1,25.75994623655914,0.14193548387096777,3.4314381720430105,67.00403225806451,1009.1990591397849,38.93279569892473,238.76478494623655,744,IN,8.0883,77.5385,33.0,0.033
in_kanyakumari,2,26.516964285714288,1.4785714285714284,3.138839285714286,68.6889880952381,1007.7252976190476,54.285714285714285,250.63392857142858,672,IN,8.0883,77.5385,33.0,0.033
in_kanyakumari,3,27.516129032258064,0.5483870967741935,1.9622446236559141,72.55645161290323,1006.654435483871,21.526881720430108,283.7069892473118,744,IN,8.0883,77.5385,33.0,0.033
in_kanyakumari,4,29.066666666666666,1.13,2.310416666666667,73.08194444444445,1005.3981944444444,48.920833333333334,283.1138888888889,720,IN,8.0883,77.5385,33.0,0.033
in_kanyakumari,5,27.518010752688173,3.732258064516129,3.7687634408602153,82.50940860215054,1004.5361559139785,75.9260752688172,224.08870967741936,744,IN,8.0883,77.5385,33.0,0.033
in_kanyakumari,6,26.606805555555557,2.4433333333333334,5.011180555555556,83.86111111111111,1006.0063888888889,84.51944444444445,233.1027777777778,720,IN,8.0883,77.5385,33.0,0.033
in_kanyakumari,7,26.72983870967742,0.9193548387096775,5.356532258064516,82.06989247311827,1005.4877688172044,74.25940860215054,259.872311827957,744,IN,8.0883,77.5385,33.0,0.033
in_kanyakumari,8,26.00927419354839,1.064516129032258,5.168938172043011,83.34543010752688,1006.5065860215054,83.49327956989248,226.94623655913978,744,IN,8.0883,77.5385,33.0,0.033
in_kochi,1,26.157526881720432,0.7870967741935483,1.2979032258064516,75.20967741935483,1011.7637096774193,37.39381720430107,226.86155913978496,744,IN,9.9312,76.2673,6.0,0.006
in_kochi,2,27.011160714285715,0.5178571428571428,1.266830357142857,75.16815476190476,1010.2760416666666,44.611607142857146,244.45833333333334,672,IN,9.9312,76.2673,6.0,0.006
in_kochi,3,28.017741935483873,0.732258064516129,1.2851209677419355,76.46774193548387,1009.3174731182795,24.211021505376344,262.2043010752688,744,IN,9.9312,76.2673,6.0,0.006
in_kochi,4,28.99375,1.7400000000000002,1.3817083333333333,77.48611111111111,1008.2669444444443,45.19444444444444,255.45416666666668,720,IN,9.9312,76.2673,6.0,0.006
in_kochi,5,27.21532258064516,13.112903225806452,1.3488978494623656,86.52822580645162,1007.816935483871,89.99596774193549,167.55376344086022,744,IN,9.9312,76.2673,6.0,0.006
in_kochi,6,26.25,14.209999999999999,1.3669861111111112,89.05416666666666,1009.66875,93.89027777777778,147.13333333333333,720,IN,9.9312,76.2673,6.0,0.006
in_kochi,7,26.27405913978495,10.461290322580645,1.5467473118279569,87.80645161290323,1009.5591397849462,93.3991935483871,178.03091397849462,744,IN,9.9312,76.2673,6.0,0.006
in_kochi,8,25.614247311827956,13.193548387096772,1.5585080645161289,89.15456989247312,1010.652688172043,89.48387096774194,154.15994623655914,744,IN,9.9312,76.2673,6.0,0.006
in_kodaikanal,1,13.915994623655914,1.8129032258064517,1.3539516129032259,74.8508064516129,797.8254032258064,54.24731182795699,215.31182795698925,744,IN,10.2381,77.4892,2085.0,2.085
in_kodaikanal,2,15.022767857142856,2.182142857142857,1.3403125,70.18303571428571,797.2113095238095,57.802083333333336,242.16369047619048,672,IN,10.2381,77.4892,2085.0,2.085
in_kodaikanal,3,16.156720430107526,1.564516129032258,1.287943548387097,61.63306451612903,796.6551075268818,26.197580645161292,281.53494623655916,744,IN,10.2381,77.4892,2085.0,2.085
in_kodaikanal,4,18.022916666666667,2.5599999999999996,1.2550555555555556,64.14722222222223,796.7833333333333,48.640277777777776,281.98055555555555,720,IN,10.2381,77.4892,2085.0,2.085
in_kodaikanal,5,17.621639784946236,8.8,1.225456989247312,79.24059139784946,795.5188172043011,83.96370967741936,226.81989247311827,744,IN,10.2381,77.4892,2085.0,2.085
in_kodaikanal,6,17.08972222222222,8.306666666666667,1.4145416666666668,81.53333333333333,795.8994444444444,87.65138888888889,199.94027777777777,720,IN,10.2381,77.4892,2085.0,2.085
in_kodaikanal,7,17.1880376344086,3.661290322580645,1.6790860215053764,77.4260752688172,795.5051075268818,89.26209677419355,225.09274193548387,744,IN,10.2381,77.4892,2085.0,2.085
in_kodaikanal,8,16.49475806451613,7.816129032258065,1.6478897849462366,82.32795698924731,795.9260752688172,86.9260752688172,203.31451612903226,744,IN,10.2381,77.4892,2085.0,2.085
in_lachen,1,3.1581989247311824,12.822580645161292,0.9808198924731183,83.19623655913979,748.6770161290322,70.36693548387096,118.61962365591398,744,IN,27.7287,88.5565,2567.0,2.567
in_lachen,2,3.6708333333333334,14.521428571428572,0.9219345238095238,86.48511904761905,748.4254464285715,72.52827380952381,135.94940476190476,672,IN,27.7287,88.5565,2567.0,2.567
in_lachen,3,5.379435483870968,20.303225806451614,0.8763440860215054,92.9260752688172,748.291129032258,82.47446236559139,158.07123655913978,744,IN,27.7287,88.5565,2567.0,2.567
in_lachen,4,7.085277777777777,20.783333333333335,0.8843472222222223,91.9,748.3709722222222,86.33194444444445,179.625,720,IN,27.7287,88.5565,2567.0,2.567
in_lachen,5,9.671908602150538,15.848387096774195,0.8279301075268818,90.60618279569893,750.136693548387,82.15725806451613,183.34677419354838,744,IN,27.7287,88.5565,2567.0,2.567
in_lachen,6,13.341666666666667,27.213333333333335,0.8327361111111112,92.5125,751.0808333333333,89.4,173.73333333333332,720,IN,27.7287,88.5565,2567.0,2.567
in_lachen,7,15.010483870967741,34.31290322580645,0.7671236559139785,94.97849462365592,751.3384408602151,94.66935483870968,158.56586021505376,744,IN,27.7287,88.5565,2567.0,2.567
in_lachen,8,14.839516129032258,35.91935483870968,0.7474865591397849,94.23924731182795,752.2549731182795,94.08602150537635,157.01344086021504,744,IN,27.7287,88.5565,2567.0,2.567
in_madurai,1,24.300806451612903,0.9096774193548387,2.5581048387096774,66.94220430107526,998.0440860215054,47.108870967741936,205.20833333333334,744,IN,9.9252,78.1198,141.0,0.141
in_madurai,2,26.361607142857142,0.6785714285714286,2.2108184523809524,61.40327380952381,996.3154761904761,51.15029761904762,236.77380952380952,672,IN,9.9252,78.1198,141.0,0.141
in_madurai,3,28.861155913978497,0.4129032258064516,1.559489247311828,56.876344086021504,994.6168010752689,16.236559139784948,280.1989247311828,744,IN,9.9252,78.1198,141.0,0.141
in_madurai,4,31.449027777777776,0.1,1.5472222222222223,55.48888888888889,992.9529166666666,41.77777777777778,286.2347222222222,720,IN,9.9252,78.1198,141.0,0.141
in_madurai,5,30.258064516129032,2.3806451612903223,1.4757661290322581,64.03091397849462,991.353629032258,74.61424731182795,237.2755376344086,744,IN,9.9252,78.1198,141.0,0.141
in_madurai,6,30.914444444444445,1.1333333333333333,2.089541666666667,55.768055555555556,992.2433333333332,79.30972222222222,227.97916666666666,720,IN,9.9252,78.1198,141.0,0.141
in_madurai,7,31.556317204301077,0.3935483870967742,1.950255376344086,49.880376344086024,991.6622311827956,84.50806451612904,234.24193548387098,744,IN,9.9252,78.1198,141.0,0.141
in_madurai,8,30.192741935483873,1.6161290322580646,1.7112500000000002,56.32392473118279,992.7462365591397,84.64381720430107,214.79032258064515,744,IN,9.9252,78.1198,141.0,0.141
in_munnar,1,18.278360215053763,1.3709677419354838,1.469475806451613,73.20295698924731,857.480376344086,45.40456989247312,221.3521505376344,744,IN,10.0889,77.0595,1461.0,1.461
in_munnar,2,19.306994047619046,2.4035714285714285,1.2342857142857142,70.49404761904762,856.7802083333333,49.40922619047619,240.05059523809524,672,IN,10.0889,77.0595,1461.0,1.461
in_munnar,3,20.801612903225806,0.6193548387096774,1.0793951612903228,65.39784946236558,856.5608870967743,22.743279569892472,269.6236559139785,744,IN,10.0889,77.0595,1461.0,1.461
in_munnar,4,22.499583333333334,1.82,0.906888888888889,69.70138888888889,856.59,50.519444444444446,263.9472222222222,720,IN,10.0889,77.0595,1461.0,1.461
in_munnar,5,21.12284946236559,8.916129032258063,1.0897311827956988,87.86424731182795,855.5983870967741,92.56586021505376,185.7029569892473,744,IN,10.0889,77.0595,1461.0,1.461
in_munnar,6,19.947222222222223,10.303333333333335,1.7305972222222221,91.25,856.4386111111112,94.02916666666667,162.1263888888889,720,IN,10.0889,77.0595,1461.0,1.461
in_munnar,7,19.88010752688172,8.596774193548388,2.2623790322580644,89.45161290322581,856.259005376344,93.71908602150538,195.51344086021504,744,IN,10.0889,77.0595,1461.0,1.461
in_munnar,8,19.31263440860215,13.438709677419354,2.1013306451612905,92.18279569892474,856.790188172043,93.3010752688172,165.65591397849462,744,IN,10.0889,77.0595,1461.0,1.461
in_mysuru,1,21.993279569892472,0.06774193548387097,2.7883870967741933,58.96639784946237,931.6518817204301,34.01478494623656,223.08198924731184,744,IN,12.2958,76.6394,748.0,0.748
in_mysuru,2,23.87514880952381,0.02142857142857143,2.5235714285714286,52.010416666666664,930.2483630952381,30.875,262.4002976190476,672,IN,12.2958,76.6394,748.0,0.748
in_mysuru,3,26.22822580645161,0.2096774193548387,2.1038306451612905,54.736559139784944,929.2470430107528,25.43548387096774,281.02284946236557,744,IN,12.2958,76.6394,748.0,0.748
in_mysuru,4,28.070138888888888,0.30333333333333334,2.3990555555555555,59.00138888888889,928.4541666666667,36.475,285.3,720,IN,12.2958,76.6394,748.0,0.748
in_mysuru,5,26.605510752688172,1.7677419354838708,3.0124327956989245,70.18682795698925,927.3537634408601,73.06854838709677,244.90591397849462,744,IN,12.2958,76.6394,748.0,0.748
in_mysuru,6,23.884583333333335,4.3100000000000005,3.935236111111111,81.19305555555556,928.0116666666667,88.08333333333333,185.29583333333332,720,IN,12.2958,76.6394,748.0,0.748
in_mysuru,7,23.60645161290323,3.2225806451612904,4.962715053763441,79.97311827956989,927.561559139785,93.43413978494624,190.3279569892473,744,IN,12.2958,76.6394,748.0,0.748
in_mysuru,8,23.51465053763441,3.7935483870967746,4.387862903225806,79.74327956989248,928.6416666666667,89.96370967741936,185.19220430107526,744,IN,12.2958,76.6394,748.0,0.748
in_nathu_la,1,-3.7051075268817204,2.087096774193548,1.1793548387096775,58.145161290322584,607.0034946236559,43.744623655913976,137.04166666666666,744,IN,27.3868,88.8308,4298.0,4.298
in_nathu_la,2,-3.370833333333333,3.5392857142857146,1.1586160714285714,63.26934523809524,606.878125,51.305059523809526,155.94345238095238,672,IN,27.3868,88.8308,4298.0,4.298
in_nathu_la,3,-1.166532258064516,8.793548387096775,1.0877016129032258,84.20295698924731,608.152688172043,71.85215053763442,176.8494623655914,744,IN,27.3868,88.8308,4298.0,4.298
in_nathu_la,4,0.9475,8.456666666666665,1.1600833333333334,81.68333333333334,609.6268055555555,73.87083333333334,192.2125,720,IN,27.3868,88.8308,4298.0,4.298
in_nathu_la,5,2.8260752688172044,7.8032258064516125,1.1019354838709678,83.98655913978494,611.5313172043011,72.36827956989248,197.25672043010752,744,IN,27.3868,88.8308,4298.0,4.298
in_nathu_la,6,6.518888888888889,17.16,1.0735277777777779,88.51388888888889,614.1647222222222,79.41944444444445,184.87916666666666,720,IN,27.3868,88.8308,4298.0,4.298
in_nathu_la,7,7.56008064516129,22.08709677419355,1.0126881720430108,93.24327956989248,614.4202956989247,93.78091397849462,168.96505376344086,744,IN,27.3868,88.8308,4298.0,4.298
in_nathu_la,8,7.456048387096774,20.458064516129035,0.989247311827957,92.28360215053763,615.2120967741936,92.8225806451613,166.19489247311827,744,IN,27.3868,88.8308,4298.0,4.298
in_ooty,1,13.463844086021506,0.732258064516129,1.5573655913978495,75.38172043010752,783.9327956989247,44.51075268817204,224.1733870967742,744,IN,11.4102,76.695,2235.0,2.235
in_ooty,2,14.60907738095238,0.48571428571428577,1.4285565476190476,68.34672619047619,783.3696428571429,39.663690476190474,259.21875,672,IN,11.4102,76.695,2235.0,2.235
in_ooty,3,15.965994623655915,0.4935483870967742,1.5613844086021507,60.615591397849464,783.1739247311829,19.317204301075268,284.241935483871,744,IN,11.4102,76.695,2235.0,2.235
in_ooty,4,18.0875,0.96,1.568125,61.168055555555554,783.5690277777777,37.87222222222222,286.9291666666667,720,IN,11.4102,76.695,2235.0,2.235
in_ooty,5,17.613440860215054,4.012903225806451,1.4832123655913978,79.40456989247312,782.564247311828,79.27956989247312,234.86693548387098,744,IN,11.4102,76.695,2235.0,2.235
in_ooty,6,16.387083333333333,7.256666666666666,2.064861111111111,86.19444444444444,782.59875,87.99166666666666,186.80833333333334,720,IN,11.4102,76.695,2235.0,2.235
in_ooty,7,16.45241935483871,2.993548387096774,2.7054435483870964,82.14247311827957,782.2521505376344,91.78897849462365,203.2970430107527,744,IN,11.4102,76.695,2235.0,2.235
in_ooty,8,16.02258064516129,3.9419354838709677,2.583763440860215,84.54166666666667,782.8854838709678,86.34543010752688,198.74193548387098,744,IN,11.4102,76.695,2235.0,2.235
in_shillong,1,12.361827956989249,0.0032258064516129032,0.8028629032258066,71.49462365591398,859.2291666666666,19.396505376344088,179.08064516129033,744,IN,25.5788,91.8933,1436.0,1.436
in_shillong,2,14.664583333333335,0.8571428571428571,0.9165625,63.76190476190476,858.616517857143,34.898809523809526,200.95386904761904,672,IN,25.5788,91.8933,1436.0,1.436
in_shillong,3,15.761021505376345,7.17741935483871,1.3309139784946238,81.40725806451613,857.614247311828,63.04838709677419,177.55645161290323,744,IN,25.5788,91.8933,1436.0,1.436
in_shillong,4,17.75736111111111,12.576666666666666,1.5060138888888888,86.86111111111111,856.6275,71.86944444444444,182.00416666666666,720,IN,25.5788,91.8933,1436.0,1.436
in_shillong,5,19.27029569892473,10.029032258064515,1.2026881720430107,87.86827956989248,856.3779569892472,72.0739247311828,190.95833333333334,744,IN,25.5788,91.8933,1436.0,1.436
in_shillong,6,21.24041666666667,14.146666666666667,1.4222777777777778,89.69583333333334,855.1269444444445,91.29722222222222,162.79305555555555,720,IN,25.5788,91.8933,1436.0,1.436
in_shillong,7,21.62728494623656,22.73548387096774,1.618454301075269,89.83602150537635,853.9680107526881,95.05779569892474,150.76344086021504,744,IN,25.5788,91.8933,1436.0,1.436
in_shillong,8,21.683333333333334,15.790322580645162,1.350752688172043,89.76209677419355,854.865188172043,92.69623655913979,156.38844086021504,744,IN,25.5788,91.8933,1436.0,1.436
in_tawang,1,1.7689516129032257,0.2064516129032258,1.0146102150537635,69.54569892473118,717.3069892473119,37.208333333333336,179.21505376344086,744,IN,27.5861,91.8594,2922.0,2.922
in_tawang,2,2.7095238095238097,1.467857142857143,1.0692559523809524,72.10863095238095,717.5495535714285,48.535714285714285,203.23660714285714,672,IN,27.5861,91.8594,2922.0,2.922
in_tawang,3,4.496639784946237,7.34516129032258,0.9213844086021505,85.47446236559139,717.7922043010753,79.55376344086021,182.36424731182797,744,IN,27.5861,91.8594,2922.0,2.922
in_tawang,4,7.127361111111111,7.79,0.9532361111111112,85.74722222222222,718.7002777777778,82.91805555555555,205.3,720,IN,27.5861,91.8594,2922.0,2.922
in_tawang,5,9.81505376344086,7.448387096774194,0.9804301075268818,85.50672043010752,720.719623655914,76.93145161290323,226.28494623655914,744,IN,27.5861,91.8594,2922.0,2.922
in_tawang,6,13.289583333333333,10.68,0.9505138888888889,87.24722222222222,721.7266666666667,84.19444444444444,202.35,720,IN,27.5861,91.8594,2922.0,2.922
in_tawang,7,14.376747311827955,13.86451612903226,0.7308736559139785,90.89516129032258,722.2221774193549,91.77822580645162,166.30376344086022,744,IN,27.5861,91.8594,2922.0,2.922
in_tawang,8,14.403494623655915,10.570967741935483,0.7429973118279569,89.97043010752688,723.0852150537635,92.24596774193549,169.26478494623655,744,IN,27.5861,91.8594,2922.0,2.922
in_thiruvananthapuram,1,25.94233870967742,0.564516129032258,1.8025806451612902,68.98655913978494,1011.4193548387096,36.93010752688172,240.43548387096774,744,IN,8.5241,76.9366,12.0,0.012
in_thiruvananthapuram,2,26.673511904761902,1.5107142857142857,1.8458184523809524,69.95238095238095,1010.0223214285714,52.50595238095238,251.2529761904762,672,IN,8.5241,76.9366,12.0,0.012
in_thiruvananthapuram,3,26.57217741935484,2.661290322580645,1.9783870967741937,79.44489247311827,1009.247311827957,31.267473118279568,280.27016129032256,744,IN,8.5241,76.9366,12.0,0.012
in_thiruvananthapuram,4,27.797638888888887,4.123333333333334,2.5546666666666664,80.825,1008.1963888888889,55.355555555555554,273.12916666666666,720,IN,8.5241,76.9366,12.0,0.012
in_thiruvananthapuram,5,26.728897849462363,9.474193548387095,3.2293682795698926,86.10483870967742,1007.6575268817204,86.06854838709677,202.86021505376345,744,IN,8.5241,76.9366,12.0,0.012
in_thiruvananthapuram,6,25.89236111111111,10.916666666666666,4.590638888888889,87.71805555555555,1009.416388888889,89.51805555555555,206.79305555555555,720,IN,8.5241,76.9366,12.0,0.012
in_thiruvananthapuram,7,25.919489247311827,4.996774193548387,4.861975806451613,87.33870967741936,1009.1282258064516,83.75537634408602,237.50806451612902,744,IN,8.5241,76.9366,12.0,0.012
in_thiruvananthapuram,8,25.15510752688172,5.77741935483871,4.743077956989247,88.9758064516129,1010.2206989247311,88.40456989247312,197.83467741935485,744,IN,8.5241,76.9366,12.0,0.012
in_thoothukudi,1,25.647849462365592,0.47096774193548396,4.90135752688172,70.41666666666667,1013.1711021505376,46.85618279569893,216.13440860215053,744,IN,8.7642,78.1348,3.0,0.003
in_thoothukudi,2,26.507440476190474,0.7142857142857142,4.3855505952380955,72.45684523809524,1011.5276785714285,57.558035714285715,238.76190476190476,672,IN,8.7642,78.1348,3.0,0.003
in_thoothukudi,3,27.9502688172043,0.7838709677419355,2.8807930107526882,73.57661290322581,1009.9251344086022,22.533602150537636,277.15994623655916,744,IN,8.7642,78.1348,3.0,0.003
in_thoothukudi,4,30.34736111111111,0.23333333333333334,3.1346527777777777,68.69305555555556,1008.2213888888889,49.05972222222222,284.04027777777776,720,IN,8.7642,78.1348,3.0,0.003
in_thoothukudi,5,29.874865591397853,3.5451612903225813,3.5354166666666664,72.25403225806451,1006.8668010752689,71.58870967741936,233.24193548387098,744,IN,8.7642,78.1348,3.0,0.003
in_thoothukudi,6,30.13236111111111,0.3333333333333333,4.543708333333333,66.11805555555556,1008.0743055555556,78.87361111111112,249.48333333333332,720,IN,8.7642,78.1348,3.0,0.003
in_thoothukudi,7,30.1627688172043,0.17419354838709677,4.515887096774194,64.24327956989248,1007.5106182795699,74.43010752688173,263.4731182795699,744,IN,8.7642,78.1348,3.0,0.003
in_thoothukudi,8,29.41505376344086,0.5612903225806452,4.411290322580645,66.33467741935483,1008.5600806451612,81.18279569892474,234.3965053763441,744,IN,8.7642,78.1348,3.0,0.003
kh_bokor,1,19.549193548387098,0.535483870967742,1.7150268817204302,65.9489247311828,901.921505376344,58.68682795698925,215.61290322580646,744,KH,10.628,104.028,1013.0,1.013
kh_bokor,2,21.090029761904763,3.2678571428571423,1.4240029761904762,75.82738095238095,900.8485119047618,69.04315476190476,215.86755952380952,672,KH,10.628,104.028,1013.0,1.013
kh_bokor,3,21.1377688172043,2.203225806451613,1.4559139784946238,80.3239247311828,900.4729838709678,45.806451612903224,234.93548387096774,744,KH,10.628,104.028,1013.0,1.013
kh_bokor,4,23.09736111111111,1.8233333333333337,1.6619583333333332,75.31111111111112,899.8127777777777,41.6125,258.9888888888889,720,KH,10.628,104.028,1013.0,1.013
kh_bokor,5,22.34233870967742,8.535483870967742,1.8863709677419356,85.66397849462365,899.1943548387096,87.62903225806451,213.44892473118279,744,KH,10.628,104.028,1013.0,1.013
kh_bokor,6,21.75722222222222,8.16,2.2609027777777775,88.6,899.7343055555555,89.38333333333334,194.8388888888889,720,KH,10.628,104.028,1013.0,1.013
kh_bokor,7,20.953225806451613,12.57741935483871,2.482231182795699,90.96774193548387,898.9869623655915,85.99462365591398,161.36424731182797,744,KH,10.628,104.028,1013.0,1.013
kh_bokor,8,21.234408602150538,7.212903225806452,2.921747311827957,88.93548387096774,899.423252688172,89.87903225806451,189.3252688172043,744,KH,10.628,104.028,1013.0,1.013
kh_phnom_penh,1,25.605376344086025,0.022580645161290325,2.339475806451613,60.736559139784944,1011.792741935484,47.4744623655914,232.39247311827958,744,KH,11.5564,104.9282,14.0,0.014
kh_phnom_penh,2,28.154613095238098,1.2714285714285714,2.0347321428571425,64.0,1009.4813988095239,64.0625,229.83482142857142,672,KH,11.5564,104.9282,14.0,0.014
kh_phnom_penh,3,28.80698924731183,0.28387096774193554,2.2808333333333333,63.67607526881721,1008.9815860215054,32.810483870967744,252.11827956989248,744,KH,11.5564,104.9282,14.0,0.014
kh_phnom_penh,4,31.35402777777778,0.19333333333333333,2.7318611111111113,58.50972222222222,1007.0619444444444,31.059722222222224,284.6125,720,KH,11.5564,104.9282,14.0,0.014
kh_phnom_penh,5,30.466129032258063,2.8903225806451616,2.0132795698924735,68.92338709677419,1006.6619623655914,84.65860215053763,235.7271505376344,744,KH,11.5564,104.9282,14.0,0.014
kh_phnom_penh,6,29.252638888888892,4.816666666666666,2.1614583333333335,74.9125,1007.3079166666666,85.82638888888889,217.4763888888889,720,KH,11.5564,104.9282,14.0,0.014
kh_phnom_penh,7,27.656317204301075,7.780645161290321,2.741787634408602,81.44354838709677,1006.8063172043011,81.40591397849462,183.44220430107526,744,KH,11.5564,104.9282,14.0,0.014
kh_phnom_penh,8,28.080241935483873,3.8516129032258064,3.4973521505376346,77.75940860215054,1007.0926075268818,88.86021505376344,194.06182795698925,744,KH,11.5564,104.9282,14.0,0.014
kh_sen_monorom,1,21.008198924731182,0.0,4.277150537634409,59.93682795698925,938.3475806451613,47.16263440860215,229.76478494623655,744,KH,12.4558,107.1881,682.0,0.682
kh_sen_monorom,2,23.626190476190477,1.8678571428571429,3.5325744047619048,63.433035714285715,937.0068452380953,61.08779761904762,227.51190476190476,672,KH,12.4558,107.1881,682.0,0.682
kh_sen_monorom,3,24.30712365591398,0.4161290322580645,2.919704301075269,63.534946236559136,936.4528225806451,25.477150537634408,266.9543010752688,744,KH,12.4558,107.1881,682.0,0.682
kh_sen_monorom,4,25.999444444444443,1.9533333333333331,2.075083333333333,67.72777777777777,935.2640277777778,37.11944444444445,271.2236111111111,720,KH,12.4558,107.1881,682.0,0.682
kh_sen_monorom,5,25.43010752688172,5.938709677419355,2.021733870967742,79.04435483870968,934.8114247311827,81.06451612903226,230.61155913978496,744,KH,12.4558,107.1881,682.0,0.682
kh_sen_monorom,6,23.967499999999998,6.843333333333334,2.549347222222222,88.60416666666667,935.0076388888889,82.34027777777777,202.90277777777777,720,KH,12.4558,107.1881,682.0,0.682
kh_sen_monorom,7,23.101881720430107,10.025806451612905,3.270349462365591,89.8991935483871,934.0485215053764,80.6491935483871,182.06182795698925,744,KH,12.4558,107.1881,682.0,0.682
kh_sen_monorom,8,23.148924731182795,9.729032258064517,4.30755376344086,90.54032258064517,934.1475806451614,86.76075268817205,186.9516129032258,744,KH,12.4558,107.1881,682.0,0.682
la_luang_prabang,1,21.024731182795698,0.012903225806451613,0.9070564516129033,69.98387096774194,982.3854838709678,15.637096774193548,205.2755376344086,744,LA,19.8833,102.1333,297.0,0.297
la_luang_prabang,2,24.940624999999997,0.6214285714285714,0.9758184523809523,66.5639880952381,979.6061011904762,28.717261904761905,205.82738095238096,672,LA,19.8833,102.1333,297.0,0.297
la_luang_prabang,3,26.35645161290323,0.9774193548387097,1.2168817204301074,65.04435483870968,978.4334677419355,25.333333333333332,246.33064516129033,744,LA,19.8833,102.1333,297.0,0.297
la_luang_prabang,4,29.705972222222222,1.7933333333333334,1.5179861111111113,59.24722222222222,975.08875,27.759722222222223,269.65972222222223,720,LA,19.8833,102.1333,297.0,0.297
la_luang_prabang,5,27.023521505376344,6.429032258064517,1.1748924731182795,85.33467741935483,975.744623655914,75.59946236559139,220.5228494623656,744,LA,19.8833,102.1333,297.0,0.297
la_luang_prabang,6,27.889027777777777,5.986666666666666,1.6198194444444445,79.97777777777777,974.2825,87.39305555555555,219.68055555555554,720,LA,19.8833,102.1333,297.0,0.297
la_luang_prabang,7,25.68010752688172,12.729032258064517,1.3224193548387098,91.0524193548387,972.9975806451612,94.88440860215054,151.9233870967742,744,LA,19.8833,102.1333,297.0,0.297
la_luang_prabang,8,26.27244623655914,10.070967741935483,1.328010752688172,89.46102150537635,972.7412634408602,90.05779569892474,163.63037634408602,744,LA,19.8833,102.1333,297.0,0.297
la_paksong,1,16.761424731182796,0.0,1.613521505376344,65.63440860215054,875.4762096774194,26.89516129032258,230.41801075268816,744,LA,15.1817,106.23,1284.0,1.284
la_paksong,2,20.51235119047619,1.3821428571428571,1.5025892857142857,63.29315476190476,874.985119047619,49.01934523809524,226.65029761904762,672,LA,15.1817,106.23,1284.0,1.284
la_paksong,3,20.70174731182796,3.9129032258064513,1.4740994623655914,70.9247311827957,874.5986559139785,36.50672043010753,247.34408602150538,744,LA,15.1817,106.23,1284.0,1.284
la_paksong,4,22.905555555555555,7.506666666666666,1.6692083333333332,69.86527777777778,873.7331944444445,39.356944444444444,272.3625,720,LA,15.1817,106.23,1284.0,1.284
la_paksong,5,22.214247311827958,10.85483870967742,1.541720430107527,84.52822580645162,873.377688172043,83.59005376344086,224.59408602150538,744,LA,15.1817,106.23,1284.0,1.284
la_paksong,6,21.88,9.306666666666667,1.836666666666667,86.96527777777777,873.1852777777779,82.68888888888888,214.675,720,LA,15.1817,106.23,1284.0,1.284
la_paksong,7,20.52809139784946,19.32258064516129,2.0970698924731184,92.43817204301075,871.5940860215054,93.52822580645162,141.79301075268816,744,LA,15.1817,106.23,1284.0,1.284
la_paksong,8,20.559677419354838,23.59032258064516,2.6325,93.65860215053763,871.4095430107526,95.93682795698925,129.09408602150538,744,LA,15.1817,106.23,1284.0,1.284
la_phonsavan,1,15.210618279569893,0.0,1.4360483870967742,71.69489247311827,892.3897849462365,28.868279569892472,209.96370967741936,744,LA,19.45,103.2167,1125.0,1.125
la_phonsavan,2,18.631845238095238,1.2035714285714287,1.5010565476190476,73.02678571428571,891.229761904762,42.88690476190476,200.82886904761904,672,LA,19.45,103.2167,1125.0,1.125
la_phonsavan,3,19.36599462365591,1.4096774193548387,1.7416801075268817,76.38978494623656,890.6155913978495,36.14784946236559,234.55241935483872,744,LA,19.45,103.2167,1125.0,1.125
la_phonsavan,4,23.344444444444445,2.3766666666666665,1.877486111111111,67.17777777777778,888.8773611111111,33.019444444444446,263.19305555555553,720,LA,19.45,103.2167,1125.0,1.125
la_phonsavan,5,22.07029569892473,5.629032258064516,1.5369086021505376,86.04569892473118,888.9720430107526,81.24193548387096,203.38037634408602,744,LA,19.45,103.2167,1125.0,1.125
la_phonsavan,6,22.950833333333332,4.1466666666666665,1.8199861111111113,82.72361111111111,887.9511111111112,88.02777777777777,204.8388888888889,720,LA,19.45,103.2167,1125.0,1.125
la_phonsavan,7,21.603629032258066,9.245161290322581,1.5389247311827958,89.0241935483871,886.1557795698925,96.55779569892474,145.15456989247312,744,LA,19.45,103.2167,1125.0,1.125
la_phonsavan,8,21.872177419354838,9.461290322580645,1.5345295698924732,89.94086021505376,885.9522849462365,93.34139784946237,146.46102150537635,744,LA,19.45,103.2167,1125.0,1.125
la_vientiane,1,21.31948924731183,0.0,1.6120698924731185,63.56317204301075,995.3641129032259,9.11021505376344,219.95833333333334,744,LA,17.9757,102.6331,179.0,0.179
la_vientiane,2,25.39985119047619,0.7678571428571428,1.8451041666666668,61.61904761904762,992.0589285714285,20.891369047619047,232.5952380952381,672,LA,17.9757,102.6331,179.0,0.179
la_vientiane,3,27.7877688172043,0.23870967741935484,1.9949865591397848,56.44758064516129,990.7666666666667,19.72983870967742,255.48387096774192,744,LA,17.9757,102.6331,179.0,0.179
la_vientiane,4,30.987222222222222,1.0833333333333333,2.013611111111111,53.52916666666667,987.3047222222223,22.843055555555555,279.2319444444444,720,LA,17.9757,102.6331,179.0,0.179
la_vientiane,5,28.424865591397847,8.316129032258065,1.5317338709677417,77.28629032258064,987.8298387096775,75.51344086021506,229.1451612903226,744,LA,17.9757,102.6331,179.0,0.179
la_vientiane,6,28.39,6.143333333333333,1.6879166666666665,79.63194444444444,986.8604166666667,86.9625,225.48055555555555,720,LA,17.9757,102.6331,179.0,0.179
la_vientiane,7,26.721639784946237,10.732258064516127,1.7545564516129033,85.58736559139786,985.516129032258,93.58198924731182,161.92876344086022,744,LA,17.9757,102.6331,179.0,0.179
la_vientiane,8,27.017473118279568,11.032258064516128,2.1784274193548385,84.27150537634408,985.0606182795699,92.31854838709677,154.08333333333334,744,LA,17.9757,102.6331,179.0,0.179
lk_ambewela,1,16.27258064516129,3.9645161290322584,1.3943951612903227,83.06989247311827,816.7399193548387,69.72043010752688,188.4247311827957,744,LK,6.8992,80.8028,1885.0,1.885
lk_ambewela,2,16.368303571428573,7.867857142857143,1.4492708333333333,86.04761904761905,815.8425595238094,77.47321428571429,180.3125,672,LK,6.8992,80.8028,1885.0,1.885
lk_ambewela,3,17.210483870967742,1.3258064516129033,0.9538978494623657,74.18010752688173,815.803494623656,36.62903225806452,274.619623655914,744,LK,6.8992,80.8028,1885.0,1.885
lk_ambewela,4,17.990972222222222,8.483333333333334,0.7003055555555556,85.74583333333334,815.8213888888889,72.6875,245.24166666666667,720,LK,6.8992,80.8028,1885.0,1.885
lk_ambewela,5,18.292069892473116,9.093548387096773,2.071411290322581,88.98924731182795,815.2932795698924,88.06720430107526,212.30241935483872,744,LK,6.8992,80.8028,1885.0,1.885
lk_ambewela,6,18.096527777777776,5.09,2.87,86.49027777777778,816.4265277777778,89.11944444444444,221.5236111111111,720,LK,6.8992,80.8028,1885.0,1.885
lk_ambewela,7,18.57768817204301,2.0709677419354837,3.057311827956989,79.05779569892474,816.3603494623655,69.92204301075269,256.5981182795699,744,LK,6.8992,80.8028,1885.0,1.885
lk_ambewela,8,18.04731182795699,5.193548387096774,3.2629032258064514,83.71908602150538,816.7427419354839,87.45564516129032,220.86290322580646,744,LK,6.8992,80.8028,1885.0,1.885
lk_anuradhapura,1,24.151209677419356,2.712903225806452,2.7535349462365595,81.79435483870968,1002.8600806451614,64.06451612903226,172.69758064516128,744,LK,8.3114,80.4037,90.0,0.09
lk_anuradhapura,2,24.94970238095238,2.8642857142857143,2.7487351190476192,81.10565476190476,1001.5001488095238,74.36904761904762,182.42410714285714,672,LK,8.3114,80.4037,90.0,0.09
lk_anuradhapura,3,27.38494623655914,0.4516129032258065,2.3249462365591396,71.45295698924731,1000.2944892473118,24.387096774193548,270.9153225806452,744,LK,8.3114,80.4037,90.0,0.09
lk_anuradhapura,4,28.998472222222226,3.0133333333333336,1.6821527777777778,72.9,999.103611111111,59.27638888888889,257.8305555555556,720,LK,8.3114,80.4037,90.0,0.09
lk_anuradhapura,5,27.47432795698925,6.358064516129032,4.229287634408602,82.3736559139785,997.9456989247311,78.99731182795699,211.43548387096774,744,LK,8.3114,80.4037,90.0,0.09
lk_anuradhapura,6,27.526527777777776,1.7200000000000002,5.588347222222223,79.08055555555555,999.2861111111112,79.91388888888889,228.2513888888889,720,LK,8.3114,80.4037,90.0,0.09
lk_anuradhapura,7,28.331182795698926,0.24838709677419354,5.917446236559139,72.60887096774194,998.8057795698925,69.01612903225806,258.5846774193548,744,LK,8.3114,80.4037,90.0,0.09
lk_anuradhapura,8,28.041129032258063,0.6935483870967741,5.7343548387096765,72.6236559139785,999.6512096774194,81.77553763440861,232.8709677419355,744,LK,8.3114,80.4037,90.0,0.09
lk_badulla,1,21.761155913978495,4.532258064516129,1.4970564516129032,84.17876344086021,940.3505376344086,66.11693548387096,184.60752688172042,744,LK,6.9934,81.055,661.0,0.661
lk_badulla,2,22.008184523809526,7.15,1.4482291666666667,85.95089285714286,939.29375,75.67857142857143,174.99553571428572,672,LK,6.9934,81.055,661.0,0.661
lk_badulla,3,23.20255376344086,1.7,1.2236827956989247,77.9986559139785,938.8030913978495,32.63172043010753,273.0309139784946,744,LK,6.9934,81.055,661.0,0.661
lk_badulla,4,24.354861111111113,5.123333333333333,1.0260416666666667,82.68333333333334,938.1826388888888,64.64722222222223,246.06666666666666,720,LK,6.9934,81.055,661.0,0.661
lk_badulla,5,24.958467741935483,7.445161290322581,1.545201612903226,81.89112903225806,936.802688172043,79.80510752688173,225.28629032258064,744,LK,6.9934,81.055,661.0,0.661
lk_badulla,6,25.610138888888887,1.876666666666667,1.8777777777777778,73.42777777777778,937.9841666666666,82.56944444444444,233.7111111111111,720,LK,6.9934,81.055,661.0,0.661
lk_badulla,7,26.69475806451613,0.28387096774193554,2.2001881720430108,59.79435483870968,937.6350806451613,60.803763440860216,269.3333333333333,744,LK,6.9934,81.055,661.0,0.661
lk_badulla,8,26.69516129032258,0.7580645161290323,2.409274193548387,60.215053763440864,938.4448924731183,81.28897849462365,230.5779569892473,744,LK,6.9934,81.055,661.0,0.661
lk_bandarawela,1,18.40201612903226,3.509677419354839,1.5760887096774192,83.54301075268818,877.6486559139785,63.931451612903224,195.74327956989248,744,LK,6.8259,80.9982,1248.0,1.248
lk_bandarawela,2,18.56949404761905,5.996428571428572,1.6654761904761906,85.53571428571429,876.6886904761906,76.44791666666667,181.38244047619048,672,LK,6.8259,80.9982,1248.0,1.248
lk_bandarawela,3,19.628763440860215,2.041935483870968,1.381720430107527,78.83602150537635,876.6643817204301,36.28763440860215,269.98924731182797,744,LK,6.8259,80.9982,1248.0,1.248
lk_bandarawela,4,20.64875,5.663333333333333,1.1330833333333334,84.29166666666667,876.3744444444444,65.00972222222222,241.99166666666667,720,LK,6.8259,80.9982,1248.0,1.248
lk_bandarawela,5,21.224999999999998,7.038709677419355,2.345577956989247,82.86559139784946,875.3422043010752,79.47043010752688,219.78091397849462,744,LK,6.8259,80.9982,1248.0,1.248
lk_bandarawela,6,21.741805555555555,1.7966666666666669,2.999986111111111,75.24583333333334,876.60375,82.24861111111112,230.56944444444446,720,LK,6.8259,80.9982,1248.0,1.248
lk_bandarawela,7,22.749327956989248,0.3806451612903226,3.2535887096774196,64.26344086021506,876.4540322580646,59.13709677419355,266.372311827957,744,LK,6.8259,80.9982,1248.0,1.248
lk_bandarawela,8,22.306182795698923,1.0612903225806452,3.434475806451613,67.86827956989248,877.071505376344,82.66935483870968,226.33870967741936,744,LK,6.8259,80.9982,1248.0,1.248
lk_batticaloa,1,25.01505376344086,9.34193548387097,2.978051075268817,83.08467741935483,1011.7287634408601,66.68951612903226,188.72043010752688,744,LK,7.7102,81.6924,10.0,0.01
lk_batticaloa,2,25.271428571428572,10.396428571428572,2.6411904761904763,85.06845238095238,1010.4559523809525,73.98958333333333,187.38541666666666,672,LK,7.7102,81.6924,10.0,0.01
lk_batticaloa,3,26.83817204301075,0.8419354838709677,2.029422043010753,80.33602150537635,1009.4541666666667,27.818548387096776,275.23118279569894,744,LK,7.7102,81.6924,10.0,0.01
lk_batticaloa,4,28.915833333333335,1.4900000000000002,2.009,76.3375,1008.0576388888888,59.21944444444444,270.8611111111111,720,LK,7.7102,81.6924,10.0,0.01
lk_batticaloa,5,29.091532258064515,4.890322580645162,2.1271370967741934,76.53091397849462,1006.3326612903226,74.13306451612904,246.6061827956989,744,LK,7.7102,81.6924,10.0,0.01
lk_batticaloa,6,30.481944444444444,0.9166666666666667,2.9597777777777776,63.69305555555555,1007.4656944444445,77.58333333333333,251.8125,720,LK,7.7102,81.6924,10.0,0.01
lk_batticaloa,7,31.170698924731184,0.06451612903225806,3.31877688172043,55.619623655913976,1006.8981182795699,65.77016129032258,272.52284946236557,744,LK,7.7102,81.6924,10.0,0.01
lk_batticaloa,8,30.975,0.1903225806451613,3.6120430107526884,55.38172043010753,1007.7525537634409,80.77688172043011,243.877688172043,744,LK,7.7102,81.6924,10.0,0.01
lk_colombo,1,26.255645161290325,1.2548387096774194,3.296720430107527,71.34677419354838,1011.1876344086021,54.20161290322581,212.33198924731184,744,LK,6.9271,79.8612,9.0,0.009
lk_colombo,2,26.938988095238095,2.664285714285714,2.7807440476190477,72.63541666666667,1009.7287202380952,72.0625,209.1220238095238,672,LK,6.9271,79.8612,9.0,0.009
lk_colombo,3,28.482526881720432,1.164516129032258,1.5990725806451613,69.88172043010752,1009.070564516129,34.08736559139785,268.1626344086022,744,LK,6.9271,79.8612,9.0,0.009
lk_colombo,4,28.489305555555553,3.81,1.79475,77.51944444444445,1008.35375,62.62638888888889,245.65972222222223,720,LK,6.9271,79.8612,9.0,0.009
lk_colombo,5,27.315860215053764,9.193548387096774,2.6385752688172044,86.13172043010752,1007.924059139785,84.34139784946237,182.81720430107526,744,LK,6.9271,79.8612,9.0,0.009
lk_colombo,6,27.05625,9.083333333333332,3.127444444444445,85.70972222222223,1009.71125,85.5125,191.30694444444444,720,LK,6.9271,79.8612,9.0,0.009
lk_colombo,7,27.318817204301077,4.403225806451613,3.1233333333333335,83.56451612903226,1009.359811827957,67.7741935483871,218.93413978494624,744,LK,6.9271,79.8612,9.0,0.009
lk_colombo,8,26.755913978494625,6.7387096774193544,3.213037634408602,85.31048387096774,1010.313440860215,84.6989247311828,200.21908602150538,744,LK,6.9271,79.8612,9.0,0.009
lk_diyatalawa,1,19.114784946236558,3.509677419354839,1.5760887096774192,85.11827956989248,874.4763440860215,63.931451612903224,195.74327956989248,744,LK,6.807,80.9595,1283.0,1.283
lk_diyatalawa,2,19.29583333333333,5.996428571428572,1.6654761904761906,86.83333333333333,873.5270833333333,76.44791666666667,181.38244047619048,672,LK,6.807,80.9595,1283.0,1.283
lk_diyatalawa,3,20.346505376344084,2.041935483870968,1.381720430107527,78.95430107526882,873.5110215053763,36.28763440860215,269.98924731182797,744,LK,6.807,80.9595,1283.0,1.283
lk_diyatalawa,4,21.25402777777778,5.663333333333333,1.1330833333333334,85.32916666666667,873.1865277777779,65.00972222222222,241.99166666666667,720,LK,6.807,80.9595,1283.0,1.283
lk_diyatalawa,5,21.616263440860216,7.038709677419355,2.345577956989247,85.20833333333333,872.0694892473118,79.47043010752688,219.78091397849462,744,LK,6.807,80.9595,1283.0,1.283
lk_diyatalawa,6,21.87125,1.7966666666666669,2.999986111111111,79.54583333333333,873.2222222222222,82.24861111111112,230.56944444444446,720,LK,6.807,80.9595,1283.0,1.283
lk_diyatalawa,7,22.725,0.3806451612903226,3.2535887096774196,69.25403225806451,873.019623655914,59.13709677419355,266.372311827957,744,LK,6.807,80.9595,1283.0,1.283
lk_diyatalawa,8,22.198252688172044,1.0612903225806452,3.434475806451613,73.2513440860215,873.5943548387096,82.66935483870968,226.33870967741936,744,LK,6.807,80.9595,1283.0,1.283
lk_ella,1,20.781182795698925,3.509677419354839,1.5760887096774192,84.74731182795699,913.3451612903226,63.931451612903224,195.74327956989248,744,LK,6.8667,81.0466,907.0,0.907
lk_ella,2,20.95610119047619,5.996428571428572,1.6654761904761906,86.63541666666667,912.3232142857142,76.44791666666667,181.38244047619048,672,LK,6.8667,81.0466,907.0,0.907
lk_ella,3,21.986693548387098,2.041935483870968,1.381720430107527,79.22849462365592,912.1604838709678,36.28763440860215,269.98924731182797,744,LK,6.8667,81.0466,907.0,0.907
lk_ella,4,23.02958333333333,5.663333333333333,1.1330833333333334,85.28472222222223,911.7455555555556,65.00972222222222,241.99166666666667,720,LK,6.8667,81.0466,907.0,0.907
lk_ella,5,23.685080645161293,7.038709677419355,2.345577956989247,83.55376344086021,910.6189516129032,79.47043010752688,219.78091397849462,744,LK,6.8667,81.0466,907.0,0.907
lk_ella,6,24.12611111111111,1.7966666666666669,2.999986111111111,76.37083333333334,911.8466666666666,82.24861111111112,230.56944444444446,720,LK,6.8667,81.0466,907.0,0.907
lk_ella,7,25.120295698924732,0.3806451612903226,3.2535887096774196,64.14247311827957,911.5672043010753,59.13709677419355,266.372311827957,744,LK,6.8667,81.0466,907.0,0.907
lk_ella,8,24.831182795698926,1.0612903225806452,3.434475806451613,67.07795698924731,912.3096774193549,82.66935483870968,226.33870967741936,744,LK,6.8667,81.0466,907.0,0.907
lk_galle,1,25.818682795698923,2.2,1.764677419354839,82.88306451612904,1011.9065860215054,63.469086021505376,220.55510752688173,744,LK,6.0535,80.221,3.0,0.003
lk_galle,2,26.01517857142857,7.303571428571428,1.622247023809524,84.59375,1010.6290178571428,75.80357142857143,199.73958333333334,672,LK,6.0535,80.221,3.0,0.003
lk_galle,3,27.072580645161292,1.561290322580645,1.555537634408602,80.88037634408602,1010.1680107526881,36.854838709677416,273.7110215053763,744,LK,6.0535,80.221,3.0,0.003
lk_galle,4,27.995,6.68,1.7129861111111109,81.22222222222223,1009.4233333333334,67.88055555555556,249.18194444444444,720,LK,6.0535,80.221,3.0,0.003
lk_galle,5,27.34005376344086,8.212903225806452,3.379354838709677,85.57661290322581,1008.9740591397849,85.1491935483871,203.08736559139786,744,LK,6.0535,80.221,3.0,0.003
lk_galle,6,27.229444444444447,7.183333333333334,4.176569444444445,84.08611111111111,1010.7293055555555,83.88472222222222,216.80138888888888,720,LK,6.0535,80.221,3.0,0.003
lk_galle,7,27.441129032258065,4.74516129032258,4.211155913978494,82.20833333333333,1010.3559139784946,65.10483870967742,238.83198924731184,744,LK,6.0535,80.221,3.0,0.003
lk_galle,8,26.518951612903223,8.948387096774193,4.371021505376344,85.97849462365592,1011.3532258064516,86.61962365591398,214.11559139784947,744,LK,6.0535,80.221,3.0,0.003
lk_gampola,1,22.29959677419355,3.661290322580645,1.95625,84.12231182795699,957.3663978494624,61.08736559139785,189.875,744,LK,7.1643,80.5696,496.0,0.496
lk_gampola,2,22.889285714285716,4.15,1.8954761904761905,84.12053571428571,956.1657738095239,72.0952380952381,187.77529761904762,672,LK,7.1643,80.5696,496.0,0.496
lk_gampola,3,25.4127688172043,0.5225806451612903,1.2246774193548386,69.47715053763442,955.8005376344086,27.321236559139784,277.1975806451613,744,LK,7.1643,80.5696,496.0,0.496
lk_gampola,4,25.6175,6.976666666666667,1.0057222222222222,82.34444444444445,955.24,63.609722222222224,249.60833333333332,720,LK,7.1643,80.5696,496.0,0.496
lk_gampola,5,24.635618279569893,5.6322580645161295,2.2229569892473116,88.08736559139786,954.5282258064516,83.70295698924731,201.67607526881721,744,LK,7.1643,80.5696,496.0,0.496
lk_gampola,6,24.236527777777777,3.2366666666666672,2.9069861111111113,87.10277777777777,956.1051388888889,85.90555555555555,209.5375,720,LK,7.1643,80.5696,496.0,0.496
lk_gampola,7,24.483467741935485,2.0580645161290323,3.1005779569892473,81.49327956989248,955.8052419354839,67.68010752688173,240.5013440860215,744,LK,7.1643,80.5696,496.0,0.496
lk_gampola,8,23.962365591397848,4.535483870967742,3.1155107526881722,85.11559139784946,956.5977150537634,84.18951612903226,213.66129032258064,744,LK,7.1643,80.5696,496.0,0.496
lk_hambantota,1,25.88010752688172,2.735483870967742,2.5931048387096776,76.78225806451613,1010.283064516129,56.40860215053763,218.31720430107526,744,LK,6.1429,81.1212,15.0,0.015
lk_hambantota,2,25.998660714285712,2.9535714285714287,2.900252976190476,78.97619047619048,1009.0142857142857,73.00892857142857,193.44642857142858,672,LK,6.1429,81.1212,15.0,0.015
lk_hambantota,3,27.638440860215052,0.7935483870967742,2.4846236559139783,73.9260752688172,1008.5239247311829,29.72983870967742,275.1532258064516,744,LK,6.1429,81.1212,15.0,0.015
lk_hambantota,4,28.439305555555556,2.76,1.9465555555555556,77.44166666666666,1007.6061111111111,63.72638888888889,248.38055555555556,720,LK,6.1429,81.1212,15.0,0.015
lk_hambantota,5,28.105376344086025,2.4935483870967743,4.494354838709677,79.60887096774194,1006.611693548387,78.53763440860214,219.8548387096774,744,LK,6.1429,81.1212,15.0,0.015
lk_hambantota,6,28.524583333333336,0.7166666666666667,5.679097222222222,74.45972222222223,1008.1108333333334,79.22777777777777,232.73194444444445,720,LK,6.1429,81.1212,15.0,0.015
lk_hambantota,7,28.82016129032258,0.5677419354838711,5.798279569892474,72.2997311827957,1007.6323924731183,56.670698924731184,262.47983870967744,744,LK,6.1429,81.1212,15.0,0.015
lk_hambantota,8,27.851344086021506,1.3451612903225807,6.033978494623655,75.67069892473118,1008.6826612903226,82.83333333333333,226.31720430107526,744,LK,6.1429,81.1212,15.0,0.015
lk_haputale,1,18.21478494623656,3.509677419354839,1.5760887096774192,85.02150537634408,859.8604838709676,63.931451612903224,195.74327956989248,744,LK,6.7681,80.959,1427.0,1.427
lk_haputale,2,18.395833333333332,5.996428571428572,1.6654761904761906,86.73363095238095,858.9360119047619,76.44791666666667,181.38244047619048,672,LK,6.7681,80.959,1427.0,1.427
lk_haputale,3,19.44650537634409,2.041935483870968,1.381720430107527,78.82123655913979,858.9685483870967,36.28763440860215,269.98924731182797,744,LK,6.7681,80.959,1427.0,1.427
lk_haputale,4,20.354027777777777,5.663333333333333,1.1330833333333334,85.24027777777778,858.69375,65.00972222222222,241.99166666666667,720,LK,6.7681,80.959,1427.0,1.427
lk_haputale,5,20.716263440860214,7.038709677419355,2.345577956989247,85.11155913978494,857.611559139785,79.47043010752688,219.78091397849462,744,LK,6.7681,80.959,1427.0,1.427
lk_haputale,6,20.971249999999998,1.7966666666666669,2.999986111111111,79.41666666666667,858.7581944444445,82.24861111111112,230.56944444444446,720,LK,6.7681,80.959,1427.0,1.427
lk_haputale,7,21.825,0.3806451612903226,3.2535887096774196,69.0752688172043,858.6013440860215,59.13709677419355,266.372311827957,744,LK,6.7681,80.959,1427.0,1.427
lk_haputale,8,21.29825268817204,1.0612903225806452,3.434475806451613,73.09677419354838,859.1403225806451,82.66935483870968,226.33870967741936,744,LK,6.7681,80.959,1427.0,1.427
lk_hatton,1,19.458467741935486,4.596774193548387,1.2918548387096773,83.26075268817205,872.5930107526881,63.71639784946237,192.75,744,LK,6.8916,80.5955,1303.0,1.303
lk_hatton,2,19.646428571428572,11.817857142857143,1.151279761904762,86.35714285714286,871.5662202380952,75.11011904761905,186.82142857142858,672,LK,6.8916,80.5955,1303.0,1.303
lk_hatton,3,20.642607526881722,3.290322580645161,0.9146370967741936,76.57930107526882,871.5111559139785,37.446236559139784,269.43951612903226,744,LK,6.8916,80.5955,1303.0,1.303
lk_hatton,4,21.2175,11.836666666666668,0.8010555555555555,86.69722222222222,871.2666666666667,66.62777777777778,242.275,720,LK,6.8916,80.5955,1303.0,1.303
lk_hatton,5,20.899059139784946,11.2,1.4077822580645163,91.74193548387096,870.756317204301,87.06854838709677,194.30376344086022,744,LK,6.8916,80.5955,1303.0,1.303
lk_hatton,6,20.435000000000002,7.616666666666666,1.6980694444444444,91.49305555555556,872.0979166666667,87.8,202.92361111111111,720,LK,6.8916,80.5955,1303.0,1.303
lk_hatton,7,20.538172043010753,4.596774193548387,1.721518817204301,88.18413978494624,871.8327956989247,68.74731182795699,234.13575268817203,744,LK,6.8916,80.5955,1303.0,1.303
lk_hatton,8,20.008198924731182,9.351612903225805,1.7249327956989247,91.85618279569893,872.4138440860215,87.61424731182795,205.122311827957,744,LK,6.8916,80.5955,1303.0,1.303
lk_horton_plains,1,14.67258064516129,6.32258064516129,0.956491935483871,82.88172043010752,792.65,70.34274193548387,197.0228494623656,744,LK,6.8021,80.807,2130.0,2.13
lk_horton_plains,2,14.76830357142857,9.685714285714287,1.0172916666666667,85.89583333333333,791.7770833333333,78.35863095238095,184.4717261904762,672,LK,6.8021,80.807,2130.0,2.13
lk_horton_plains,3,15.610483870967743,2.4806451612903224,0.8890860215053764,73.93548387096774,791.967876344086,41.13709677419355,269.2432795698925,744,LK,6.8021,80.807,2130.0,2.13
lk_horton_plains,4,16.39097222222222,8.756666666666666,0.8984861111111111,85.61944444444444,792.0595833333334,71.33333333333333,240.18472222222223,720,LK,6.8021,80.807,2130.0,2.13
lk_horton_plains,5,16.692069892473118,10.51290322580645,2.463051075268817,88.88440860215054,791.6197580645161,87.70430107526882,206.08198924731184,744,LK,6.8021,80.807,2130.0,2.13
lk_horton_plains,6,16.49652777777778,4.336666666666666,3.310055555555555,86.3375,792.6991666666667,87.81666666666666,217.86527777777778,720,LK,6.8021,80.807,2130.0,2.13
lk_horton_plains,7,16.97768817204301,2.009677419354839,3.51880376344086,78.83736559139786,792.6405913978494,67.80645161290323,253.11021505376345,744,LK,6.8021,80.807,2130.0,2.13
lk_horton_plains,8,16.447311827956987,4.970967741935484,3.6701209677419357,83.55645161290323,792.9986559139785,88.58736559139786,215.94758064516128,744,LK,6.8021,80.807,2130.0,2.13
lk_jaffna,1,25.194354838709675,3.2161290322580642,6.249018817204302,76.1747311827957,1012.5896505376344,57.723118279569896,191.2755376344086,744,LK,9.6615,80.0255,9.0,0.009
lk_jaffna,2,25.90863095238095,0.8250000000000001,5.855208333333333,76.1264880952381,1011.1056547619048,59.89434523809524,221.36309523809524,672,LK,9.6615,80.0255,9.0,0.009
lk_jaffna,3,27.658736559139783,0.37419354838709673,4.036075268817204,74.24731182795699,1009.5451612903225,15.62768817204301,283.26344086021504,744,LK,9.6615,80.0255,9.0,0.009
lk_jaffna,4,29.89125,0.44333333333333336,3.7833750000000004,73.14305555555555,1007.8384722222222,49.94166666666667,277.5833333333333,720,LK,9.6615,80.0255,9.0,0.009
lk_jaffna,5,29.02943548387097,3.4967741935483874,6.823118279569892,80.45161290322581,1006.0466397849461,66.53091397849462,232.2459677419355,744,LK,9.6615,80.0255,9.0,0.009
lk_jaffna,6,29.205416666666668,0.6833333333333333,8.514930555555555,77.75416666666666,1006.9438888888889,69.37916666666666,266.73333333333335,720,LK,9.6615,80.0255,9.0,0.009
lk_jaffna,7,29.00725806451613,0.23225806451612904,8.571814516129033,76.96505376344086,1006.4728494623656,77.5013440860215,265.9274193548387,744,LK,9.6615,80.0255,9.0,0.009
lk_jaffna,8,28.543413978494623,2.0193548387096776,7.742069892473118,77.88978494623656,1007.4701612903226,79.81989247311827,249.99193548387098,744,LK,9.6615,80.0255,9.0,0.009
lk_kandy,1,21.64462365591398,4.687096774193549,1.6211827956989249,84.56317204301075,958.0581989247313,69.90994623655914,181.3534946236559,744,LK,7.2906,80.6337,499.0,0.499
lk_kandy,2,22.27127976190476,6.107142857142857,1.6683482142857144,84.30357142857143,956.9708333333334,76.9047619047619,177.07738095238096,672,LK,7.2906,80.6337,499.0,0.499
lk_kandy,3,24.861290322580643,0.9129032258064517,1.3603897849462365,69.63978494623656,956.5442204301075,30.797043010752688,280.28494623655916,744,LK,7.2906,80.6337,499.0,0.499
lk_kandy,4,25.21375,6.883333333333333,0.9725972222222222,80.99722222222222,955.8069444444444,64.4125,252.6625,720,LK,7.2906,80.6337,499.0,0.499
lk_kandy,5,24.138844086021503,5.5677419354838715,2.1107123655913975,86.85887096774194,954.6123655913979,80.31854838709677,220.377688172043,744,LK,7.2906,80.6337,499.0,0.499
lk_kandy,6,23.834583333333335,2.316666666666667,3.0591666666666666,85.15277777777777,955.9619444444444,83.72222222222223,227.0402777777778,720,LK,7.2906,80.6337,499.0,0.499
lk_kandy,7,24.285752688172042,0.5806451612903225,3.40866935483871,78.85887096774194,955.6443548387097,64.61559139784946,260.7795698924731,744,LK,7.2906,80.6337,499.0,0.499
lk_kandy,8,23.6377688172043,1.732258064516129,3.589543010752688,82.78897849462365,956.3610215053764,80.85349462365592,227.5201612903226,744,LK,7.2906,80.6337,499.0,0.499
lk_kegalle,1,23.925403225806452,2.2935483870967737,2.635994623655914,76.77688172043011,989.060752688172,56.44489247311828,199.86559139784947,744,LK,7.2513,80.3464,205.0,0.205
lk_kegalle,2,24.770684523809525,2.9678571428571425,2.480848214285714,76.14583333333333,987.6748511904761,71.39434523809524,200.33184523809524,672,LK,7.2513,80.3464,205.0,0.205
lk_kegalle,3,27.31975806451613,0.735483870967742,1.3099462365591399,65.12903225806451,987.0189516129032,29.598118279569892,273.00940860215053,744,LK,7.2513,80.3464,205.0,0.205
lk_kegalle,4,27.132777777777775,3.286666666666666,1.4441805555555556,75.88333333333334,986.3452777777777,60.96944444444444,248.0375,720,LK,7.2513,80.3464,205.0,0.205
lk_kegalle,5,25.43198924731183,7.670967741935485,2.6746236559139787,85.65994623655914,985.7833333333334,84.53629032258064,186.2016129032258,744,LK,7.2513,80.3464,205.0,0.205
lk_kegalle,6,25.025416666666665,6.4,3.2567638888888886,85.40694444444445,987.4869444444444,86.22638888888889,194.8361111111111,720,LK,7.2513,80.3464,205.0,0.205
lk_kegalle,7,25.430779569892472,4.138709677419355,3.348481182795699,81.7258064516129,987.1663978494624,70.82930107526882,222.31451612903226,744,LK,7.2513,80.3464,205.0,0.205
lk_kegalle,8,24.731854838709676,5.92258064516129,3.3628225806451613,84.79166666666667,988.0462365591399,84.76209677419355,202.3279569892473,744,LK,7.2513,80.3464,205.0,0.205
lk_kurunegala,1,24.3627688172043,2.5677419354838706,2.9004435483870967,80.03225806451613,998.4875,57.51209677419355,197.23924731182797,744,LK,7.4863,80.3647,124.0,0.124
lk_kurunegala,2,25.14717261904762,2.6999999999999997,2.9387351190476187,79.25297619047619,997.0491071428571,70.84672619047619,200.31994047619048,672,LK,7.4863,80.3647,124.0,0.124
lk_kurunegala,3,28.021639784946235,0.8096774193548387,1.4836962365591397,64.96774193548387,996.0858870967742,27.09005376344086,278.9220430107527,744,LK,7.4863,80.3647,124.0,0.124
lk_kurunegala,4,28.003055555555555,3.6100000000000003,1.6462222222222223,76.47638888888889,995.35625,59.793055555555554,252.9611111111111,720,LK,7.4863,80.3647,124.0,0.124
lk_kurunegala,5,26.319354838709675,6.8741935483870975,3.2391801075268813,84.77284946236558,994.7198924731182,83.07930107526882,191.89247311827958,744,LK,7.4863,80.3647,124.0,0.124
lk_kurunegala,6,25.96388888888889,4.523333333333333,4.075027777777778,83.7375,996.37875,84.5875,203.04861111111111,720,LK,7.4863,80.3647,124.0,0.124
lk_kurunegala,7,26.561827956989248,2.503225806451613,4.296626344086022,78.80645161290323,996.0423387096774,70.71236559139786,231.43817204301075,744,LK,7.4863,80.3647,124.0,0.124
lk_kurunegala,8,25.736021505376343,3.9967741935483874,4.324395161290322,82.62231182795699,996.9122311827956,83.19489247311827,212.38306451612902,744,LK,7.4863,80.3647,124.0,0.124
lk_mannar,1,25.04744623655914,1.8548387096774195,5.1039650537634405,77.65725806451613,1012.609811827957,57.568548387096776,182.98790322580646,744,LK,8.981,79.9044,6.0,0.006
lk_mannar,2,25.95907738095238,1.175,4.808898809523809,76.17113095238095,1011.1193452380952,64.58035714285714,208.78125,672,LK,8.981,79.9044,6.0,0.006
lk_mannar,3,28.119354838709675,0.2064516129032258,3.54630376344086,69.75403225806451,1009.6181451612904,15.549731182795698,275.8508064516129,744,LK,8.981,79.9044,6.0,0.006
lk_mannar,4,29.626527777777774,1.2966666666666666,3.3854444444444445,72.82916666666667,1008.2404166666666,55.477777777777774,264.2652777777778,720,LK,8.981,79.9044,6.0,0.006
lk_mannar,5,28.533602150537636,4.95483870967742,6.500927419354838,81.08198924731182,1006.823252688172,70.54435483870968,217.8790322580645,744,LK,8.981,79.9044,6.0,0.006
lk_mannar,6,28.68208333333333,0.59,8.274347222222222,77.95694444444445,1007.9645833333333,72.34583333333333,258.28194444444443,720,LK,8.981,79.9044,6.0,0.006
lk_mannar,7,28.59489247311828,0.14516129032258063,8.48353494623656,76.64381720430107,1007.5033602150538,72.22043010752688,268.8790322580645,744,LK,8.981,79.9044,6.0,0.006
lk_mannar,8,28.09905913978495,0.3419354838709677,7.798387096774194,77.3239247311828,1008.4551075268816,78.05376344086021,250.06854838709677,744,LK,8.981,79.9044,6.0,0.006
lk_matale,1,23.376344086021504,4.029032258064516,2.4426478494623654,84.64516129032258,972.7051075268816,62.91935483870968,186.08064516129033,744,LK,7.4675,80.6234,356.0,0.356
lk_matale,2,24.006696428571427,3.5857142857142854,2.4373511904761904,84.74702380952381,971.413244047619,72.86458333333333,187.02678571428572,672,LK,7.4675,80.6234,356.0,0.356
lk_matale,3,26.208467741935483,0.7774193548387096,1.4185752688172044,71.20430107526882,970.6801075268817,26.891129032258064,280.2782258064516,744,LK,7.4675,80.6234,356.0,0.356
lk_matale,4,27.02638888888889,4.65,1.2382083333333334,79.37222222222222,970.0265277777778,61.705555555555556,255.38055555555556,720,LK,7.4675,80.6234,356.0,0.356
lk_matale,5,26.084408602150535,5.054838709677419,3.128521505376344,84.4502688172043,969.2370967741936,82.08602150537635,207.63844086021504,744,LK,7.4675,80.6234,356.0,0.356
lk_matale,6,26.02722222222222,2.293333333333333,4.185930555555555,80.93333333333334,970.8248611111111,84.67916666666666,215.16666666666666,720,LK,7.4675,80.6234,356.0,0.356
lk_matale,7,26.701612903225808,1.467741935483871,4.500416666666666,74.53091397849462,970.5314516129033,69.73521505376344,245.80913978494624,744,LK,7.4675,80.6234,356.0,0.356
lk_matale,8,25.948118279569893,3.441935483870968,4.501559139784946,78.33198924731182,971.3197580645161,83.43548387096774,220.50806451612902,744,LK,7.4675,80.6234,356.0,0.356
lk_matara,1,26.0877688172043,2.2483870967741937,1.744206989247312,81.37768817204301,1011.4088709677419,60.23252688172043,228.502688172043,744,LK,5.9549,80.555,6.0,0.006
lk_matara,2,26.185863095238098,4.4035714285714285,1.9555208333333332,82.8110119047619,1010.116517857143,74.15327380952381,200.86607142857142,672,LK,5.9549,80.555,6.0,0.006
lk_matara,3,27.20040322580645,1.9,2.0699327956989246,80.50537634408602,1009.699193548387,37.72849462365591,279.9301075268817,744,LK,5.9549,80.555,6.0,0.006
lk_matara,4,27.970000000000002,5.066666666666666,2.0523611111111113,82.25972222222222,1008.9045833333334,67.23472222222222,254.6638888888889,720,LK,5.9549,80.555,6.0,0.006
lk_matara,5,27.301209677419354,5.751612903225807,4.55231182795699,86.30376344086021,1008.333870967742,82.10215053763442,215.53494623655914,744,LK,5.9549,80.555,6.0,0.006
lk_matara,6,27.169444444444444,4.9366666666666665,5.402597222222222,84.5625,1010.025,80.8125,230.51388888888889,720,LK,5.9549,80.555,6.0,0.006
lk_matara,7,27.516532258064515,3.5,5.4480913978494625,81.58736559139786,1009.6481182795699,62.53629032258065,252.6290322580645,744,LK,5.9549,80.555,6.0,0.006
lk_matara,8,26.514919354838707,6.667741935483871,5.556868279569893,85.95295698924731,1010.6771505376345,84.54435483870968,224.7311827956989,744,LK,5.9549,80.555,6.0,0.006
lk_nawalapitiya,1,22.54744623655914,4.596774193548387,1.2918548387096773,82.94489247311827,948.7864247311828,63.71639784946237,192.75,744,LK,7.0505,80.53,577.0,0.577
lk_nawalapitiya,2,23.122767857142858,11.817857142857143,1.151279761904762,83.62946428571429,947.7016369047619,75.11011904761905,186.82142857142858,672,LK,7.0505,80.53,577.0,0.577
lk_nawalapitiya,3,25.274596774193547,3.290322580645161,0.9146370967741936,69.9502688172043,947.6165322580645,37.446236559139784,269.43951612903226,744,LK,7.0505,80.53,577.0,0.577
lk_nawalapitiya,4,25.29638888888889,11.836666666666668,0.8010555555555555,83.34305555555555,947.0777777777778,66.62777777777778,242.275,720,LK,7.0505,80.53,577.0,0.577
lk_nawalapitiya,5,24.290994623655912,11.2,1.4077822580645163,89.38306451612904,946.4654569892474,87.06854838709677,194.30376344086022,744,LK,7.0505,80.53,577.0,0.577
lk_nawalapitiya,6,23.773055555555555,7.616666666666666,1.6980694444444444,89.1,948.0379166666668,87.8,202.92361111111111,720,LK,7.0505,80.53,577.0,0.577
lk_nawalapitiya,7,23.84354838709677,4.596774193548387,1.721518817204301,85.1989247311828,947.7147849462366,68.74731182795699,234.13575268817203,744,LK,7.0505,80.53,577.0,0.577
lk_nawalapitiya,8,23.339919354838713,9.351612903225805,1.7249327956989247,88.70161290322581,948.4943548387098,87.61424731182795,205.122311827957,744,LK,7.0505,80.53,577.0,0.577
lk_nuwara_eliya,1,16.27258064516129,3.9645161290322584,1.3943951612903227,83.06586021505376,816.4493279569894,69.72043010752688,188.4247311827957,744,LK,6.9497,80.7891,1888.0,1.888
lk_nuwara_eliya,2,16.368303571428573,7.867857142857143,1.4492708333333333,86.04464285714286,815.554613095238,77.47321428571429,180.3125,672,LK,6.9497,80.7891,1888.0,1.888
lk_nuwara_eliya,3,17.210483870967742,1.3258064516129033,0.9538978494623657,74.1760752688172,815.5172043010754,36.62903225806452,274.619623655914,744,LK,6.9497,80.7891,1888.0,1.888
lk_nuwara_eliya,4,17.990972222222222,8.483333333333334,0.7003055555555556,85.74444444444444,815.5368055555556,72.6875,245.24166666666667,720,LK,6.9497,80.7891,1888.0,1.888
lk_nuwara_eliya,5,18.292069892473116,9.093548387096773,2.071411290322581,88.98790322580645,815.0076612903225,88.06720430107526,212.30241935483872,744,LK,6.9497,80.7891,1888.0,1.888
lk_nuwara_eliya,6,18.096527777777776,5.09,2.87,86.48611111111111,816.1391666666666,89.11944444444444,221.5236111111111,720,LK,6.9497,80.7891,1888.0,1.888
lk_nuwara_eliya,7,18.57768817204301,2.0709677419354837,3.057311827956989,79.05510752688173,816.0735215053763,69.92204301075269,256.5981182795699,744,LK,6.9497,80.7891,1888.0,1.888
lk_nuwara_eliya,8,18.04731182795699,5.193548387096774,3.2629032258064514,83.71505376344086,816.4543010752689,87.45564516129032,220.86290322580646,744,LK,6.9497,80.7891,1888.0,1.888
lk_pidurutalagala,1,12.441935483870967,3.9645161290322584,1.3943951612903227,83.61693548387096,759.2961021505376,69.72043010752688,188.4247311827957,744,LK,7.0008,80.7733,2500.0,2.5
lk_pidurutalagala,2,12.61205357142857,7.867857142857143,1.4492708333333333,85.83184523809524,758.5377976190476,77.47321428571429,180.3125,672,LK,7.0008,80.7733,2500.0,2.5
lk_pidurutalagala,3,13.737096774193548,1.3258064516129033,0.9538978494623657,73.3252688172043,758.871370967742,36.62903225806452,274.619623655914,744,LK,7.0008,80.7733,2500.0,2.5
lk_pidurutalagala,4,14.515416666666667,8.483333333333334,0.7003055555555556,84.4,759.03625,72.6875,245.24166666666667,720,LK,7.0008,80.7733,2500.0,2.5
lk_pidurutalagala,5,14.758198924731182,9.093548387096773,2.071411290322581,87.36559139784946,758.5575268817205,88.06720430107526,212.30241935483872,744,LK,7.0008,80.7733,2500.0,2.5
lk_pidurutalagala,6,14.63736111111111,5.09,2.87,84.40555555555555,759.6294444444444,89.11944444444444,221.5236111111111,720,LK,7.0008,80.7733,2500.0,2.5
lk_pidurutalagala,7,15.158064516129032,2.0709677419354837,3.057311827956989,76.06854838709677,759.6852150537635,69.92204301075269,256.5981182795699,744,LK,7.0008,80.7733,2500.0,2.5
lk_pidurutalagala,8,14.647177419354838,5.193548387096774,3.2629032258064514,80.36962365591398,759.9563172043011,87.45564516129032,220.86290322580646,744,LK,7.0008,80.7733,2500.0,2.5
lk_polonnaruwa,1,24.289247311827957,3.887096774193548,2.1443279569892475,82.98655913978494,1007.4176075268816,69.01747311827957,176.2755376344086,744,LK,7.9403,81.0188,49.0,0.049
lk_polonnaruwa,2,24.686309523809523,4.6571428571428575,2.0099702380952382,84.5014880952381,1006.0947916666667,76.84672619047619,179.65178571428572,672,LK,7.9403,81.0188,49.0,0.049
lk_polonnaruwa,3,26.546505376344083,0.535483870967742,1.7684139784946238,77.46236559139786,1004.9735215053764,31.896505376344088,274.9005376344086,744,LK,7.9403,81.0188,49.0,0.049
lk_polonnaruwa,4,28.525694444444444,2.7733333333333334,1.5210555555555556,76.34027777777777,1003.5809722222223,57.975,269.8236111111111,720,LK,7.9403,81.0188,49.0,0.049
lk_polonnaruwa,5,28.248252688172045,4.209677419354839,3.8743817204301076,75.90188172043011,1002.0557795698925,72.57930107526882,239.60887096774192,744,LK,7.9403,81.0188,49.0,0.049
lk_polonnaruwa,6,29.290555555555557,0.36666666666666664,5.570888888888889,64.81388888888888,1003.3133333333333,77.61666666666666,242.56944444444446,720,LK,7.9403,81.0188,49.0,0.049
lk_polonnaruwa,7,29.897311827956987,0.04516129032258065,5.982446236559139,59.778225806451616,1002.7715053763441,65.50537634408602,272.41129032258067,744,LK,7.9403,81.0188,49.0,0.049
lk_polonnaruwa,8,29.326075268817203,0.19677419354838707,5.982782258064516,61.818548387096776,1003.6572580645161,80.36290322580645,240.4959677419355,744,LK,7.9403,81.0188,49.0,0.049
lk_puttalam,1,25.290860215053765,1.3516129032258064,3.3129166666666667,78.04569892473118,1012.4475806451613,60.446236559139784,194.51344086021504,744,LK,8.0362,79.8283,4.0,0.004
lk_puttalam,2,26.095386904761902,2.0821428571428573,3.2055208333333334,77.83035714285714,1010.9529761904762,71.76636904761905,203.52529761904762,672,LK,8.0362,79.8283,4.0,0.004
lk_puttalam,3,28.223790322580644,0.4483870967741936,2.0931720430107528,71.7486559139785,1009.6346774193548,23.431451612903224,281.3198924731183,744,LK,8.0362,79.8283,4.0,0.004
lk_puttalam,4,29.113194444444446,2.26,2.048652777777778,76.62638888888888,1008.6411111111111,58.82361111111111,257.34166666666664,720,LK,8.0362,79.8283,4.0,0.004
lk_puttalam,5,28.00537634408602,7.051612903225807,3.9811021505376343,83.47043010752688,1007.7885752688171,77.85215053763442,199.36559139784947,744,LK,8.0362,79.8283,4.0,0.004
lk_puttalam,6,27.667777777777776,3.66,5.199680555555555,83.23472222222222,1009.3119444444444,79.76805555555555,221.29583333333332,720,LK,8.0362,79.8283,4.0,0.004
lk_puttalam,7,27.91034946236559,0.9903225806451612,5.573844086021505,80.38306451612904,1008.9197580645161,68.46774193548387,249.4005376344086,744,LK,8.0362,79.8283,4.0,0.004
lk_puttalam,8,27.490456989247313,1.2806451612903227,5.5240188172043005,80.2486559139785,1009.7813172043011,81.23790322580645,232.04032258064515,744,LK,8.0362,79.8283,4.0,0.004
lk_ratnapura,1,24.908870967741937,7.32258064516129,0.8786827956989247,85.43548387096774,1009.2766129032259,66.87768817204301,199.48252688172042,744,LK,6.6828,80.3992,34.0,0.034
lk_ratnapura,2,25.136904761904763,15.039285714285715,0.818720238095238,88.19642857142857,1008.0150297619048,77.22619047619048,189.01934523809524,672,LK,6.6828,80.3992,34.0,0.034
lk_ratnapura,3,26.301747311827956,4.035483870967742,0.9822446236559139,82.18548387096774,1007.6405913978494,43.23924731182796,264.06451612903226,744,LK,6.6828,80.3992,34.0,0.034
lk_ratnapura,4,26.746944444444445,11.563333333333333,0.9410833333333334,86.71111111111111,1007.0586111111111,66.75972222222222,237.65694444444443,720,LK,6.6828,80.3992,34.0,0.034
lk_ratnapura,5,26.026747311827958,12.754838709677419,1.4694086021505377,91.40725806451613,1006.6650537634409,87.63844086021506,189.8938172043011,744,LK,6.6828,80.3992,34.0,0.034
lk_ratnapura,6,25.61777777777778,7.783333333333333,1.9190277777777778,90.81805555555556,1008.43,87.37777777777778,200.67916666666667,720,LK,6.6828,80.3992,34.0,0.034
lk_ratnapura,7,25.59287634408602,4.8032258064516125,2.01741935483871,88.93682795698925,1008.030376344086,68.22446236559139,231.7284946236559,744,LK,6.6828,80.3992,34.0,0.034
lk_ratnapura,8,25.189919354838707,9.638709677419355,2.025524193548387,91.31048387096774,1008.9798387096774,89.06989247311827,201.07123655913978,744,LK,6.6828,80.3992,34.0,0.034
lk_sri_pada,1,14.301344086021507,7.32258064516129,0.8786827956989247,83.2741935483871,788.3245967741935,66.87768817204301,199.48252688172042,744,LK,6.8096,80.4994,2163.0,2.163
lk_sri_pada,2,14.487797619047617,15.039285714285715,0.818720238095238,85.8735119047619,787.461607142857,77.22619047619048,189.01934523809524,672,LK,6.8096,80.4994,2163.0,2.163
lk_sri_pada,3,15.357930107526881,4.035483870967742,0.9822446236559139,77.15725806451613,787.7262096774194,43.23924731182796,264.06451612903226,744,LK,6.8096,80.4994,2163.0,2.163
lk_sri_pada,4,15.975138888888889,11.563333333333333,0.9410833333333334,85.62638888888888,787.6797222222223,66.75972222222222,237.65694444444443,720,LK,6.8096,80.4994,2163.0,2.163
lk_sri_pada,5,15.728091397849463,12.754838709677419,1.4694086021505377,90.36424731182795,787.2157258064516,87.63844086021506,189.8938172043011,744,LK,6.8096,80.4994,2163.0,2.163
lk_sri_pada,6,15.363472222222223,7.783333333333333,1.9190277777777778,89.59861111111111,788.3556944444445,87.37777777777778,200.67916666666667,720,LK,6.8096,80.4994,2163.0,2.163
lk_sri_pada,7,15.543413978494623,4.8032258064516125,2.01741935483871,86.1774193548387,788.1700268817204,68.22446236559139,231.7284946236559,744,LK,6.8096,80.4994,2163.0,2.163
lk_sri_pada,8,14.916666666666666,9.638709677419355,2.025524193548387,90.04435483870968,788.500940860215,89.06989247311827,201.07123655913978,744,LK,6.8096,80.4994,2163.0,2.163
lk_trincomalee,1,25.247043010752687,6.590322580645161,4.565215053763441,78.69623655913979,1012.0286290322581,64.90053763440861,190.6747311827957,744,LK,8.5874,81.2152,9.0,0.009
lk_trincomalee,2,25.59672619047619,4.264285714285714,4.250654761904762,80.3125,1010.711755952381,69.77083333333333,198.60119047619048,672,LK,8.5874,81.2152,9.0,0.009
lk_trincomalee,3,27.07298387096774,0.7387096774193549,2.992150537634408,77.22043010752688,1009.6202956989247,22.666666666666668,280.25940860215053,744,LK,8.5874,81.2152,9.0,0.009
lk_trincomalee,4,28.980277777777776,1.18,2.824097222222222,75.875,1008.1083333333333,56.90138888888889,276.4166666666667,720,LK,8.5874,81.2152,9.0,0.009
lk_trincomalee,5,28.644489247311828,4.696774193548387,4.909233870967742,76.99596774193549,1006.3438172043011,71.9260752688172,241.88440860215053,744,LK,8.5874,81.2152,9.0,0.009
lk_trincomalee,6,29.34722222222222,0.6799999999999999,6.5179583333333335,69.45277777777778,1007.4498611111111,74.84861111111111,252.25555555555556,720,LK,8.5874,81.2152,9.0,0.009
lk_trincomalee,7,30.05483870967742,0.041935483870967745,6.541706989247311,63.79032258064516,1006.8540322580645,66.25,272.80645161290323,744,LK,8.5874,81.2152,9.0,0.009
lk_trincomalee,8,29.628629032258065,0.35161290322580646,6.487822580645161,64.99327956989248,1007.7424731182796,79.56182795698925,245.3521505376344,744,LK,8.5874,81.2152,9.0,0.009
lk_welimada,1,19.734408602150538,4.532258064516129,1.4970564516129032,84.63306451612904,897.4995967741935,66.11693548387096,184.60752688172042,744,LK,6.902,80.9223,1064.0,1.064
lk_welimada,2,19.905654761904763,7.15,1.4482291666666667,86.53869047619048,896.5004464285715,75.67857142857143,174.99553571428572,672,LK,6.902,80.9223,1064.0,1.064
lk_welimada,3,20.941397849462366,1.7,1.2236827956989247,79.13306451612904,896.139247311828,32.63172043010753,273.0309139784946,744,LK,6.902,80.9223,1064.0,1.064
lk_welimada,4,21.98097222222222,5.123333333333333,1.0260416666666667,85.20972222222223,895.6693055555556,64.64722222222223,246.06666666666666,720,LK,6.902,80.9223,1064.0,1.064
lk_welimada,5,22.636424731182796,7.445161290322581,1.545201612903226,83.43145161290323,894.4537634408601,79.80510752688173,225.28629032258064,744,LK,6.902,80.9223,1064.0,1.064
lk_welimada,6,23.074305555555554,1.876666666666667,1.8777777777777778,76.24305555555556,895.5959722222221,82.56944444444444,233.7111111111111,720,LK,6.902,80.9223,1064.0,1.064
lk_welimada,7,24.06989247311828,0.28387096774193554,2.2001881720430108,63.92338709677419,895.3811827956989,60.803763440860216,269.3333333333333,744,LK,6.902,80.9223,1064.0,1.064
lk_welimada,8,23.785752688172042,0.7580645161290323,2.409274193548387,66.88844086021506,896.0486559139785,81.28897849462365,230.5779569892473,744,LK,6.902,80.9223,1064.0,1.064
mm_hakha,1,11.334408602150537,0.0,0.742217741935484,68.73790322580645,826.053494623656,13.466397849462366,210.4744623655914,744,MM,22.6445,93.6108,1768.0,1.768
mm_hakha,2,13.271279761904761,0.010714285714285714,1.0021875,54.875,825.4965773809523,15.069940476190476,244.4657738095238,672,MM,22.6445,93.6108,1768.0,1.768
mm_hakha,3,15.78494623655914,0.4032258064516129,1.4341801075268816,60.84543010752688,825.920564516129,31.557795698924732,236.20430107526883,744,MM,22.6445,93.6108,1768.0,1.768
mm_hakha,4,18.72888888888889,1.2966666666666666,1.7460416666666667,59.58611111111111,825.8870833333333,34.39861111111111,261.69444444444446,720,MM,22.6445,93.6108,1768.0,1.768
mm_hakha,5,18.54543010752688,4.509677419354839,1.0489112903225806,80.88172043010752,824.961559139785,55.37096774193548,223.90322580645162,744,MM,22.6445,93.6108,1768.0,1.768
mm_hakha,6,19.059166666666666,10.126666666666667,0.9673194444444445,90.96944444444445,823.583888888889,90.53472222222223,157.2138888888889,720,MM,22.6445,93.6108,1768.0,1.768
mm_hakha,7,18.879166666666666,15.116129032258065,1.0937903225806451,93.24596774193549,822.4638440860215,96.22177419354838,134.622311827957,744,MM,22.6445,93.6108,1768.0,1.768
mm_hakha,8,19.157526881720432,16.174193548387098,0.8936021505376345,93.73924731182795,823.0396505376344,94.68010752688173,144.5268817204301,744,MM,22.6445,93.6108,1768.0,1.768
mm_kalaw,1,15.544086021505375,0.022580645161290325,1.255497311827957,66.06720430107526,872.4905913978495,6.920698924731183,213.58198924731184,744,MM,20.6333,96.5667,1309.0,1.309
mm_kalaw,2,18.365178571428572,0.05714285714285715,1.4126190476190477,54.944940476190474,871.6269345238096,18.038690476190474,241.25892857142858,672,MM,20.6333,96.5667,1309.0,1.309
mm_kalaw,3,20.518951612903226,0.18709677419354837,1.874233870967742,51.64381720430107,871.2967741935485,10.405913978494624,273.1532258064516,744,MM,20.6333,96.5667,1309.0,1.309
mm_kalaw,4,23.085416666666667,0.6166666666666667,2.0737083333333333,58.05555555555556,870.4923611111111,23.218055555555555,286.06388888888887,720,MM,20.6333,96.5667,1309.0,1.309
mm_kalaw,5,21.7872311827957,6.080645161290322,1.6248655913978496,82.23252688172043,869.736693548387,64.64247311827957,228.247311827957,744,MM,20.6333,96.5667,1309.0,1.309
mm_kalaw,6,21.105833333333333,12.113333333333333,2.180180555555556,90.91805555555555,868.6736111111111,91.54722222222222,162.36111111111111,720,MM,20.6333,96.5667,1309.0,1.309
mm_kalaw,7,20.64502688172043,15.280645161290323,2.018037634408602,92.21102150537635,867.8768817204301,96.70698924731182,125.81182795698925,744,MM,20.6333,96.5667,1309.0,1.309
mm_kalaw,8,20.938306451612902,10.290322580645162,1.831209677419355,92.02284946236558,868.2099462365591,94.90994623655914,141.80107526881721,744,MM,20.6333,96.5667,1309.0,1.309
mm_mandalay,1,20.833736559139783,0.016129032258064516,1.4468279569892475,69.33198924731182,1006.0383064516129,10.935483870967742,201.7540322580645,744,MM,21.9588,96.0891,76.0,0.076
mm_mandalay,2,23.996875,0.0035714285714285718,1.6317559523809524,59.50892857142857,1002.9986607142857,19.602678571428573,235.1220238095238,672,MM,21.9588,96.0891,76.0,0.076
mm_mandalay,3,28.079435483870967,0.08387096774193549,2.063561827956989,48.14650537634409,1000.7577956989248,14.501344086021506,263.877688172043,744,MM,21.9588,96.0891,76.0,0.076
mm_mandalay,4,30.989583333333332,1.6066666666666667,2.197402777777778,50.986111111111114,998.1309722222223,27.955555555555556,278.72083333333336,720,MM,21.9588,96.0891,76.0,0.076
mm_mandalay,5,28.756854838709675,5.129032258064516,2.387956989247312,74.6747311827957,997.9787634408601,56.200268817204304,234.98924731182797,744,MM,21.9588,96.0891,76.0,0.076
mm_mandalay,6,27.827361111111113,5.096666666666667,4.154569444444444,79.72916666666667,996.4740277777778,87.10833333333333,176.3763888888889,720,MM,21.9588,96.0891,76.0,0.076
mm_mandalay,7,27.354569892473116,4.225806451612904,4.141505376344086,80.54569892473118,995.7807795698925,92.83602150537635,148.19086021505376,744,MM,21.9588,96.0891,76.0,0.076
mm_mandalay,8,27.345026881720432,5.554838709677419,3.614744623655914,82.03494623655914,996.2630376344085,89.46102150537635,153.6465053763441,744,MM,21.9588,96.0891,76.0,0.076
mm_taunggyi,1,15.117741935483872,0.05161290322580645,1.1496236559139785,62.524193548387096,864.4767473118279,11.25,213.4744623655914,744,MM,20.7888,97.0337,1390.0,1.39
mm_taunggyi,2,17.59360119047619,0.10000000000000002,1.1942261904761904,55.910714285714285,863.6561011904762,24.196428571428573,237.38541666666666,672,MM,20.7888,97.0337,1390.0,1.39
mm_taunggyi,3,19.545026881720432,0.4838709677419355,1.6058602150537635,53.3494623655914,863.3569892473118,15.341397849462366,264.06720430107526,744,MM,20.7888,97.0337,1390.0,1.39
mm_taunggyi,4,22.106666666666666,0.65,1.7448472222222222,57.733333333333334,862.5772222222222,25.823611111111113,282.2013888888889,720,MM,20.7888,97.0337,1390.0,1.39
mm_taunggyi,5,20.836155913978494,4.974193548387096,1.5056989247311827,78.67338709677419,861.7243279569893,66.13575268817205,223.51478494623655,744,MM,20.7888,97.0337,1390.0,1.39
mm_taunggyi,6,20.43347222222222,5.016666666666667,2.3158194444444447,84.26388888888889,860.5315277777777,90.58333333333333,173.2736111111111,720,MM,20.7888,97.0337,1390.0,1.39
mm_taunggyi,7,19.767607526881722,7.96774193548387,1.9395698924731182,87.51344086021506,859.6217741935484,96.6236559139785,130.75,744,MM,20.7888,97.0337,1390.0,1.39
mm_taunggyi,8,20.126881720430106,5.364516129032259,1.6868279569892473,87.30645161290323,859.984811827957,94.93279569892474,144.73387096774192,744,MM,20.7888,97.0337,1390.0,1.39
mm_yangon,1,24.068548387096776,0.0064516129032258064,1.807728494623656,72.05510752688173,1013.1548387096774,22.112903225806452,218.22043010752688,744,MM,16.8409,96.1735,7.0,0.007
mm_yangon,2,26.79791666666667,0.08214285714285713,1.8413244047619046,61.638392857142854,1010.6199404761904,26.407738095238095,226.54315476190476,672,MM,16.8409,96.1735,7.0,0.007
mm_yangon,3,28.263440860215052,0.1645161290322581,2.0078225806451613,60.31182795698925,1009.5944892473119,16.5,280.0295698924731,744,MM,16.8409,96.1735,7.0,0.007
mm_yangon,4,30.730277777777776,0.05666666666666668,2.638611111111111,60.44305555555555,1007.5611111111111,19.477777777777778,299.27916666666664,720,MM,16.8409,96.1735,7.0,0.007
mm_yangon,5,28.59233870967742,10.532258064516128,2.040188172043011,80.0524193548387,1006.8869623655914,78.93817204301075,197.21908602150538,744,MM,16.8409,96.1735,7.0,0.007
mm_yangon,6,26.82388888888889,15.916666666666666,2.4923888888888888,89.65138888888889,1006.9977777777779,94.82638888888889,142.37777777777777,720,MM,16.8409,96.1735,7.0,0.007
mm_yangon,7,26.631451612903223,15.693548387096776,2.72247311827957,89.90591397849462,1006.3763440860215,96.16263440860214,127.94489247311827,744,MM,16.8409,96.1735,7.0,0.007
mm_yangon,8,26.296236559139786,16.541935483870965,2.6281182795698923,91.6760752688172,1006.5586021505376,96.02284946236558,116.17876344086021,744,MM,16.8409,96.1735,7.0,0.007
my_cameron_highlands,1,18.55537634408602,1.9709677419354839,1.1648655913978494,82.31720430107526,859.7926075268816,85.2741935483871,202.16263440860214,744,MY,4.47,101.376,1436.0,1.436
my_cameron_highlands,2,19.307886904761904,5.414285714285715,1.1575744047619048,82.41369047619048,859.0050595238096,82.0952380952381,217.32440476190476,672,MY,4.47,101.376,1436.0,1.436
my_cameron_highlands,3,20.14731182795699,3.219354838709677,1.0489112903225806,77.26344086021506,858.7852150537634,71.20161290322581,255.997311827957,744,MY,4.47,101.376,1436.0,1.436
my_cameron_highlands,4,20.16125,11.370000000000001,0.6775,87.95,858.4736111111112,84.89444444444445,227.23611111111111,720,MY,4.47,101.376,1436.0,1.436
my_cameron_highlands,5,20.571370967741935,8.793548387096775,0.8557661290322581,87.04435483870968,858.6086021505376,89.18682795698925,210.752688172043,744,MY,4.47,101.376,1436.0,1.436
my_cameron_highlands,6,20.105555555555554,11.226666666666667,0.88025,89.09583333333333,859.6154166666666,89.98194444444445,199.625,720,MY,4.47,101.376,1436.0,1.436
my_cameron_highlands,7,19.947715053763442,10.858064516129033,0.8112231182795698,87.8508064516129,859.1751344086022,87.48387096774194,209.01478494623655,744,MY,4.47,101.376,1436.0,1.436
my_cameron_highlands,8,20.42284946236559,7.074193548387098,0.9538709677419355,84.28225806451613,859.7797043010752,84.2997311827957,229.53091397849462,744,MY,4.47,101.376,1436.0,1.436
my_genting,1,15.335349462365592,1.4806451612903224,1.4170430107526881,80.61962365591398,827.0146505376345,82.3508064516129,209.08333333333334,744,MY,3.4239,101.7932,1745.0,1.745
my_genting,2,16.35014880952381,5.639285714285714,1.359047619047619,79.17857142857143,826.4647321428572,79.76785714285714,229.83630952380952,672,MY,3.4239,101.7932,1745.0,1.745
my_genting,3,17.311827956989248,3.045161290322581,1.2373655913978494,73.8991935483871,826.5274193548387,74.88172043010752,255.63306451612902,744,MY,3.4239,101.7932,1745.0,1.745
my_genting,4,16.846249999999998,7.526666666666667,0.977388888888889,85.74861111111112,826.0075,86.225,228.5013888888889,720,MY,3.4239,101.7932,1745.0,1.745
my_genting,5,17.03494623655914,7.458064516129031,1.0502956989247312,86.13575268817205,826.077688172043,89.73655913978494,213.6061827956989,744,MY,3.4239,101.7932,1745.0,1.745
my_genting,6,16.75625,7.180000000000001,1.1186388888888887,85.77083333333333,827.1441666666667,87.18888888888888,200.35,720,MY,3.4239,101.7932,1745.0,1.745
my_genting,7,16.337634408602153,6.032258064516129,1.0981854838709677,88.27956989247312,826.624059139785,83.99059139784946,199.84139784946237,744,MY,3.4239,101.7932,1745.0,1.745
my_genting,8,17.156182795698925,2.1870967741935483,1.2101478494623656,81.56451612903226,827.4,76.99059139784946,231.877688172043,744,MY,3.4239,101.7932,1745.0,1.745
my_george_town,1,27.726747311827957,0.45483870967741935,1.6237634408602148,69.75672043010752,1010.7209677419355,71.95698924731182,231.83870967741936,744,MY,5.4141,100.3288,6.0,0.006
my_george_town,2,27.814285714285717,5.3964285714285705,1.2658630952380951,76.15625,1009.5677083333334,73.1547619047619,231.29613095238096,672,MY,5.4141,100.3288,6.0,0.006
my_george_town,3,28.116532258064517,2.4741935483870967,1.2714381720430108,77.75268817204301,1009.1530913978495,69.92876344086021,255.33333333333334,744,MY,5.4141,100.3288,6.0,0.006
my_george_town,4,28.19986111111111,5.553333333333334,1.194,81.3638888888889,1008.7140277777778,76.6625,236.89305555555555,720,MY,5.4141,100.3288,6.0,0.006
my_george_town,5,28.26505376344086,7.458064516129031,1.2034139784946236,82.16935483870968,1008.8108870967743,90.27822580645162,210.86290322580646,744,MY,5.4141,100.3288,6.0,0.006
my_george_town,6,27.945694444444445,7.08,1.322513888888889,82.73472222222222,1010.1713888888889,86.14861111111111,206.93333333333334,720,MY,5.4141,100.3288,6.0,0.006
my_george_town,7,28.070967741935483,3.3451612903225802,1.2983064516129033,81.09408602150538,1009.7025537634408,83.9489247311828,214.60752688172042,744,MY,5.4141,100.3288,6.0,0.006
my_george_town,8,28.674193548387095,2.8741935483870966,1.4887231182795697,77.82661290322581,1010.0900537634409,78.60618279569893,236.88440860215053,744,MY,5.4141,100.3288,6.0,0.006
np_bharatpur,1,15.254166666666666,0.14838709677419357,0.9538037634408603,75.19086021505376,992.3236559139785,28.893817204301076,170.42876344086022,744,NP,27.6833,84.4333,213.0,0.213
np_bharatpur,2,19.455505952380953,0.25,1.0900148809523809,69.7514880952381,989.5840773809524,28.436011904761905,190.7529761904762,672,NP,27.6833,84.4333,213.0,0.213
np_bharatpur,3,22.04422043010753,5.403225806451613,1.1440456989247312,74.44489247311827,986.4106182795699,51.39381720430107,185.8991935483871,744,NP,27.6833,84.4333,213.0,0.213
np_bharatpur,4,24.828888888888887,7.6899999999999995,1.2638194444444446,70.49305555555556,983.197638888889,38.68194444444445,249.15277777777777,720,NP,27.6833,84.4333,213.0,0.213
np_bharatpur,5,25.47231182795699,7.090322580645163,1.0493951612903225,79.65188172043011,982.3922043010754,49.39650537634409,225.5215053763441,744,NP,27.6833,84.4333,213.0,0.213
np_bharatpur,6,28.095694444444447,7.846666666666666,0.9204027777777779,80.9125,979.5651388888889,46.67916666666667,226.04305555555555,720,NP,27.6833,84.4333,213.0,0.213
np_bharatpur,7,27.940860215053764,16.62258064516129,0.7717876344086022,86.07123655913979,977.9622311827957,93.47849462365592,144.95967741935485,744,NP,27.6833,84.4333,213.0,0.213
np_bharatpur,8,28.061290322580643,14.603225806451611,0.7727150537634409,85.68010752688173,979.4774193548386,89.68682795698925,156.68817204301075,744,NP,27.6833,84.4333,213.0,0.213
np_biratnagar,1,16.642607526881722,0.0,1.690282258064516,72.39784946236558,1008.3358870967742,13.864247311827956,180.05241935483872,744,NP,26.4525,87.2718,71.0,0.071
np_biratnagar,2,20.63095238095238,0.0071428571428571435,1.6451488095238094,59.805059523809526,1005.1553571428572,11.467261904761905,207.64285714285714,672,NP,26.4525,87.2718,71.0,0.071
np_biratnagar,3,23.883736559139784,2.0677419354838706,2.1588440860215057,63.70564516129032,1001.7504032258065,37.958333333333336,196.1491935483871,744,NP,26.4525,87.2718,71.0,0.071
np_biratnagar,4,26.68236111111111,3.8066666666666666,3.0601111111111114,61.59444444444444,998.3308333333333,37.49583333333333,229.38333333333333,720,NP,26.4525,87.2718,71.0,0.071
np_biratnagar,5,26.396370967741937,7.419354838709678,2.719690860215054,78.43548387096774,997.3958333333334,48.071236559139784,212.42741935483872,744,NP,26.4525,87.2718,71.0,0.071
np_biratnagar,6,28.243333333333336,7.816666666666666,2.288388888888889,81.65138888888889,994.3388888888888,60.96666666666667,206.54583333333332,720,NP,26.4525,87.2718,71.0,0.071
np_biratnagar,7,28.251075268817203,13.980645161290322,3.1696102150537637,83.99462365591398,992.5177419354839,88.0013440860215,161.11424731182797,744,NP,26.4525,87.2718,71.0,0.071
np_biratnagar,8,28.758064516129032,7.041935483870969,2.827956989247312,82.50806451612904,993.8065860215054,86.5,181.00672043010752,744,NP,26.4525,87.2718,71.0,0.071
np_dhulikhel,1,10.856451612903225,0.14838709677419354,0.9886559139784945,71.51209677419355,853.3025537634409,24.856182795698924,171.44623655913978,744,NP,27.6221,85.5421,1490.0,1.49
np_dhulikhel,2,13.292857142857141,0.5,1.0800446428571429,71.5014880952381,852.4927083333333,33.34077380952381,192.0327380952381,672,NP,27.6221,85.5421,1490.0,1.49
np_dhulikhel,3,15.707123655913978,4.609677419354838,1.1088978494623656,71.75940860215054,851.234811827957,51.19489247311828,193.1008064516129,744,NP,27.6221,85.5421,1490.0,1.49
np_dhulikhel,4,18.41402777777778,5.3500000000000005,1.2747777777777778,67.17777777777778,850.0125,41.30277777777778,251.65416666666667,720,NP,27.6221,85.5421,1490.0,1.49
np_dhulikhel,5,19.36545698924731,7.987096774193548,1.0433870967741936,81.89650537634408,849.9090053763441,60.26209677419355,231.71236559139786,744,NP,27.6221,85.5421,1490.0,1.49
np_dhulikhel,6,21.821666666666665,8.606666666666666,1.0075833333333333,86.34722222222223,848.8152777777777,65.63194444444444,226.15972222222223,720,NP,27.6221,85.5421,1490.0,1.49
np_dhulikhel,7,22.0622311827957,21.835483870967742,0.8740188172043011,90.99731182795699,847.5962365591397,93.60618279569893,143.07930107526883,744,NP,27.6221,85.5421,1490.0,1.49
np_dhulikhel,8,22.18024193548387,15.48709677419355,0.8383333333333334,89.83602150537635,848.9325268817205,90.92338709677419,162.34408602150538,744,NP,27.6221,85.5421,1490.0,1.49
np_dingboche,1,-6.273387096774193,0.25806451612903225,1.245510752688172,39.303763440860216,602.8349462365592,11.862903225806452,202.07392473118279,744,NP,27.892,86.8314,4321.0,4.321
np_dingboche,2,-6.0964285714285715,0.41785714285714287,1.153407738095238,50.964285714285715,602.7400297619048,21.898809523809526,233.85565476190476,672,NP,27.892,86.8314,4321.0,4.321
np_dingboche,3,-1.396774193548387,1.7451612903225808,1.1766532258064515,67.8010752688172,606.7975806451614,43.185483870967744,249.3279569892473,744,NP,27.892,86.8314,4321.0,4.321
np_dingboche,4,-0.022916666666666658,2.18,1.2146666666666666,72.00972222222222,607.9684722222222,43.481944444444444,287.55,720,NP,27.892,86.8314,4321.0,4.321
np_dingboche,5,2.87002688172043,3.548387096774194,1.0318010752688171,80.53360215053763,611.0254032258065,53.916666666666664,255.55510752688173,744,NP,27.892,86.8314,4321.0,4.321
np_dingboche,6,7.865833333333333,6.013333333333334,1.0541527777777777,87.37083333333334,615.3294444444444,67.15694444444445,232.87083333333334,720,NP,27.892,86.8314,4321.0,4.321
np_dingboche,7,9.618817204301076,14.338709677419354,0.907258064516129,94.35887096774194,616.6108870967741,94.41666666666667,173.11559139784947,744,NP,27.892,86.8314,4321.0,4.321
np_dingboche,8,9.426344086021505,14.319354838709675,0.8690053763440859,94.06451612903226,617.3692204301076,93.33198924731182,165.42741935483872,744,NP,27.892,86.8314,4321.0,4.321
np_janakpur,1,15.43481182795699,0.0032258064516129032,1.6021102150537634,75.19086021505376,1008.418817204301,17.471774193548388,180.78225806451613,744,NP,26.7271,85.9407,74.0,0.074
np_janakpur,2,20.16488095238095,0.0035714285714285718,1.4943005952380952,62.476190476190474,1005.116369047619,11.848214285714286,210.73363095238096,672,NP,26.7271,85.9407,74.0,0.074
np_janakpur,3,24.424865591397847,1.5774193548387094,1.9935618279569893,60.13575268817204,1001.225940860215,32.586021505376344,218.78897849462365,744,NP,26.7271,85.9407,74.0,0.074
np_janakpur,4,28.392222222222223,1.13,2.9065,50.3,997.6452777777778,29.858333333333334,265.6361111111111,720,NP,26.7271,85.9407,74.0,0.074
np_janakpur,5,28.08494623655914,2.454838709677419,2.719932795698925,69.13844086021506,996.7543010752687,39.39381720430107,251.02956989247312,744,NP,26.7271,85.9407,74.0,0.074
np_janakpur,6,30.195277777777775,5.156666666666666,2.284875,70.50555555555556,993.71125,49.858333333333334,236.6236111111111,720,NP,26.7271,85.9407,74.0,0.074
np_janakpur,7,28.496774193548386,9.941935483870967,2.7868279569892476,82.8763440860215,992.1233870967743,88.01075268817205,169.86424731182797,744,NP,26.7271,85.9407,74.0,0.074
np_janakpur,8,28.790994623655912,7.396774193548388,2.2201478494623657,83.03763440860214,993.5251344086021,86.72849462365592,182.33064516129033,744,NP,26.7271,85.9407,74.0,0.074
np_jomsom,1,1.3713709677419355,1.6096774193548384,1.0798252688172043,61.79435483870968,731.0487903225807,25.65456989247312,174.25,744,NP,28.7806,83.7278,2751.0,2.751
np_jomsom,2,-0.9316964285714286,3.4607142857142863,1.097202380952381,56.71875,728.1632440476191,34.56845238095238,200.51785714285714,672,NP,28.7806,83.7278,2751.0,2.751
np_jomsom,3,5.3842741935483875,7.325806451612904,1.0521236559139784,74.02822580645162,731.9569892473119,66.81182795698925,203.29166666666666,744,NP,28.7806,83.7278,2751.0,2.751
np_jomsom,4,5.434583333333333,6.313333333333333,1.197472222222222,78.96388888888889,730.9740277777778,49.15138888888889,262.28194444444443,720,NP,28.7806,83.7278,2751.0,2.751
np_jomsom,5,9.558467741935484,9.651612903225807,1.0706586021505378,85.10618279569893,733.8443548387096,69.95833333333333,236.93682795698925,744,NP,28.7806,83.7278,2751.0,2.751
np_jomsom,6,15.075694444444444,10.423333333333334,1.0550416666666667,87.78333333333333,736.9890277777778,66.69027777777778,232.6652777777778,720,NP,28.7806,83.7278,2751.0,2.751
np_jomsom,7,17.779032258064518,16.435483870967744,0.8467741935483871,93.06182795698925,737.776747311828,94.59543010752688,162.23521505376345,744,NP,28.7806,83.7278,2751.0,2.751
np_jomsom,8,17.20725806451613,24.290322580645164,0.8490994623655914,94.17876344086021,738.506317204301,94.16666666666667,146.04301075268816,744,NP,28.7806,83.7278,2751.0,2.751
np_kathmandu,1,11.647849462365592,0.29354838709677417,0.9516935483870969,71.27822580645162,872.6284946236559,32.29704301075269,170.80107526881721,744,NP,27.7172,85.324,1301.0,1.301
np_kathmandu,2,14.125595238095238,0.8714285714285714,1.0290625,72.88095238095238,871.9209821428572,43.39732142857143,188.71279761904762,672,NP,27.7172,85.324,1301.0,1.301
np_kathmandu,3,16.483064516129033,4.458064516129031,1.095255376344086,73.41801075268818,870.7819892473119,57.35752688172043,190.44892473118279,744,NP,27.7172,85.324,1301.0,1.301
np_kathmandu,4,19.38861111111111,5.706666666666666,1.2325972222222223,67.75833333333334,869.6027777777778,44.99166666666667,249.37083333333334,720,NP,27.7172,85.324,1301.0,1.301
np_kathmandu,5,20.072446236559138,7.729032258064516,0.9629166666666666,83.02284946236558,869.2676075268816,62.63709677419355,228.67741935483872,744,NP,27.7172,85.324,1301.0,1.301
np_kathmandu,6,22.566388888888888,8.743333333333332,0.9296388888888889,86.725,868.1208333333333,64.12083333333334,227.8513888888889,720,NP,27.7172,85.324,1301.0,1.301
np_kathmandu,7,22.914247311827957,25.3,0.892741935483871,91.91397849462365,866.769758064516,95.10618279569893,139.38575268817203,744,NP,27.7172,85.324,1301.0,1.301
np_kathmandu,8,23.069220430107528,15.251612903225807,0.8508064516129032,90.5241935483871,868.1942204301075,93.25672043010752,159.19623655913978,744,NP,27.7172,85.324,1301.0,1.301
np_lukla,1,2.8365591397849466,1.570967741935484,1.0006451612903227,52.630376344086024,726.584811827957,37.35618279569893,193.27956989247312,744,NP,27.6869,86.7297,2817.0,2.817
np_lukla,2,3.6217261904761906,4.235714285714286,1.0490178571428572,61.214285714285715,726.3625,49.879464285714285,216.2202380952381,672,NP,27.6869,86.7297,2817.0,2.817
np_lukla,3,6.710752688172043,6.7612903225806456,1.1295430107526883,73.48790322580645,727.3389784946236,58.420698924731184,219.372311827957,744,NP,27.6869,86.7297,2817.0,2.817
np_lukla,4,9.113888888888889,5.84,1.2332500000000002,72.51388888888889,727.9641666666666,53.769444444444446,261.4888888888889,720,NP,27.6869,86.7297,2817.0,2.817
np_lukla,5,10.898521505376344,11.0,1.0883064516129033,82.02822580645162,729.143682795699,68.84005376344086,231.7688172043011,744,NP,27.6869,86.7297,2817.0,2.817
np_lukla,6,13.97125,15.246666666666666,1.1029444444444445,89.01666666666667,730.0301388888888,82.38333333333334,210.6861111111111,720,NP,27.6869,86.7297,2817.0,2.817
np_lukla,7,15.197715053763442,21.648387096774194,0.9200672043010752,92.37231182795699,730.034811827957,93.06182795698925,154.61559139784947,744,NP,27.6869,86.7297,2817.0,2.817
np_lukla,8,15.063440860215055,23.606451612903225,0.913736559139785,92.59946236559139,731.048252688172,91.94086021505376,155.3965053763441,744,NP,27.6869,86.7297,2817.0,2.817
np_namche,1,-0.2325268817204301,0.25806451612903225,1.245510752688172,37.990591397849464,665.3233870967741,11.862903225806452,202.07392473118279,744,NP,27.8053,86.714,3556.0,3.556
np_namche,2,0.07976190476190477,0.41785714285714287,1.153407738095238,47.03422619047619,665.3026785714286,21.898809523809526,233.85565476190476,672,NP,27.8053,86.714,3556.0,3.556
np_namche,3,3.3623655913978494,1.7451612903225808,1.1766532258064515,68.56586021505376,667.2768817204301,43.185483870967744,249.3279569892473,744,NP,27.8053,86.714,3556.0,3.556
np_namche,4,5.468472222222222,2.18,1.2146666666666666,69.59444444444445,668.94875,43.481944444444444,287.55,720,NP,27.8053,86.714,3556.0,3.556
np_namche,5,7.687634408602151,3.548387096774194,1.0318010752688171,79.58064516129032,670.9928763440861,53.916666666666664,255.55510752688173,744,NP,27.8053,86.714,3556.0,3.556
np_namche,6,11.40263888888889,6.013333333333334,1.0541527777777777,86.79166666666667,673.4066666666666,67.15694444444445,232.87083333333334,720,NP,27.8053,86.714,3556.0,3.556
np_namche,7,12.88508064516129,14.338709677419354,0.907258064516129,93.2513440860215,674.1861559139785,94.41666666666667,173.11559139784947,744,NP,27.8053,86.714,3556.0,3.556
np_namche,8,12.7127688172043,14.319354838709675,0.8690053763440859,93.38978494623656,675.0772849462365,93.33198924731182,165.42741935483872,744,NP,27.8053,86.714,3556.0,3.556
np_pokhara,1,12.729301075268818,3.919354838709677,1.0821370967741937,72.1774193548387,921.1071236559139,48.36827956989247,163.03494623655914,744,NP,28.2096,83.9856,850.0,0.85
np_pokhara,2,14.121279761904763,5.921428571428572,1.1282440476190476,73.20089285714286,919.6443452380952,52.05357142857143,185.64136904761904,672,NP,28.2096,83.9856,850.0,0.85
np_pokhara,3,17.24422043010753,21.783870967741933,1.0580913978494624,80.71639784946237,918.1498655913979,73.66397849462365,184.23790322580646,744,NP,28.2096,83.9856,850.0,0.85
np_pokhara,4,20.054027777777776,11.056666666666665,1.1383611111111112,72.25277777777778,916.5133333333333,54.74861111111111,244.5888888888889,720,NP,28.2096,83.9856,850.0,0.85
np_pokhara,5,21.376478494623658,16.42258064516129,1.0117069892473118,78.78225806451613,916.0764784946236,68.45161290322581,223.36962365591398,744,NP,28.2096,83.9856,850.0,0.85
np_pokhara,6,23.724305555555556,20.13,0.9617361111111111,82.74722222222222,914.3343055555555,61.456944444444446,212.53472222222223,720,NP,28.2096,83.9856,850.0,0.85
np_pokhara,7,24.370564516129033,26.725806451612904,0.8702284946236559,89.50268817204301,912.8951612903226,95.4489247311828,147.53763440860214,744,NP,28.2096,83.9856,850.0,0.85
np_pokhara,8,24.3497311827957,39.80967741935484,0.942002688172043,88.57795698924731,914.333870967742,95.33198924731182,143.18145161290323,744,NP,28.2096,83.9856,850.0,0.85
sg_singapore,1,25.87150537634409,0.9451612903225807,4.020860215053763,78.31048387096774,1006.6587365591397,84.71908602150538,223.8481182795699,744,SG,1.3521,103.8198,46.0,0.046
sg_singapore,2,26.37842261904762,5.053571428571429,3.4023065476190473,81.12053571428571,1005.2119047619047,85.46428571428571,221.61458333333334,672,SG,1.3521,103.8198,46.0,0.046
sg_singapore,3,26.895698924731185,2.767741935483871,3.0846102150537633,79.53091397849462,1004.7814516129033,76.45295698924731,253.08467741935485,744,SG,1.3521,103.8198,46.0,0.046
sg_singapore,4,27.083194444444448,8.293333333333333,1.6783472222222224,85.60972222222222,1004.2674999999999,83.17222222222222,210.99722222222223,720,SG,1.3521,103.8198,46.0,0.046
sg_singapore,5,27.264516129032256,9.899999999999999,1.5238172043010754,85.98521505376344,1004.2375,91.49327956989248,175.0215053763441,744,SG,1.3521,103.8198,46.0,0.046
sg_singapore,6,27.25722222222222,8.3,2.195736111111111,84.42777777777778,1005.7315277777777,82.3,192.36666666666667,720,SG,1.3521,103.8198,46.0,0.046
sg_singapore,7,27.181451612903224,6.183870967741935,2.4930913978494624,83.06989247311827,1005.4681451612904,79.36962365591398,197.8252688172043,744,SG,1.3521,103.8198,46.0,0.046
sg_singapore,8,27.866801075268818,1.6774193548387095,2.828010752688172,79.20430107526882,1005.8989247311829,67.06586021505376,243.89247311827958,744,SG,1.3521,103.8198,46.0,0.046
th_bangkok,1,25.018817204301076,0.0903225806451613,2.0374193548387094,61.641129032258064,1013.3448924731182,32.51209677419355,225.93817204301075,744,TH,13.7563,100.5018,4.0,0.004
th_bangkok,2,28.270833333333332,0.6392857142857143,2.0579613095238094,68.53720238095238,1010.5099702380952,39.07738095238095,232.4970238095238,672,TH,13.7563,100.5018,4.0,0.004
th_bangkok,3,29.606317204301074,0.3774193548387097,2.713064516129032,64.39247311827957,1009.7520161290323,23.75,260.4690860215054,744,TH,13.7563,100.5018,4.0,0.004
th_bangkok,4,31.13208333333333,0.38,3.328388888888889,65.91805555555555,1007.7151388888889,22.075,286.94305555555553,720,TH,13.7563,100.5018,4.0,0.004
th_bangkok,5,29.9625,3.8193548387096774,2.2125806451612906,73.53225806451613,1007.480376344086,79.125,245.95967741935485,744,TH,13.7563,100.5018,4.0,0.004
th_bangkok,6,29.369027777777777,3.723333333333333,2.6877222222222223,75.29861111111111,1007.8584722222222,85.2875,232.30555555555554,720,TH,13.7563,100.5018,4.0,0.004
th_bangkok,7,28.645833333333332,4.664516129032258,2.8715860215053763,75.45430107526882,1007.1120967741936,87.97849462365592,182.9744623655914,744,TH,13.7563,100.5018,4.0,0.004
th_bangkok,8,28.175,4.812903225806451,3.121532258064516,79.06451612903226,1007.4159946236559,94.93010752688173,180.28494623655914,744,TH,13.7563,100.5018,4.0,0.004
th_chiang_mai,1,21.301747311827956,0.0,1.02872311827957,65.70833333333333,979.5650537634409,10.852150537634408,210.90322580645162,744,TH,18.7883,98.9853,313.0,0.313
th_chiang_mai,2,24.794791666666665,0.19642857142857145,1.1654613095238096,63.657738095238095,976.8144345238096,25.96875,214.92261904761904,672,TH,18.7883,98.9853,313.0,0.313
th_chiang_mai,3,27.153360215053763,0.22580645161290325,1.413212365591398,51.69892473118279,975.6235215053764,16.385752688172044,259.34005376344084,744,TH,18.7883,98.9853,313.0,0.313
th_chiang_mai,4,30.836111111111112,0.14333333333333337,1.6535694444444444,46.2875,972.8956944444445,18.230555555555554,280.84583333333336,720,TH,18.7883,98.9853,313.0,0.313
th_chiang_mai,5,28.21693548387097,3.1967741935483867,1.3440591397849462,73.58064516129032,973.0467741935485,68.33198924731182,222.61559139784947,744,TH,18.7883,98.9853,313.0,0.313
th_chiang_mai,6,27.091666666666665,4.663333333333334,1.5536388888888888,79.34166666666667,972.3831944444445,83.17916666666666,192.80138888888888,720,TH,18.7883,98.9853,313.0,0.313
th_chiang_mai,7,26.01827956989247,7.096774193548388,1.2672043010752687,86.26612903225806,971.3022849462366,94.39516129032258,149.10752688172042,744,TH,18.7883,98.9853,313.0,0.313
th_chiang_mai,8,26.06962365591398,9.070967741935483,1.2663440860215054,87.28629032258064,971.396370967742,92.25672043010752,147.8266129032258,744,TH,18.7883,98.9853,313.0,0.313
th_chiang_rai,1,20.54986559139785,0.00967741935483871,1.174005376344086,68.35618279569893,970.3048387096775,11.221774193548388,207.6491935483871,744,TH,19.9105,99.8406,397.0,0.397
th_chiang_rai,2,23.803571428571427,0.5392857142857144,1.2385267857142856,65.46577380952381,967.6241071428572,25.598214285714285,210.73363095238096,672,TH,19.9105,99.8406,397.0,0.397
th_chiang_rai,3,25.793817204301074,1.3161290322580643,1.4088709677419355,57.7755376344086,966.3934139784946,22.663978494623656,257.6962365591398,744,TH,19.9105,99.8406,397.0,0.397
th_chiang_rai,4,29.291666666666668,2.146666666666667,1.4611666666666667,55.170833333333334,963.5911111111111,30.018055555555556,267.69305555555553,720,TH,19.9105,99.8406,397.0,0.397
th_chiang_rai,5,27.17849462365591,7.858064516129032,1.2780779569892473,81.22715053763442,964.0096774193548,69.84677419354838,236.1733870967742,744,TH,19.9105,99.8406,397.0,0.397
th_chiang_rai,6,27.277083333333334,7.723333333333334,1.733513888888889,80.08472222222223,962.8461111111111,86.5375,211.23194444444445,720,TH,19.9105,99.8406,397.0,0.397
th_chiang_rai,7,25.716801075268815,14.303225806451612,1.304287634408602,89.08870967741936,961.7935483870968,93.68145161290323,147.71774193548387,744,TH,19.9105,99.8406,397.0,0.397
th_chiang_rai,8,26.168413978494623,13.522580645161291,1.3606720430107528,87.60349462365592,961.7403225806452,90.53897849462365,161.61693548387098,744,TH,19.9105,99.8406,397.0,0.397
th_doi_inthanon,1,7.849193548387097,0.0064516129032258064,1.0187768817204301,65.73118279569893,750.8094086021505,16.051075268817204,213.05779569892474,744,TH,18.5883,98.4867,2564.0,2.564
th_doi_inthanon,2,10.357589285714287,0.9892857142857143,1.1182738095238096,64.14880952380952,750.6642857142857,30.517857142857142,216.53869047619048,672,TH,18.5883,98.4867,2564.0,2.564
th_doi_inthanon,3,11.29489247311828,1.806451612903226,1.3733064516129032,63.030913978494624,750.4788978494624,22.306451612903224,259.26612903225805,744,TH,18.5883,98.4867,2564.0,2.564
th_doi_inthanon,4,14.978194444444444,0.9166666666666667,1.6825694444444446,56.65,751.2651388888889,20.883333333333333,278.9861111111111,720,TH,18.5883,98.4867,2564.0,2.564
th_doi_inthanon,5,13.49489247311828,8.306451612903226,1.2080376344086021,81.42204301075269,750.2947580645161,76.35215053763442,215.93279569892474,744,TH,18.5883,98.4867,2564.0,2.564
th_doi_inthanon,6,12.960972222222221,9.956666666666665,1.6345138888888888,85.11111111111111,749.5516666666666,87.84444444444445,175.84444444444443,720,TH,18.5883,98.4867,2564.0,2.564
th_doi_inthanon,7,12.300537634408602,10.67741935483871,1.7035215053763442,88.86290322580645,748.3043010752689,95.74059139784946,143.7768817204301,744,TH,18.5883,98.4867,2564.0,2.564
th_doi_inthanon,8,12.485349462365592,11.05483870967742,1.6808467741935482,89.61290322580645,748.5373655913979,94.47715053763442,130.48655913978496,744,TH,18.5883,98.4867,2564.0,2.564
th_khao_kho,1,18.345026881720432,0.05806451612903226,1.554798387096774,61.935483870967744,914.6370967741935,22.330645161290324,221.18145161290323,744,TH,16.6346,100.995,908.0,0.908
th_khao_kho,2,22.026636904761904,4.4071428571428575,1.3442410714285715,66.14136904761905,913.0339285714286,37.74702380952381,229.09821428571428,672,TH,16.6346,100.995,908.0,0.908
th_khao_kho,3,22.241397849462363,3.270967741935484,1.4388440860215055,75.73118279569893,912.2918010752688,26.291666666666668,260.61290322580646,744,TH,16.6346,100.995,908.0,0.908
th_khao_kho,4,25.053194444444443,4.556666666666667,1.4266805555555555,70.43333333333334,910.7159722222223,28.644444444444446,289.6097222222222,720,TH,16.6346,100.995,908.0,0.908
th_khao_kho,5,23.3127688172043,18.05483870967742,1.1354166666666667,89.18145161290323,910.4020161290322,84.1747311827957,224.54166666666666,744,TH,16.6346,100.995,908.0,0.908
th_khao_kho,6,23.1475,11.596666666666666,1.630875,89.07916666666667,909.9862499999999,87.87222222222222,212.35694444444445,720,TH,16.6346,100.995,908.0,0.908
th_khao_kho,7,22.18293010752688,19.006451612903227,1.733736559139785,91.8225806451613,908.7157258064516,93.9475806451613,158.8481182795699,744,TH,16.6346,100.995,908.0,0.908
th_khao_kho,8,22.09771505376344,17.4741935483871,1.925241935483871,93.20161290322581,908.717876344086,94.01344086021506,130.17069892473117,744,TH,16.6346,100.995,908.0,0.908
th_mae_hong_son,1,21.73145161290323,0.0,1.023521505376344,70.65188172043011,985.7946236559139,7.65994623655914,215.48655913978496,744,TH,19.302,97.9654,260.0,0.26
th_mae_hong_son,2,24.797172619047622,0.7071428571428571,1.1886904761904762,65.69791666666667,983.5537202380953,27.15922619047619,214.19494047619048,672,TH,19.302,97.9654,260.0,0.26
th_mae_hong_son,3,27.07150537634409,0.30000000000000004,1.5291532258064517,58.733870967741936,982.4020161290322,17.866935483870968,262.96505376344084,744,TH,19.302,97.9654,260.0,0.26
th_mae_hong_son,4,30.589166666666667,0.3466666666666667,1.8174583333333332,54.106944444444444,980.18875,19.2875,277.97083333333336,720,TH,19.302,97.9654,260.0,0.26
th_mae_hong_son,5,27.802150537634407,7.9322580645161285,1.3602016129032257,80.49193548387096,979.9977150537635,71.97849462365592,221.2029569892473,744,TH,19.302,97.9654,260.0,0.26
th_mae_hong_son,6,26.33152777777778,6.693333333333333,1.698125,87.94305555555556,979.4919444444444,87.40416666666667,176.6472222222222,720,TH,19.302,97.9654,260.0,0.26
th_mae_hong_son,7,25.547580645161293,10.096774193548388,1.5727822580645163,91.34274193548387,978.6448924731184,94.13440860215054,140.94892473118279,744,TH,19.302,97.9654,260.0,0.26
th_mae_hong_son,8,25.40806451612903,12.832258064516129,1.4738037634408603,93.05779569892474,978.8182795698925,94.06854838709677,127.0510752688172,744,TH,19.302,97.9654,260.0,0.26
th_phuket,1,26.851747311827957,0.3967741935483871,5.047190860215054,71.5739247311828,1011.4833333333333,67.09274193548387,241.9784946236559,744,TH,7.8804,98.3923,6.0,0.006
th_phuket,2,27.789434523809526,0.9821428571428572,4.685654761904762,73.93452380952381,1009.9813988095239,57.632440476190474,255.79017857142858,672,TH,7.8804,98.3923,6.0,0.006
th_phuket,3,28.304569892473115,0.6419354838709678,4.311854838709677,71.65456989247312,1009.4701612903226,36.193548387096776,290.36424731182797,744,TH,7.8804,98.3923,6.0,0.006
th_phuket,4,29.27263888888889,0.9333333333333333,3.542847222222222,73.82222222222222,1008.4995833333332,50.269444444444446,281.5541666666667,720,TH,7.8804,98.3923,6.0,0.006
th_phuket,5,28.31411290322581,11.490322580645161,4.557029569892473,80.7486559139785,1008.5884408602151,91.11424731182795,211.76478494623655,744,TH,7.8804,98.3923,6.0,0.006
th_phuket,6,27.964583333333334,9.889999999999999,4.3806666666666665,81.6,1009.9316666666667,86.2611111111111,211.2125,720,TH,7.8804,98.3923,6.0,0.006
th_phuket,7,28.3244623655914,5.829032258064516,5.051008064516129,78.87231182795699,1009.4087365591397,76.21236559139786,218.96908602150538,744,TH,7.8804,98.3923,6.0,0.006
th_phuket,8,28.52594086021505,4.306451612903226,5.610551075268817,77.8508064516129,1009.891935483871,84.56854838709677,237.48790322580646,744,TH,7.8804,98.3923,6.0,0.006
vn_da_lat,1,15.606317204301076,0.054838709677419356,2.2016935483870967,75.52284946236558,853.277688172043,63.57795698924731,221.07258064516128,744,VN,11.9404,108.4583,1507.0,1.507
vn_da_lat,2,18.008184523809526,1.1964285714285716,2.157113095238095,75.88988095238095,853.243005952381,72.25595238095238,223.14434523809524,672,VN,11.9404,108.4583,1507.0,1.507
vn_da_lat,3,18.712231182795698,0.8193548387096773,1.9408064516129033,71.99327956989248,852.9646505376344,39.755376344086024,264.63440860215053,744,VN,11.9404,108.4583,1507.0,1.507
vn_da_lat,4,20.759722222222223,2.7366666666666664,1.1077777777777778,72.88194444444444,852.6920833333334,42.56111111111111,279.35833333333335,720,VN,11.9404,108.4583,1507.0,1.507
vn_da_lat,5,20.22983870967742,8.583870967741936,1.328010752688172,86.18413978494624,852.1985215053763,81.32795698924731,236.81317204301075,744,VN,11.9404,108.4583,1507.0,1.507
vn_da_lat,6,20.02166666666667,9.926666666666668,1.6376249999999999,88.975,852.0829166666666,81.42222222222222,223.6513888888889,720,VN,11.9404,108.4583,1507.0,1.507
vn_da_lat,7,19.517607526881722,9.203225806451613,2.3828897849462365,88.36962365591398,850.9091397849463,83.19086021505376,199.71505376344086,744,VN,11.9404,108.4583,1507.0,1.507
vn_da_lat,8,19.68051075268817,3.3709677419354835,3.845645161290322,86.6491935483871,850.8420698924731,87.67069892473118,203.65456989247312,744,VN,11.9404,108.4583,1507.0,1.507
vn_da_nang,1,21.079032258064515,1.8483870967741938,2.4671102150537636,81.07123655913979,1017.0708333333333,50.71639784946237,162.747311827957,744,VN,16.0544,108.2022,6.0,0.006
vn_da_nang,2,22.581696428571426,2.439285714285714,2.809672619047619,86.34375,1014.238244047619,58.830357142857146,186.12053571428572,672,VN,16.0544,108.2022,6.0,0.006
vn_da_nang,3,24.04516129032258,5.074193548387098,2.960483870967742,86.07930107526882,1012.4650537634409,43.03225806451613,230.14247311827958,744,VN,16.0544,108.2022,6.0,0.006
vn_da_nang,4,28.110416666666666,0.7333333333333333,2.8575138888888887,79.94722222222222,1007.8548611111111,38.9875,278.03333333333336,720,VN,16.0544,108.2022,6.0,0.006
vn_da_nang,5,28.981048387096777,1.6741935483870969,2.0429032258064517,82.44220430107526,1007.611693548387,65.35618279569893,266.43951612903226,744,VN,16.0544,108.2022,6.0,0.006
vn_da_nang,6,30.863194444444446,2.3433333333333333,1.9291111111111112,72.675,1005.7369444444444,73.67916666666666,272.00416666666666,720,VN,16.0544,108.2022,6.0,0.006
vn_da_nang,7,29.41693548387097,3.645161290322581,2.062258064516129,75.75940860215054,1004.3095430107528,81.81451612903226,213.21370967741936,744,VN,16.0544,108.2022,6.0,0.006
vn_da_nang,8,30.103897849462363,4.106451612903226,1.9063844086021504,72.97043010752688,1002.8036290322581,88.30779569892474,217.81989247311827,744,VN,16.0544,108.2022,6.0,0.006
vn_fansipan,1,1.282258064516129,1.3774193548387097,0.9391397849462366,83.18951612903226,702.1071236559139,61.21774193548387,129.34005376344086,744,VN,22.3033,103.775,3102.0,3.102
vn_fansipan,2,4.785267857142857,1.5464285714285717,1.059389880952381,80.32142857142857,702.9263392857143,56.495535714285715,157.25892857142858,672,VN,22.3033,103.775,3102.0,3.102
vn_fansipan,3,6.70994623655914,2.896774193548387,1.148763440860215,75.26344086021506,703.5830645161291,50.975806451612904,194.02956989247312,744,VN,22.3033,103.775,3102.0,3.102
vn_fansipan,4,10.664444444444444,4.736666666666666,1.3361388888888888,67.73333333333333,703.771388888889,45.00972222222222,240.34444444444443,720,VN,22.3033,103.775,3102.0,3.102
vn_fansipan,5,10.500672043010752,7.393548387096773,1.1008736559139785,84.10349462365592,704.0586021505376,70.50403225806451,203.3481182795699,744,VN,22.3033,103.775,3102.0,3.102
vn_fansipan,6,11.161111111111111,12.116666666666667,1.1478194444444443,85.27777777777777,703.1355555555555,95.7875,166.0402777777778,720,VN,22.3033,103.775,3102.0,3.102
vn_fansipan,7,11.133064516129032,13.5,0.9911559139784946,87.66263440860214,702.1319892473118,92.95161290322581,167.58602150537635,744,VN,22.3033,103.775,3102.0,3.102
vn_fansipan,8,11.630779569892471,14.94516129032258,0.7688306451612903,86.02822580645162,702.3877688172043,88.74193548387096,182.8965053763441,744,VN,22.3033,103.775,3102.0,3.102
vn_hanoi,1,16.783467741935482,1.0096774193548388,1.9834005376344088,76.81854838709677,1017.5217741935484,65.06854838709677,109.31451612903226,744,VN,21.0278,105.8342,18.0,0.018
vn_hanoi,2,20.122767857142858,1.475,2.1264434523809523,81.15625,1013.5627976190475,75.875,102.61755952380952,672,VN,21.0278,105.8342,18.0,0.018
vn_hanoi,3,22.909274193548388,1.4935483870967743,2.707513440860215,78.33064516129032,1011.5032258064516,68.40322580645162,138.74059139784947,744,VN,21.0278,105.8342,18.0,0.018
vn_hanoi,4,27.28777777777778,2.0966666666666667,2.3891666666666667,75.64583333333333,1005.0693055555556,47.459722222222226,217.2763888888889,720,VN,21.0278,105.8342,18.0,0.018
vn_hanoi,5,28.18938172043011,7.045161290322581,2.3942069892473117,79.54032258064517,1004.7375,67.5241935483871,216.41666666666666,744,VN,21.0278,105.8342,18.0,0.018
vn_hanoi,6,29.96027777777778,5.253333333333333,1.935638888888889,75.49722222222222,1001.6670833333334,88.33055555555555,210.07083333333333,720,VN,21.0278,105.8342,18.0,0.018
vn_hanoi,7,28.4375,11.364516129032257,1.5018682795698926,84.15322580645162,1000.571505376344,90.22849462365592,183.90322580645162,744,VN,21.0278,105.8342,18.0,0.018
vn_hanoi,8,28.674193548387095,17.864516129032257,1.993481182795699,85.19354838709677,999.6799731182796,84.66397849462365,187.3252688172043,744,VN,21.0278,105.8342,18.0,0.018
vn_sa_pa,1,11.631989247311829,1.3774193548387097,0.9391397849462366,84.36827956989248,852.4845430107526,61.21774193548387,129.34005376344086,744,VN,22.3364,103.8438,1514.0,1.514
vn_sa_pa,2,15.136160714285714,1.5464285714285717,1.059389880952381,81.5952380952381,851.4373511904762,56.495535714285715,157.25892857142858,672,VN,22.3364,103.8438,1514.0,1.514
vn_sa_pa,3,17.06048387096774,2.896774193548387,1.148763440860215,76.7997311827957,851.1361559139785,50.975806451612904,194.02956989247312,744,VN,22.3364,103.8438,1514.0,1.514
vn_sa_pa,4,21.014166666666668,4.736666666666666,1.3361388888888888,69.57916666666667,849.1390277777778,45.00972222222222,240.34444444444443,720,VN,22.3364,103.8438,1514.0,1.514
vn_sa_pa,5,20.850940860215054,7.393548387096773,1.1008736559139785,85.16263440860214,849.5711021505376,70.50403225806451,203.3481182795699,744,VN,22.3364,103.8438,1514.0,1.514
vn_sa_pa,6,21.514166666666668,12.116666666666667,1.1478194444444443,86.26527777777778,848.0859722222223,95.7875,166.0402777777778,720,VN,22.3364,103.8438,1514.0,1.514
vn_sa_pa,7,21.483467741935485,13.5,0.9911559139784946,88.48387096774194,846.8889784946236,92.95161290322581,167.58602150537635,744,VN,22.3364,103.8438,1514.0,1.514
vn_sa_pa,8,21.981048387096774,14.94516129032258,0.7688306451612903,86.98655913978494,846.9270161290322,88.74193548387096,182.8965053763441,744,VN,22.3364,103.8438,1514.0,1.514
