location_id,month,variable,year,mean,median,sd,q25,q75
lk_batticaloa,1,temperature_2m,2020,25.923790322580643,25.833333333333332,0.5388153517426877,25.55833333333333,26.38125
lk_batticaloa,1,temperature_2m,2021,25.312903225806455,25.358333333333334,0.47365838168959146,24.908333333333335,25.62916666666667
lk_batticaloa,1,temperature_2m,2022,25.284274193548388,25.15833333333333,0.7084123401015294,24.77708333333333,25.81041666666667
lk_batticaloa,1,temperature_2m,2023,24.898118279569893,25.070833333333336,0.506027144260852,24.570833333333333,25.20416666666667
lk_batticaloa,1,temperature_2m,2024,25.990591397849464,25.95,0.5521621722973503,25.572916666666664,26.47291666666667
lk_batticaloa,1,temperature_2m,2025,25.26559139784946,25.366666666666664,0.4768433624303755,25.018749999999997,25.645833333333336
lk_batticaloa,1,precipitation,2020,2.1322580645161286,1.2000000000000002,2.6056844394226757,0.0,3.4
lk_batticaloa,1,precipitation,2021,10.422580645161291,8.1,11.35584165902934,1.1,13.25
lk_batticaloa,1,precipitation,2022,4.790322580645162,2.5,6.166866024095203,0.6000000000000001,5.6000000000000005
lk_batticaloa,1,precipitation,2023,5.945161290322581,1.1,9.5523762736357,0.45,5.4
lk_batticaloa,1,precipitation,2024,5.8354838709677415,2.5,8.278749840690391,0.65,6.95
lk_batticaloa,1,precipitation,2025,12.116129032258065,7.9,17.14683832419636,1.4500000000000002,12.5
lk_batticaloa,1,wind_speed_10m,2020,2.7871505376344086,2.5733333333333333,0.7170545631194617,2.1868749999999997,3.39875
lk_batticaloa,1,wind_speed_10m,2021,2.375497311827957,2.4233333333333333,0.6476375195319491,1.8714583333333334,2.8129166666666663
lk_batticaloa,1,wind_speed_10m,2022,2.366290322580645,2.2600000000000002,0.5569801944210404,1.9089583333333333,2.8200000000000003
lk_batticaloa,1,wind_speed_10m,2023,2.9409274193548387,2.8545833333333337,0.5386797100069003,2.567708333333333,3.2004166666666665
lk_batticaloa,1,wind_speed_10m,2024,2.457271505376344,2.295,0.6363963562177959,2.04375,3.0445833333333336
lk_batticaloa,1,wind_speed_10m,2025,2.9762768817204286,2.875,0.7832299646298183,2.467083333333333,3.5722916666666666
lk_batticaloa,1,relative_humidity_2m,2020,81.64381720430109,83.08333333333333,5.896295512996533,76.3125,86.29166666666666
lk_batticaloa,1,relative_humidity_2m,2021,86.77284946236558,87.66666666666667,6.934430324455729,85.20833333333333,91.54166666666666
lk_batticaloa,1,relative_humidity_2m,2022,85.37231182795698,86.04166666666667,5.103885315192067,79.97916666666666,89.25
lk_batticaloa,1,relative_humidity_2m,2023,82.37500000000001,80.79166666666667,7.116612997455712,77.83333333333334,87.16666666666666
lk_batticaloa,1,relative_humidity_2m,2024,84.03494623655915,84.41666666666667,7.099231315768695,77.9375,90.22916666666667
lk_batticaloa,1,relative_humidity_2m,2025,86.73387096774194,88.375,6.169497073972777,83.375,90.77083333333334
lk_batticaloa,1,surface_pressure,2020,1011.2731182795698,1011.1999999999999,0.7469853290660508,1010.55,1011.7395833333334
lk_batticaloa,1,surface_pressure,2021,1009.3508064516129,1009.3291666666668,1.2837361468088562,1008.4770833333334,1010.6458333333334
lk_batticaloa,1,surface_pressure,2022,1010.5518817204301,1010.3541666666666,1.0746117078185236,1009.8854166666667,1011.4625000000001
lk_batticaloa,1,surface_pressure,2023,1011.1237903225806,1011.3249999999999,1.6877119872158586,1010.1187499999999,1012.38125
lk_batticaloa,1,surface_pressure,2024,1011.6258064516128,1011.3874999999999,1.1870824896426897,1010.5729166666667,1012.5208333333333
lk_batticaloa,1,surface_pressure,2025,1009.9345430107526,1009.8458333333333,0.8971974069162816,1009.1104166666667,1010.775
lk_batticaloa,1,cloud_cover,2020,55.5739247311828,51.416666666666664,20.389167165290146,41.229166666666664,67.70833333333334
lk_batticaloa,1,cloud_cover,2021,83.18548387096776,89.58333333333333,18.58944480569526,78.3125,98.45833333333334
lk_batticaloa,1,cloud_cover,2022,67.04301075268818,61.416666666666664,21.15327245683783,51.22916666666667,87.125
lk_batticaloa,1,cloud_cover,2023,78.5510752688172,81.16666666666667,18.562802278613177,64.72916666666666,94.45833333333334
lk_batticaloa,1,cloud_cover,2024,62.806451612903224,63.375,23.741956601879792,41.125,76.27083333333334
lk_batticaloa,1,cloud_cover,2025,88.0215053763441,94.33333333333333,13.72264902184786,83.60416666666667,98.375
lk_batticaloa,1,shortwave_radiation,2020,216.9663978494624,216.70833333333334,30.193079327507828,204.33333333333334,232.25
lk_batticaloa,1,shortwave_radiation,2021,164.08602150537638,171.0,49.38173059550394,130.02083333333331,204.64583333333334
lk_batticaloa,1,shortwave_radiation,2022,205.07258064516128,215.54166666666666,53.27259884718498,179.25,242.0625
lk_batticaloa,1,shortwave_radiation,2023,188.4663978494624,198.16666666666666,48.34031010392721,174.22916666666669,211.45833333333331
lk_batticaloa,1,shortwave_radiation,2024,185.0981182795699,203.625,50.880922110030845,169.52083333333331,217.54166666666666
lk_batticaloa,1,shortwave_radiation,2025,152.12500000000003,163.5,54.19039651150446,132.8125,195.22916666666666
lk_batticaloa,2,temperature_2m,2020,26.245386904761908,26.268749999999997,0.3362093124176063,26.116666666666667,26.43125
lk_batticaloa,2,temperature_2m,2021,25.698809523809523,25.633333333333333,0.5921043168613577,25.45625,26.036458333333332
lk_batticaloa,2,temperature_2m,2022,25.796428571428574,25.802083333333336,0.5095168300054365,25.536458333333336,26.0625
lk_batticaloa,2,temperature_2m,2023,25.347470238095237,25.397916666666667,0.46345668944453444,25.123958333333334,25.65
lk_batticaloa,2,temperature_2m,2024,26.922023809523807,27.00208333333333,0.43815846559880206,26.786458333333332,27.1875
lk_batticaloa,2,temperature_2m,2025,26.144494047619048,26.047916666666666,0.574627556033086,25.71770833333333,26.442708333333332
lk_batticaloa,2,precipitation,2020,1.85,0.6000000000000001,2.7400324410082773,0.0,2.2750000000000004
lk_batticaloa,2,precipitation,2021,1.9785714285714284,0.75,2.596629887466978,0.0,2.875
lk_batticaloa,2,precipitation,2022,3.446428571428572,0.95,7.07271660013464,0.0,4.2
lk_batticaloa,2,precipitation,2023,3.4250000000000003,1.4,4.841152678780051,0.15000000000000002,4.574999999999999
lk_batticaloa,2,precipitation,2024,1.6999999999999997,0.55,1.9931363707966883,0.0,3.1500000000000004
lk_batticaloa,2,precipitation,2025,3.085714285714286,0.35000000000000003,6.872204578386457,0.0,1.7000000000000002
lk_batticaloa,2,wind_speed_10m,2020,3.1336458333333335,2.9210416666666665,0.703941766124986,2.5908333333333333,3.5972916666666666
lk_batticaloa,2,wind_speed_10m,2021,2.7264583333333334,2.650625,0.6988527166712349,2.2002083333333333,3.2665625
lk_batticaloa,2,wind_speed_10m,2022,2.3576934523809525,2.413333333333333,0.5573816571757204,1.8963541666666668,2.7555208333333328
lk_batticaloa,2,wind_speed_10m,2023,2.654479166666667,2.4647916666666667,0.7357460103048652,2.3523958333333335,2.708854166666667
lk_batticaloa,2,wind_speed_10m,2024,2.929166666666667,2.8618749999999995,0.8119630387754411,2.1790625,3.5293750000000004
lk_batticaloa,2,wind_speed_10m,2025,2.5364880952380955,2.4447916666666667,0.5003881007740267,2.2181249999999997,2.846875
lk_batticaloa,2,relative_humidity_2m,2020,79.12053571428571,79.08333333333334,5.496589141648927,76.03125,81.96875
lk_batticaloa,2,relative_humidity_2m,2021,81.94345238095238,82.0,4.952062045635261,78.63541666666667,85.78125
lk_batticaloa,2,relative_humidity_2m,2022,81.22767857142856,80.04166666666667,5.90710061909672,76.46875,85.90625
lk_batticaloa,2,relative_humidity_2m,2023,83.21428571428574,84.625,6.036377146880141,78.29166666666666,88.01041666666667
lk_batticaloa,2,relative_humidity_2m,2024,81.125,81.04166666666666,4.376432745998377,78.125,84.92708333333333
lk_batticaloa,2,relative_humidity_2m,2025,79.80059523809523,78.64583333333334,6.207803618370697,75.19791666666667,83.1875
lk_batticaloa,2,surface_pressure,2020,1011.720238095238,1011.9666666666667,0.9769071738892237,1011.2947916666666,1012.3989583333334
lk_batticaloa,2,surface_pressure,2021,1010.5558035714286,1010.525,1.0489518941505076,1010.0083333333333,1011.1385416666667
lk_batticaloa,2,surface_pressure,2022,1009.6994047619048,1009.75625,1.6350322302284954,1008.49375,1011.0645833333333
lk_batticaloa,2,surface_pressure,2023,1010.7869047619048,1011.1395833333333,1.7705516167654858,1009.7125,1011.6270833333333
lk_batticaloa,2,surface_pressure,2024,1012.0436011904764,1012.09375,1.4517313002714525,1011.153125,1013.3541666666667
lk_batticaloa,2,surface_pressure,2025,1010.9427083333333,1010.9083333333333,0.8873066248786295,1010.3020833333334,1011.4947916666666
lk_batticaloa,2,cloud_cover,2020,58.02827380952381,56.58333333333333,21.633019498199836,40.395833333333336,76.78125
lk_batticaloa,2,cloud_cover,2021,62.629464285714285,63.39583333333333,24.24506583824294,46.46875,82.79166666666666
lk_batticaloa,2,cloud_cover,2022,65.86755952380952,68.125,27.0287461608793,48.77083333333333,92.19791666666667
lk_batticaloa,2,cloud_cover,2023,65.93303571428572,67.125,21.376010250010495,50.020833333333336,81.47916666666667
lk_batticaloa,2,cloud_cover,2024,48.79017857142857,49.125,17.24341767024363,38.4375,57.02083333333333
lk_batticaloa,2,cloud_cover,2025,55.69047619047619,58.041666666666664,25.23734920364206,39.29166666666667,68.10416666666667
lk_batticaloa,2,shortwave_radiation,2020,226.8452380952381,226.60416666666669,25.90635303779729,216.0,240.4375
lk_batticaloa,2,shortwave_radiation,2021,223.99107142857142,227.85416666666669,43.861979498391804,202.72916666666666,252.48958333333334
lk_batticaloa,2,shortwave_radiation,2022,221.52083333333334,228.10416666666666,57.9716726313369,184.32291666666666,268.41666666666663
lk_batticaloa,2,shortwave_radiation,2023,217.26488095238096,226.125,40.9613140129112,193.11458333333331,251.66666666666669
lk_batticaloa,2,shortwave_radiation,2024,239.78571428571425,237.64583333333331,23.614732059728997,224.0625,258.08333333333337
lk_batticaloa,2,shortwave_radiation,2025,236.5535714285714,242.33333333333331,39.83094880438151,213.66666666666666,265.75
lk_batticaloa,3,temperature_2m,2020,27.425537634408602,27.462500000000002,0.4840461003253131,27.15,27.731250000000003
lk_batticaloa,3,temperature_2m,2021,26.80255376344086,26.90833333333333,0.7280441179996457,26.475,27.116666666666667
lk_batticaloa,3,temperature_2m,2022,27.009543010752687,26.883333333333336,0.8130106611388611,26.46875,27.795833333333334
lk_batticaloa,3,temperature_2m,2023,26.74905913978495,26.579166666666666,0.7758580298592089,26.177083333333332,27.46875
lk_batticaloa,3,temperature_2m,2024,27.52956989247312,27.558333333333334,0.4831553250253571,27.225,27.793750000000003
lk_batticaloa,3,temperature_2m,2025,26.94690860215054,27.116666666666664,0.6924092129801802,26.45,27.577083333333334
lk_batticaloa,3,precipitation,2020,0.22258064516129034,0.0,0.5748679137676496,0.0,0.1
lk_batticaloa,3,precipitation,2021,2.2258064516129035,0.8999999999999999,3.2154800307196734,0.05,3.25
lk_batticaloa,3,precipitation,2022,2.2548387096774194,0.8,4.16059600775958,0.1,1.8000000000000003
lk_batticaloa,3,precipitation,2023,2.5870967741935487,2.3000000000000003,2.7602828279585006,0.4,3.0500000000000003
lk_batticaloa,3,precipitation,2024,1.7419354838709677,0.2,3.9341050819339998,0.0,1.15
lk_batticaloa,3,precipitation,2025,2.4548387096774196,1.2,4.231299147202698,0.2,2.3500000000000005
lk_batticaloa,3,wind_speed_10m,2020,2.424381720430107,2.4358333333333335,0.2874546234514382,2.3270833333333334,2.599375
lk_batticaloa,3,wind_speed_10m,2021,2.001236559139785,2.0279166666666666,0.45641375148520985,1.725625,2.2754166666666666
lk_batticaloa,3,wind_speed_10m,2022,2.2058870967741937,2.067083333333333,0.7407374308468464,1.7260416666666667,2.57125
lk_batticaloa,3,wind_speed_10m,2023,2.2306048387096773,2.0925,0.5054972437224476,1.9091666666666667,2.4741666666666666
lk_batticaloa,3,wind_speed_10m,2024,2.192889784946237,2.177916666666667,0.2886377233910992,2.025625,2.3358333333333334
lk_batticaloa,3,wind_speed_10m,2025,2.032822580645161,2.0054166666666666,0.44745470634733253,1.6879166666666667,2.193125
lk_batticaloa,3,relative_humidity_2m,2020,75.50537634408602,75.125,2.962472494314487,73.58333333333333,77.04166666666666
lk_batticaloa,3,relative_humidity_2m,2021,80.86962365591398,80.66666666666667,5.8964712251650555,78.5,83.77083333333333
lk_batticaloa,3,relative_humidity_2m,2022,81.98924731182797,82.125,2.805231714160424,80.29166666666666,83.27083333333334
lk_batticaloa,3,relative_humidity_2m,2023,83.13172043010753,83.5,3.9182635157036882,80.75,85.8125
lk_batticaloa,3,relative_humidity_2m,2024,79.93279569892472,78.25,4.700444194673536,75.95833333333334,84.14583333333334
lk_batticaloa,3,relative_humidity_2m,2025,83.10349462365592,82.66666666666667,4.040519180859815,81.04166666666666,84.875
lk_batticaloa,3,surface_pressure,2020,1010.0978494623655,1010.1541666666667,0.8246771751720049,1009.58125,1010.6375
lk_batticaloa,3,surface_pressure,2021,1009.513440860215,1009.35,1.71133466354338,1008.3333333333333,1011.0666666666666
lk_batticaloa,3,surface_pressure,2022,1008.0342741935483,1008.4208333333332,1.2554716861479656,1006.88125,1008.6916666666667
lk_batticaloa,3,surface_pressure,2023,1010.0866935483871,1009.3458333333333,2.015944090979952,1008.5395833333334,1011.0479166666667
lk_batticaloa,3,surface_pressure,2024,1010.7676075268816,1010.7958333333332,1.0340648786404818,1010.2583333333333,1011.2041666666667
lk_batticaloa,3,surface_pressure,2025,1009.4385752688171,1009.3249999999999,1.4474382573915,1008.5250000000001,1010.0958333333333
lk_batticaloa,3,cloud_cover,2020,55.60215053763441,49.875,27.084155625785503,34.95833333333333,77.625
lk_batticaloa,3,cloud_cover,2021,62.438172043010745,56.75,26.268225311041412,38.16666666666667,87.0625
lk_batticaloa,3,cloud_cover,2022,56.16263440860214,57.291666666666664,32.98301217286288,27.125,89.0625
lk_batticaloa,3,cloud_cover,2023,64.04301075268818,69.375,23.101703690658653,47.70833333333333,81.1875
lk_batticaloa,3,cloud_cover,2024,52.37499999999999,53.916666666666664,28.040372679406385,22.708333333333336,75.45833333333333
lk_batticaloa,3,cloud_cover,2025,62.11559139784946,62.375,25.429472433570094,37.16666666666667,82.85416666666666
lk_batticaloa,3,shortwave_radiation,2020,271.114247311828,267.5,21.989472880510892,259.4583333333333,291.29166666666663
lk_batticaloa,3,shortwave_radiation,2021,233.06586021505373,254.16666666666666,53.04346441724478,212.52083333333334,269.79166666666663
lk_batticaloa,3,shortwave_radiation,2022,242.8655913978494,263.8333333333333,59.395611149353925,240.1875,278.97916666666663
lk_batticaloa,3,shortwave_radiation,2023,246.91129032258067,242.45833333333334,39.118782404339846,220.5625,280.9375
lk_batticaloa,3,shortwave_radiation,2024,266.64516129032256,281.625,33.664892470728475,242.60416666666669,289.1041666666667
lk_batticaloa,3,shortwave_radiation,2025,251.2271505376344,261.7083333333333,52.66676538175268,246.70833333333334,277.3541666666667
lk_batticaloa,4,temperature_2m,2020,28.767499999999995,28.887500000000003,0.6495894665831526,28.446875,29.220833333333335
lk_batticaloa,4,temperature_2m,2021,28.10625,28.252083333333335,0.5358392882349076,27.80625,28.469791666666666
lk_batticaloa,4,temperature_2m,2022,27.714027777777776,27.762500000000003,0.6073016004228192,27.229166666666664,28.152083333333334
lk_batticaloa,4,temperature_2m,2023,28.331666666666667,28.356250000000003,0.7752676895250155,27.908333333333335,28.897916666666667
lk_batticaloa,4,temperature_2m,2024,29.052361111111107,29.158333333333335,0.7693727878926321,28.798958333333335,29.70104166666667
lk_batticaloa,4,temperature_2m,2025,27.91208333333333,27.835416666666667,0.5950409186966651,27.491666666666667,28.45
lk_batticaloa,4,precipitation,2020,1.2466666666666666,0.6499999999999999,1.6736772097088646,0.0,1.925
lk_batticaloa,4,precipitation,2021,2.1599999999999997,0.6000000000000001,5.275617303314795,0.1,1.475
lk_batticaloa,4,precipitation,2022,5.216666666666668,2.0,6.589494425341689,0.9249999999999999,7.65
lk_batticaloa,4,precipitation,2023,2.7133333333333334,0.6000000000000001,5.118575592091419,0.125,3.6
lk_batticaloa,4,precipitation,2024,1.45,0.1,3.233419242844949,0.0,0.7000000000000001
lk_batticaloa,4,precipitation,2025,5.096666666666667,2.9000000000000004,5.123137732863041,1.425,7.6000000000000005
lk_batticaloa,4,wind_speed_10m,2020,2.2118888888888883,2.20625,0.2980413739739089,2.0521875,2.419791666666667
lk_batticaloa,4,wind_speed_10m,2021,1.6335416666666664,1.585,0.3152892712936992,1.3759375,1.8295833333333333
lk_batticaloa,4,wind_speed_10m,2022,1.5912222222222216,1.5266666666666666,0.3436149758034769,1.3171875000000002,1.8422916666666667
lk_batticaloa,4,wind_speed_10m,2023,2.0035,2.0902083333333334,0.36033593375245926,1.7654166666666666,2.2607291666666667
lk_batticaloa,4,wind_speed_10m,2024,2.3372083333333338,2.3575,0.27120677503115026,2.1701041666666665,2.5296875
lk_batticaloa,4,wind_speed_10m,2025,1.524541666666667,1.4733333333333334,0.29930249673966586,1.3883333333333332,1.6236458333333332
lk_batticaloa,4,relative_humidity_2m,2020,76.22361111111111,75.95833333333333,2.9404303540987398,73.77083333333334,77.97916666666667
lk_batticaloa,4,relative_humidity_2m,2021,79.175,79.1875,2.9954147590182005,77.92708333333334,80.75
lk_batticaloa,4,relative_humidity_2m,2022,82.28055555555557,82.75,2.9524474662334725,80.22916666666667,84.9375
lk_batticaloa,4,relative_humidity_2m,2023,78.70694444444445,78.25,4.379048254757739,76.13541666666667,80.45833333333334
lk_batticaloa,4,relative_humidity_2m,2024,79.30694444444444,78.5625,4.156287119693277,76.94791666666666,80.86458333333333
lk_batticaloa,4,relative_humidity_2m,2025,83.21666666666665,83.14583333333334,2.4545777859501006,81.48958333333334,84.35416666666667
lk_batticaloa,4,surface_pressure,2020,1009.3588888888886,1009.2604166666666,0.7882030503184271,1008.70625,1010.034375
lk_batticaloa,4,surface_pressure,2021,1008.6165277777778,1008.7895833333334,1.340727290966357,1008.0125,1009.434375
lk_batticaloa,4,surface_pressure,2022,1007.78,1007.29375,1.5206293753962457,1006.6500000000001,1008.8885416666667
lk_batticaloa,4,surface_pressure,2023,1008.3558333333333,1008.35,1.6099731084591704,1007.3968750000001,1009.284375
lk_batticaloa,4,surface_pressure,2024,1007.6430555555556,1007.7645833333333,1.1476802426355095,1006.565625,1008.6458333333334
lk_batticaloa,4,surface_pressure,2025,1007.986527777778,1007.89375,0.8562926887122221,1007.3166666666667,1008.4104166666666
lk_batticaloa,4,cloud_cover,2020,46.390277777777776,46.3125,24.20301587427898,23.177083333333332,68.30208333333333
lk_batticaloa,4,cloud_cover,2021,48.64722222222222,42.5625,22.487591654429057,33.041666666666664,67.21875
lk_batticaloa,4,cloud_cover,2022,59.266666666666666,58.125,23.439788457880578,41.645833333333336,76.07291666666666
lk_batticaloa,4,cloud_cover,2023,45.090277777777786,31.645833333333332,30.32685544725411,18.71875,73.73958333333333
lk_batticaloa,4,cloud_cover,2024,61.74305555555556,63.5625,26.745288828820623,40.1875,78.46875
lk_batticaloa,4,cloud_cover,2025,65.22916666666667,71.83333333333334,24.26019295892377,40.572916666666664,84.5
lk_batticaloa,4,shortwave_radiation,2020,272.1375,270.77083333333337,17.163378318853542,260.03125,285.92708333333337
lk_batticaloa,4,shortwave_radiation,2021,271.5194444444444,273.5,26.29005731574942,255.48958333333334,290.8020833333333
lk_batticaloa,4,shortwave_radiation,2022,257.3569444444445,262.0,17.50439765261048,242.375,271.90625
lk_batticaloa,4,shortwave_radiation,2023,267.7055555555555,275.7083333333333,38.37116282644944,256.3020833333333,288.4479166666667
lk_batticaloa,4,shortwave_radiation,2024,272.89583333333326,283.9375,36.81062998164516,267.0520833333333,296.16666666666663
lk_batticaloa,4,shortwave_radiation,2025,248.8916666666667,257.1666666666667,28.98900653696156,229.14583333333334,269.7708333333333
lk_batticaloa,5,temperature_2m,2020,29.28884408602151,29.40833333333333,0.8311689859552386,28.78541666666667,29.922916666666666
lk_batticaloa,5,temperature_2m,2021,28.606720430107526,28.616666666666664,0.8490842544101358,27.927083333333336,29.120833333333337
lk_batticaloa,5,temperature_2m,2022,29.403225806451612,29.34166666666667,0.7936347683033901,28.952083333333334,29.916666666666668
lk_batticaloa,5,temperature_2m,2023,28.72755376344086,28.808333333333334,0.9550139841782976,27.847916666666666,29.510416666666664
lk_batticaloa,5,temperature_2m,2024,29.32540322580645,29.295833333333334,1.1541578192795223,28.53541666666667,30.25208333333333
lk_batticaloa,5,temperature_2m,2025,29.361290322580643,29.6375,0.8962932886056446,28.59166666666667,30.079166666666666
lk_batticaloa,5,precipitation,2020,3.7129032258064516,1.4000000000000001,5.534964133306489,0.05,4.5
lk_batticaloa,5,precipitation,2021,3.3612903225806456,1.3,3.900485219333174,0.4,6.1000000000000005
lk_batticaloa,5,precipitation,2022,1.4129032258064518,0.2,2.779177568452445,0.0,0.75
lk_batticaloa,5,precipitation,2023,4.129032258064516,1.0,6.919354187031576,0.2,4.050000000000001
lk_batticaloa,5,precipitation,2024,5.909677419354839,1.7999999999999998,9.096679058451668,0.1,5.85
lk_batticaloa,5,precipitation,2025,1.3903225806451616,0.7,2.789546538861311,0.15000000000000002,1.35
lk_batticaloa,5,wind_speed_10m,2020,2.1604435483870965,1.5270833333333333,1.3797194047440806,1.3120833333333333,2.0614583333333334
lk_batticaloa,5,wind_speed_10m,2021,2.3522580645161297,1.7133333333333332,1.5172940238443922,1.3399999999999999,3.327916666666667
lk_batticaloa,5,wind_speed_10m,2022,2.4228897849462365,2.2708333333333335,1.01860682892786,1.5502083333333334,3.02125
lk_batticaloa,5,wind_speed_10m,2023,1.6158467741935483,1.5195833333333333,0.549908667541616,1.2383333333333333,1.84875
lk_batticaloa,5,wind_speed_10m,2024,2.196545698924731,2.2375000000000003,0.8200735287264923,1.6435416666666667,2.5722916666666666
lk_batticaloa,5,wind_speed_10m,2025,2.603494623655914,1.8920833333333331,1.6030101735911715,1.4945833333333334,3.318541666666667
lk_batticaloa,5,relative_humidity_2m,2020,76.8010752688172,77.875,6.262863703468234,73.8125,81.08333333333334
lk_batticaloa,5,relative_humidity_2m,2021,77.61424731182795,80.45833333333333,7.495963170868725,76.375,82.72916666666667
lk_batticaloa,5,relative_humidity_2m,2022,72.54569892473118,73.83333333333333,6.753877100163277,67.97916666666666,77.91666666666666
lk_batticaloa,5,relative_humidity_2m,2023,81.58467741935483,82.125,4.50422234870207,78.125,84.70833333333334
lk_batticaloa,5,relative_humidity_2m,2024,78.82795698924731,78.29166666666667,5.599528149924073,74.91666666666666,81.22916666666666
lk_batticaloa,5,relative_humidity_2m,2025,74.14112903225805,75.25,7.519901661432184,69.25,80.08333333333334
lk_batticaloa,5,surface_pressure,2020,1006.2430107526883,1006.9583333333334,2.116463077232373,1005.4416666666666,1007.7479166666666
lk_batticaloa,5,surface_pressure,2021,1006.6579301075269,1006.6708333333332,0.8635838297833729,1005.8770833333333,1007.28125
lk_batticaloa,5,surface_pressure,2022,1005.1825268817205,1005.375,1.6595655735076535,1004.5291666666667,1006.4979166666667
lk_batticaloa,5,surface_pressure,2023,1007.6641129032258,1007.4458333333333,1.4067297236966352,1006.5666666666666,1008.8479166666666
lk_batticaloa,5,surface_pressure,2024,1005.2956989247313,1005.3541666666666,1.9152378381554738,1003.6812500000001,1007.0041666666666
lk_batticaloa,5,surface_pressure,2025,1005.7318548387096,1005.5,1.2884676103245398,1004.9270833333334,1006.6895833333333
lk_batticaloa,5,cloud_cover,2020,75.23790322580645,84.29166666666667,24.95765208110398,56.04166666666667,96.1875
lk_batticaloa,5,cloud_cover,2021,79.83467741935483,92.04166666666667,22.49019972746712,65.22916666666666,98.45833333333333
lk_batticaloa,5,cloud_cover,2022,74.67204301075269,79.75,22.654336265114967,55.54166666666667,96.35416666666667
lk_batticaloa,5,cloud_cover,2023,64.2755376344086,77.20833333333333,36.513527550015745,28.583333333333332,99.3125
lk_batticaloa,5,cloud_cover,2024,83.7983870967742,92.83333333333333,22.278230885460854,79.375,99.0625
lk_batticaloa,5,cloud_cover,2025,75.25940860215053,80.16666666666667,19.31080676886691,64.875,91.45833333333333
lk_batticaloa,5,shortwave_radiation,2020,240.73924731182794,253.5,39.342133501993125,219.3125,268.85416666666663
lk_batticaloa,5,shortwave_radiation,2021,238.3911290322581,238.91666666666666,29.49456493682226,219.14583333333331,259.1041666666667
lk_batticaloa,5,shortwave_radiation,2022,248.366935483871,258.5,32.44345226440516,239.85416666666666,270.0
lk_batticaloa,5,shortwave_radiation,2023,244.51209677419357,264.2083333333333,52.20360024828666,226.1875,280.0416666666667
lk_batticaloa,5,shortwave_radiation,2024,231.2231182795699,235.20833333333334,47.88233256436096,189.04166666666669,273.83333333333337
lk_batticaloa,5,shortwave_radiation,2025,246.69354838709677,253.375,32.11667197930515,225.625,271.3958333333333
lk_batticaloa,6,temperature_2m,2020,29.817638888888883,29.74791666666667,1.2153229685084386,29.129166666666666,30.759375
lk_batticaloa,6,temperature_2m,2021,29.55777777777778,29.677083333333336,0.7656217370978514,29.26354166666667,29.971874999999997
lk_batticaloa,6,temperature_2m,2022,29.184861111111115,29.69166666666667,1.0375542289140458,28.591666666666665,29.948958333333334
lk_batticaloa,6,temperature_2m,2023,30.556111111111115,30.7125,0.6860662805091038,30.039583333333336,31.061458333333334
lk_batticaloa,6,temperature_2m,2024,29.690277777777776,29.775,0.6520959184395081,29.137500000000003,30.080208333333335
lk_batticaloa,6,temperature_2m,2025,30.718611111111112,30.93125,0.683909321773497,30.647916666666667,31.084375
lk_batticaloa,6,precipitation,2020,2.67,0.35000000000000003,5.157929950989093,0.0,2.7249999999999996
lk_batticaloa,6,precipitation,2021,1.0466666666666666,0.1,2.0380405284003307,0.0,0.7
lk_batticaloa,6,precipitation,2022,2.183333333333333,0.2,4.095168164904901,0.1,2.5250000000000004
lk_batticaloa,6,precipitation,2023,0.9633333333333334,0.25,1.5352149873784011,0.1,1.25
lk_batticaloa,6,precipitation,2024,1.1833333333333333,0.25,2.1127010548410383,0.1,1.0750000000000002
lk_batticaloa,6,precipitation,2025,0.3033333333333333,0.15000000000000002,0.700976330621765,0.025,0.3
lk_batticaloa,6,wind_speed_10m,2020,2.523486111111111,2.505,1.0424274720682822,1.636875,3.2085416666666666
lk_batticaloa,6,wind_speed_10m,2021,2.776833333333334,2.712083333333333,1.2603362000532838,1.769375,3.8534375
lk_batticaloa,6,wind_speed_10m,2022,2.3980416666666664,2.232083333333333,1.113977844183795,1.4108333333333332,2.899375
lk_batticaloa,6,wind_speed_10m,2023,2.7482222222222226,3.0225,0.8913580404584404,2.032395833333333,3.4521875
lk_batticaloa,6,wind_speed_10m,2024,2.3208611111111117,1.8735416666666667,1.328961924982188,1.3045833333333334,2.9566666666666666
lk_batticaloa,6,wind_speed_10m,2025,3.4707361111111106,3.366875,0.7990408873138456,3.013125,4.2275
lk_batticaloa,6,relative_humidity_2m,2020,68.61805555555557,68.39583333333334,9.183383942152863,59.97916666666667,75.94791666666667
lk_batticaloa,6,relative_humidity_2m,2021,66.44305555555555,64.70833333333334,8.265430850379246,59.958333333333336,73.14583333333333
lk_batticaloa,6,relative_humidity_2m,2022,70.20000000000002,66.27083333333334,8.443073404024576,64.03125,76.5
lk_batticaloa,6,relative_humidity_2m,2023,64.39027777777778,62.6875,6.222087896658325,60.0625,66.58333333333333
lk_batticaloa,6,relative_humidity_2m,2024,71.51527777777778,71.54166666666666,7.961747652774628,64.0,77.86458333333334
lk_batticaloa,6,relative_humidity_2m,2025,58.625,57.3125,4.795694209412394,55.89583333333333,60.875
lk_batticaloa,6,surface_pressure,2020,1005.6513888888888,1005.2750000000001,1.4306461768715484,1004.625,1006.3916666666667
lk_batticaloa,6,surface_pressure,2021,1006.9163888888887,1006.9416666666666,0.9991590892826001,1006.1031250000001,1007.459375
lk_batticaloa,6,surface_pressure,2022,1005.5019444444442,1005.5416666666667,0.8739010157408663,1004.6447916666667,1006.2166666666667
lk_batticaloa,6,surface_pressure,2023,1006.1438888888889,1006.0395833333334,0.9192555743553675,1005.5479166666667,1006.65625
lk_batticaloa,6,surface_pressure,2024,1006.3287500000001,1006.4875,1.3677724316597366,1005.8604166666667,1007.4239583333333
lk_batticaloa,6,surface_pressure,2025,1006.2844444444446,1006.54375,1.2711571253862084,1005.6739583333333,1007.1833333333333
lk_batticaloa,6,cloud_cover,2020,77.5013888888889,87.58333333333333,23.060295683038074,59.46875,97.36458333333334
lk_batticaloa,6,cloud_cover,2021,73.7263888888889,76.375,17.366536374537905,63.64583333333333,89.92708333333333
lk_batticaloa,6,cloud_cover,2022,83.54166666666669,89.54166666666666,17.141892205669844,73.20833333333333,98.35416666666667
lk_batticaloa,6,cloud_cover,2023,74.78194444444443,78.27083333333334,20.52425523815903,65.26041666666667,90.90625
lk_batticaloa,6,cloud_cover,2024,78.78055555555557,86.41666666666667,20.69057968746455,70.29166666666666,91.27083333333334
lk_batticaloa,6,cloud_cover,2025,76.35,84.27083333333334,23.26296758626337,70.45833333333333,94.34375
lk_batticaloa,6,shortwave_radiation,2020,240.78333333333333,253.33333333333331,39.53046741952504,225.85416666666666,269.3854166666667
lk_batticaloa,6,shortwave_radiation,2021,255.64861111111108,264.375,30.772730290272907,251.39583333333331,274.9895833333333
lk_batticaloa,6,shortwave_radiation,2022,240.30277777777775,245.54166666666669,36.974230783315555,231.48958333333334,262.1145833333333
lk_batticaloa,6,shortwave_radiation,2023,258.6069444444444,262.625,22.517938473161756,242.3125,275.4375
lk_batticaloa,6,shortwave_radiation,2024,238.61944444444444,246.45833333333331,31.89836352332445,224.91666666666669,260.625
lk_batticaloa,6,shortwave_radiation,2025,243.5513888888889,252.22916666666666,44.88962715236153,238.625,271.3229166666667
lk_batticaloa,7,temperature_2m,2020,28.68938172043011,28.754166666666666,0.9187298994460782,28.079166666666666,29.322916666666664
lk_batticaloa,7,temperature_2m,2021,29.671102150537635,29.504166666666666,0.9538378469590715,28.929166666666664,30.489583333333332
lk_batticaloa,7,temperature_2m,2022,29.088844086021506,29.666666666666668,1.5174038147169537,27.695833333333333,30.464583333333337
lk_batticaloa,7,temperature_2m,2023,30.450940860215052,30.495833333333334,0.7799058508568308,30.00208333333333,31.2
lk_batticaloa,7,temperature_2m,2024,30.621908602150537,30.662499999999998,1.0086862145042639,29.868750000000002,31.58958333333333
lk_batticaloa,7,temperature_2m,2025,30.807930107526882,30.808333333333334,0.7829219922049299,30.43541666666667,31.358333333333334
lk_batticaloa,7,precipitation,2020,3.2129032258064516,1.4,3.961964322192034,0.1,5.85
lk_batticaloa,7,precipitation,2021,1.4419354838709677,0.4,1.8225941573388167,0.05,2.95
lk_batticaloa,7,precipitation,2022,3.587096774193549,0.5,5.203251671502086,0.2,5.450000000000001
lk_batticaloa,7,precipitation,2023,0.4806451612903225,0.2,0.7035241549223025,0.1,0.5
lk_batticaloa,7,precipitation,2024,0.7129032258064517,0.2,1.0075521278438058,0.0,1.05
lk_batticaloa,7,precipitation,2025,0.27741935483870966,0.1,0.5481542832812399,0.0,0.30000000000000004
lk_batticaloa,7,wind_speed_10m,2020,1.927849462365591,1.6466666666666665,0.8097237904747596,1.354375,2.500625
lk_batticaloa,7,wind_speed_10m,2021,3.355309139784946,3.455416666666667,1.5766263977993498,1.925625,4.358333333333333
lk_batticaloa,7,wind_speed_10m,2022,3.288508064516128,2.4258333333333333,1.8163037506199589,1.763125,5.313541666666666
lk_batticaloa,7,wind_speed_10m,2023,3.5074462365591397,3.3487500000000003,1.5353258104504608,2.1772916666666666,4.803333333333334
lk_batticaloa,7,wind_speed_10m,2024,3.685846774193548,4.300416666666666,1.6228362820053508,2.0770833333333334,4.983958333333334
lk_batticaloa,7,wind_speed_10m,2025,4.205551075268818,4.484583333333333,1.4738290997020094,3.1366666666666667,5.082708333333333
lk_batticaloa,7,relative_humidity_2m,2020,75.3763440860215,75.625,6.044352696699851,71.3125,79.39583333333333
lk_batticaloa,7,relative_humidity_2m,2021,64.91801075268818,64.29166666666667,9.009636583900296,56.541666666666664,74.02083333333333
lk_batticaloa,7,relative_humidity_2m,2022,67.84274193548387,68.20833333333333,12.608614732472537,55.291666666666664,78.375
lk_batticaloa,7,relative_humidity_2m,2023,60.42876344086021,59.625,6.303807211867814,55.645833333333336,65.52083333333334
lk_batticaloa,7,relative_humidity_2m,2024,62.081989247311824,58.583333333333336,9.526136584461007,54.0625,69.22916666666666
lk_batticaloa,7,relative_humidity_2m,2025,56.44086021505377,54.958333333333336,4.774374282659451,52.10416666666667,60.625
lk_batticaloa,7,surface_pressure,2020,1005.6741935483872,1005.6,1.0029513273305162,1004.8395833333333,1006.325
lk_batticaloa,7,surface_pressure,2021,1005.9678763440859,1006.1,1.1347122909679028,1005.1062499999999,1006.6500000000001
lk_batticaloa,7,surface_pressure,2022,1005.4701612903228,1005.6666666666666,1.1596730346060191,1004.6375,1006.3229166666666
lk_batticaloa,7,surface_pressure,2023,1006.884946236559,1006.9499999999999,0.8595034347927534,1006.40625,1007.3770833333333
lk_batticaloa,7,surface_pressure,2024,1005.7184139784945,1005.5375,1.0469802112380242,1004.9520833333333,1006.3520833333333
lk_batticaloa,7,surface_pressure,2025,1005.8166666666666,1006.0458333333332,0.9961604530135308,1005.1645833333332,1006.4291666666667
lk_batticaloa,7,cloud_cover,2020,87.35215053763442,91.91666666666667,12.272639881682828,80.3125,97.16666666666666
lk_batticaloa,7,cloud_cover,2021,79.51881720430109,81.95833333333333,18.213058243782065,68.64583333333334,96.95833333333334
lk_batticaloa,7,cloud_cover,2022,83.69758064516131,88.25,16.800814187935618,79.20833333333334,97.02083333333333
lk_batticaloa,7,cloud_cover,2023,78.39516129032256,91.08333333333333,23.519736272436603,61.75,98.0
lk_batticaloa,7,cloud_cover,2024,79.01344086021506,84.91666666666667,19.23571616250221,65.60416666666667,95.625
lk_batticaloa,7,cloud_cover,2025,76.83467741935482,79.70833333333333,23.399423969719756,56.0625,98.02083333333334
lk_batticaloa,7,shortwave_radiation,2020,228.32123655913975,237.29166666666666,34.336551213732655,220.625,249.14583333333331
lk_batticaloa,7,shortwave_radiation,2021,236.80510752688173,239.08333333333334,33.58815857790837,220.79166666666669,261.97916666666663
lk_batticaloa,7,shortwave_radiation,2022,222.89112903225808,237.33333333333334,54.74448187715005,193.79166666666666,261.2916666666667
lk_batticaloa,7,shortwave_radiation,2023,230.19489247311824,249.0,49.12698302836777,195.5625,266.39583333333337
lk_batticaloa,7,shortwave_radiation,2024,246.64247311827958,260.5,33.52737579305451,215.02083333333334,273.375
lk_batticaloa,7,shortwave_radiation,2025,237.03763440860217,259.25,49.50475374063734,211.41666666666666,274.8541666666667
lk_batticaloa,8,temperature_2m,2020,29.579166666666666,29.675,0.5268694669319766,29.3,29.954166666666666
lk_batticaloa,8,temperature_2m,2021,29.35658602150538,29.4875,1.3146194413924432,29.035416666666666,30.385416666666668
lk_batticaloa,8,temperature_2m,2022,28.425,28.520833333333332,0.9675815833150047,27.987499999999997,29.072916666666664
lk_batticaloa,8,temperature_2m,2023,30.183736559139785,30.058333333333334,0.7849019126902438,29.73125,30.633333333333333
lk_batticaloa,8,temperature_2m,2024,29.14744623655914,28.945833333333336,0.9271070080743375,28.577083333333334,29.554166666666667
lk_batticaloa,8,temperature_2m,2025,29.562634408602147,29.616666666666664,1.166483856645097,28.56041666666667,30.5375
lk_batticaloa,8,precipitation,2020,0.5709677419354838,0.0,1.0630752712099294,0.0,0.85
lk_batticaloa,8,precipitation,2021,1.974193548387097,0.2,3.7433467861380842,0.0,2.3
lk_batticaloa,8,precipitation,2022,2.6612903225806455,0.6,5.001978103334376,0.05,2.2
lk_batticaloa,8,precipitation,2023,1.3774193548387097,0.1,3.1291862283368346,0.0,1.25
lk_batticaloa,8,precipitation,2024,3.4838709677419355,1.6,5.03501716476343,0.30000000000000004,4.35
lk_batticaloa,8,precipitation,2025,1.7032258064516128,0.1,4.284505717969323,0.0,0.45
lk_batticaloa,8,wind_speed_10m,2020,2.97108870967742,2.475,1.3926883544956887,1.75625,4.26
lk_batticaloa,8,wind_speed_10m,2021,2.786639784946236,2.55375,1.2231704541483306,1.7460416666666667,3.9699999999999998
lk_batticaloa,8,wind_speed_10m,2022,3.1504301075268817,3.19875,1.4225071782831273,1.7381250000000001,4.441041666666667
lk_batticaloa,8,wind_speed_10m,2023,2.188534946236559,1.9887499999999998,0.8233688973353096,1.7454166666666666,2.2779166666666666
lk_batticaloa,8,wind_speed_10m,2024,1.9289650537634406,1.8695833333333332,0.622140280482757,1.5516666666666667,2.2391666666666667
lk_batticaloa,8,wind_speed_10m,2025,2.9465860215053765,2.3558333333333334,1.350238462389739,1.7497916666666666,4.435208333333334
lk_batticaloa,8,relative_humidity_2m,2020,65.5524193548387,65.95833333333333,6.153833942539695,61.22916666666667,71.29166666666667
lk_batticaloa,8,relative_humidity_2m,2021,65.93548387096773,64.45833333333333,9.988806459246605,58.979166666666664,69.64583333333334
lk_batticaloa,8,relative_humidity_2m,2022,70.17338709677419,69.45833333333333,7.811583996479215,63.97916666666667,75.125
lk_batticaloa,8,relative_humidity_2m,2023,66.44489247311829,68.91666666666667,8.185426208223662,62.27083333333333,71.41666666666666
lk_batticaloa,8,relative_humidity_2m,2024,72.73387096774194,74.70833333333333,7.349947069437741,68.70833333333333,77.875
lk_batticaloa,8,relative_humidity_2m,2025,65.37499999999999,64.66666666666667,10.775191198784844,54.875,74.47916666666666
lk_batticaloa,8,surface_pressure,2020,1006.2653225806455,1006.2041666666668,1.1718497896531663,1005.6604166666666,1006.9708333333334
lk_batticaloa,8,surface_pressure,2021,1006.9401881720431,1007.025,1.2563728972440864,1006.3020833333333,1007.89375
lk_batticaloa,8,surface_pressure,2022,1005.6762096774194,1005.9250000000001,0.9905369344243405,1005.0895833333333,1006.3479166666666
lk_batticaloa,8,surface_pressure,2023,1007.5930107526881,1007.5041666666666,0.9102397088999786,1006.9666666666667,1008.2
lk_batticaloa,8,surface_pressure,2024,1006.957123655914,1007.0541666666667,1.4902826422004247,1006.0083333333332,1008.0104166666666
lk_batticaloa,8,surface_pressure,2025,1006.7569892473118,1006.8375,1.0501864842647641,1006.0875000000001,1007.5395833333332
lk_batticaloa,8,cloud_cover,2020,75.58467741935482,81.0,21.03783376496028,62.104166666666664,90.97916666666666
lk_batticaloa,8,cloud_cover,2021,93.42204301075269,96.70833333333333,8.546507719852348,92.66666666666666,99.125
lk_batticaloa,8,cloud_cover,2022,86.07258064516131,90.91666666666667,14.44455382333828,76.66666666666666,97.5
lk_batticaloa,8,cloud_cover,2023,71.00403225806451,74.75,24.09379423625355,51.04166666666667,93.77083333333334
lk_batticaloa,8,cloud_cover,2024,81.10483870967742,84.08333333333333,16.93575097217826,70.77083333333334,95.52083333333334
lk_batticaloa,8,cloud_cover,2025,74.95430107526882,80.16666666666667,22.230420418768983,57.77083333333333,94.97916666666666
lk_batticaloa,8,shortwave_radiation,2020,254.80645161290323,272.5,40.87968960014327,257.22916666666663,279.5416666666667
lk_batticaloa,8,shortwave_radiation,2021,229.66263440860217,242.29166666666666,40.6791552927117,217.54166666666669,254.85416666666669
lk_batticaloa,8,shortwave_radiation,2022,243.69489247311827,259.75,38.180391435568566,213.625,269.45833333333337
lk_batticaloa,8,shortwave_radiation,2023,270.94086021505376,271.9583333333333,15.426655075808135,264.3125,281.0208333333333
lk_batticaloa,8,shortwave_radiation,2024,238.09811827956997,246.83333333333334,31.665430437103254,231.52083333333331,255.375
lk_batticaloa,8,shortwave_radiation,2025,257.5443548387097,267.1666666666667,33.32993374241234,244.25,276.25
lk_batticaloa,9,temperature_2m,2020,28.11347222222222,28.195833333333333,0.7675958600554084,27.490624999999998,28.801041666666666
lk_batticaloa,9,temperature_2m,2021,28.825972222222223,28.724999999999998,1.009765940675815,27.859375,29.654166666666665
lk_batticaloa,9,temperature_2m,2022,28.66222222222222,28.583333333333332,1.0256789951157779,28.086458333333333,29.391666666666666
lk_batticaloa,9,temperature_2m,2023,28.12458333333334,28.02916666666667,0.5700765286899813,27.667708333333334,28.46458333333333
lk_batticaloa,9,temperature_2m,2024,30.616527777777783,31.0375,1.157041309596881,30.27916666666667,31.278125000000003
lk_batticaloa,9,temperature_2m,2025,29.914444444444445,29.86875,0.8917953858465038,29.325,30.821875000000002
lk_batticaloa,9,precipitation,2020,4.533333333333333,2.3,6.48820326509546,0.2,5.4750000000000005
lk_batticaloa,9,precipitation,2021,2.746666666666667,1.25,3.8526062234082117,0.0,4.0
lk_batticaloa,9,precipitation,2022,1.6,0.0,3.8454630679407846,0.0,0.825
lk_batticaloa,9,precipitation,2023,8.486666666666666,5.4,8.734463382183971,2.525,12.325000000000001
lk_batticaloa,9,precipitation,2024,1.05,0.1,2.590666270313089,0.0,0.375
lk_batticaloa,9,precipitation,2025,1.4266666666666667,0.1,2.914876626398866,0.0,1.25
lk_batticaloa,9,wind_speed_10m,2020,2.2599166666666664,2.071458333333333,0.9968452596783991,1.4511458333333334,2.7954166666666667
lk_batticaloa,9,wind_speed_10m,2021,2.322236111111111,1.9522916666666665,1.0556868637764967,1.6054166666666667,3.035520833333333
lk_batticaloa,9,wind_speed_10m,2022,2.2296388888888883,1.9945833333333334,0.8810133865750244,1.5703125,2.7990625
lk_batticaloa,9,wind_speed_10m,2023,1.4899583333333333,1.2877083333333332,0.5671206488394144,1.1116666666666668,1.8229166666666665
lk_batticaloa,9,wind_speed_10m,2024,3.0568194444444443,3.1127083333333334,0.7555217352749428,2.57375,3.4994791666666667
lk_batticaloa,9,wind_speed_10m,2025,2.7170416666666664,2.3668750000000003,0.9776897417903632,1.868854166666667,3.4296875
lk_batticaloa,9,relative_humidity_2m,2020,76.7875,77.875,6.553980741018382,72.3125,82.04166666666667
lk_batticaloa,9,relative_humidity_2m,2021,72.30694444444445,73.95833333333334,9.021860977364451,64.19791666666667,80.64583333333334
lk_batticaloa,9,relative_humidity_2m,2022,71.04722222222222,70.22916666666666,7.741326048621129,66.90625,76.4375
lk_batticaloa,9,relative_humidity_2m,2023,80.46111111111112,81.77083333333334,3.9314488309782507,78.77083333333333,83.29166666666667
lk_batticaloa,9,relative_humidity_2m,2024,60.19583333333334,56.85416666666667,8.634536138086595,54.5625,64.55208333333333
lk_batticaloa,9,relative_humidity_2m,2025,63.60277777777778,63.25,9.110241261860061,55.92708333333333,70.35416666666667
lk_batticaloa,9,surface_pressure,2020,1006.8768055555556,1006.8604166666667,0.9678312961379961,1006.4427083333333,1007.3364583333333
lk_batticaloa,9,surface_pressure,2021,1006.5156944444445,1006.50625,0.9810254937139724,1006.0489583333333,1007.0260416666666
lk_batticaloa,9,surface_pressure,2022,1007.102361111111,1006.9125,0.9768554180749971,1006.6052083333333,1007.6364583333334
lk_batticaloa,9,surface_pressure,2023,1007.6447222222222,1007.7229166666666,0.9587636048911444,1007.0739583333334,1008.3416666666666
lk_batticaloa,9,surface_pressure,2024,1006.5354166666665,1006.4520833333333,1.1245591675675277,1005.634375,1007.3343749999999
lk_batticaloa,9,surface_pressure,2025,1006.9634722222222,1007.0666666666666,0.8314221499018235,1006.7291666666666,1007.459375
lk_batticaloa,9,cloud_cover,2020,85.1236111111111,88.3125,15.67697479468798,77.47916666666667,98.60416666666667
lk_batticaloa,9,cloud_cover,2021,77.96388888888889,80.25,20.07968659757817,64.32291666666667,93.01041666666666
lk_batticaloa,9,cloud_cover,2022,69.59166666666667,67.89583333333333,21.26093194127422,57.89583333333333,84.11458333333334
lk_batticaloa,9,cloud_cover,2023,80.71666666666665,85.02083333333334,14.91086784479889,68.6875,93.8125
lk_batticaloa,9,cloud_cover,2024,73.47638888888888,77.75,19.74779827721494,57.71875,88.21875
lk_batticaloa,9,cloud_cover,2025,79.94444444444443,84.54166666666666,16.610816384063817,67.76041666666667,91.70833333333333
lk_batticaloa,9,shortwave_radiation,2020,215.47638888888892,227.60416666666669,44.396344474494256,199.71875,248.625
lk_batticaloa,9,shortwave_radiation,2021,239.74583333333337,250.0,39.19941213383092,236.22916666666666,265.30208333333337
lk_batticaloa,9,shortwave_radiation,2022,257.7888888888889,268.6875,35.55126036676323,245.16666666666666,279.90625
lk_batticaloa,9,shortwave_radiation,2023,229.6208333333333,239.58333333333331,35.69129552690528,216.35416666666669,255.28125
lk_batticaloa,9,shortwave_radiation,2024,258.18750000000006,266.25,28.100956623761014,250.55208333333334,279.4479166666667
lk_batticaloa,9,shortwave_radiation,2025,243.8666666666667,252.33333333333331,37.86059135030297,222.97916666666666,270.42708333333337
lk_batticaloa,10,temperature_2m,2020,28.986962365591395,29.05,0.8998930890303513,28.420833333333334,29.7875
lk_batticaloa,10,temperature_2m,2021,27.44086021505377,27.191666666666666,1.0772147831644818,26.547916666666666,28.331249999999997
lk_batticaloa,10,temperature_2m,2022,27.171102150537635,26.84583333333333,1.3218025428805888,26.31041666666667,27.570833333333333
lk_batticaloa,10,temperature_2m,2023,27.013037634408605,27.108333333333334,0.49279266301521246,26.481249999999996,27.464583333333337
lk_batticaloa,10,temperature_2m,2024,27.668817204301074,27.425,1.0019228451802795,26.925000000000004,28.237499999999997
lk_batticaloa,10,temperature_2m,2025,27.93051075268817,27.808333333333334,1.089097053743659,27.354166666666664,28.337500000000002
lk_batticaloa,10,precipitation,2020,1.5354838709677414,0.1,3.107683852120608,0.0,1.75
lk_batticaloa,10,precipitation,2021,6.6322580645161295,2.0,8.691965144000298,0.65,11.7
lk_batticaloa,10,precipitation,2022,8.412903225806453,3.1000000000000005,9.773970258991783,0.55,15.6
lk_batticaloa,10,precipitation,2023,13.638709677419357,8.299999999999999,15.809779197685524,4.4,17.200000000000003
lk_batticaloa,10,precipitation,2024,7.193548387096775,4.8,7.545503538923958,1.7999999999999998,9.65
lk_batticaloa,10,precipitation,2025,4.590322580645162,1.9000000000000004,5.348604480841066,0.2,8.4
lk_batticaloa,10,wind_speed_10m,2020,3.045067204301075,2.6750000000000003,1.3233403000480197,2.0689583333333332,4.312708333333333
lk_batticaloa,10,wind_speed_10m,2021,2.11619623655914,1.8099999999999998,1.0535370086022717,1.3770833333333334,3.0304166666666665
lk_batticaloa,10,wind_speed_10m,2022,2.4619623655913982,1.7837500000000002,1.5241927667467479,1.3729166666666668,3.3118749999999997
lk_batticaloa,10,wind_speed_10m,2023,1.4696774193548388,1.45,0.3388855767656466,1.255625,1.6991666666666667
lk_batticaloa,10,wind_speed_10m,2024,1.5607258064516132,1.4841666666666666,0.550064715971014,1.21625,1.578125
lk_batticaloa,10,wind_speed_10m,2025,2.0775806451612904,1.8404166666666668,0.9931932019174947,1.3943750000000001,2.2585416666666664
lk_batticaloa,10,relative_humidity_2m,2020,67.10887096774192,66.54166666666667,8.50179499987107,59.875,72.6875
lk_batticaloa,10,relative_humidity_2m,2021,80.65994623655916,82.83333333333333,7.460405490963995,73.97916666666667,86.27083333333334
lk_batticaloa,10,relative_humidity_2m,2022,79.11559139784946,81.375,9.395106276855255,74.83333333333334,85.72916666666666
lk_batticaloa,10,relative_humidity_2m,2023,85.502688172043,85.70833333333333,2.5424392151013304,84.39583333333334,87.35416666666666
lk_batticaloa,10,relative_humidity_2m,2024,82.4717741935484,83.20833333333333,5.01590510896355,78.66666666666666,85.72916666666666
lk_batticaloa,10,relative_humidity_2m,2025,77.60887096774194,79.54166666666667,7.814913904256645,74.97916666666666,82.08333333333334
lk_batticaloa,10,surface_pressure,2020,1006.608198924731,1006.4083333333333,1.4752100775817607,1005.5145833333333,1007.5979166666667
lk_batticaloa,10,surface_pressure,2021,1007.3837365591396,1007.0708333333333,2.25970677660809,1005.9916666666666,1008.9270833333333
lk_batticaloa,10,surface_pressure,2022,1008.0845430107527,1008.2875,1.6099093435298455,1006.9666666666667,1009.2791666666667
lk_batticaloa,10,surface_pressure,2023,1010.1899193548387,1010.0500000000001,0.9282929213934479,1009.7416666666666,1010.9895833333333
lk_batticaloa,10,surface_pressure,2024,1008.2903225806451,1008.225,0.8775567059186179,1007.5062499999999,1008.9624999999999
lk_batticaloa,10,surface_pressure,2025,1007.7701612903226,1007.5749999999999,1.6811626876592,1006.48125,1009.4958333333334
lk_batticaloa,10,cloud_cover,2020,71.81317204301074,78.45833333333333,22.140191141212277,60.395833333333336,86.52083333333334
lk_batticaloa,10,cloud_cover,2021,81.38844086021506,83.125,15.715936809584957,73.4375,94.25
lk_batticaloa,10,cloud_cover,2022,80.85752688172045,86.5,20.69624835778737,71.70833333333333,96.02083333333334
lk_batticaloa,10,cloud_cover,2023,75.87768817204302,82.25,18.173281592193298,67.0,87.4375
lk_batticaloa,10,cloud_cover,2024,74.90860215053763,78.95833333333333,22.5728358631965,62.70833333333333,95.08333333333334
lk_batticaloa,10,cloud_cover,2025,69.24462365591398,75.08333333333333,26.870546017518322,51.3125,94.75
lk_batticaloa,10,shortwave_radiation,2020,257.2244623655914,255.125,16.635083538441993,245.14583333333331,265.5625
lk_batticaloa,10,shortwave_radiation,2021,212.61290322580646,233.70833333333334,47.56849738742785,186.25,246.04166666666669
lk_batticaloa,10,shortwave_radiation,2022,210.88037634408605,222.5,42.60102065528668,194.58333333333331,240.64583333333331
lk_batticaloa,10,shortwave_radiation,2023,217.6357526881721,223.75,32.440367242403156,202.70833333333331,234.125
lk_batticaloa,10,shortwave_radiation,2024,208.93951612903226,216.0,48.392768579371264,185.91666666666669,249.58333333333331
lk_batticaloa,10,shortwave_radiation,2025,229.23387096774198,247.66666666666666,50.15770231532906,209.08333333333331,262.41666666666663
lk_batticaloa,11,temperature_2m,2020,26.35152777777778,26.477083333333333,0.6878029490423591,25.846874999999997,26.809375
lk_batticaloa,11,temperature_2m,2021,26.20583333333333,26.287499999999998,0.6662144658887154,25.81458333333333,26.661458333333332
lk_batticaloa,11,temperature_2m,2022,25.889166666666668,25.87708333333333,0.5438732684954352,25.493750000000002,26.20729166666667
lk_batticaloa,11,temperature_2m,2023,26.219444444444445,26.25,0.5231750041140703,25.917708333333334,26.586458333333333
lk_batticaloa,11,temperature_2m,2024,26.107499999999998,26.035416666666666,0.8351040096278735,25.788541666666667,26.698958333333334
lk_batticaloa,11,temperature_2m,2025,26.414444444444445,25.96666666666667,1.4615845258858846,25.146875,27.620833333333334
lk_batticaloa,11,precipitation,2020,5.640000000000001,5.0,5.011751706979686,2.775,5.65
lk_batticaloa,11,precipitation,2021,11.563333333333334,9.8,10.516177466444123,2.825,17.375
lk_batticaloa,11,precipitation,2022,10.666666666666668,2.05,16.979710678119446,0.35000000000000003,14.275
lk_batticaloa,11,precipitation,2023,14.683333333333335,13.7,8.337455302401342,9.825,19.974999999999998
lk_batticaloa,11,precipitation,2024,18.80666666666667,12.05,26.02221773969225,3.4499999999999997,18.175
lk_batticaloa,11,precipitation,2025,17.10666666666667,9.0,25.498815839081676,0.8,20.975
lk_batticaloa,11,wind_speed_10m,2020,2.307361111111111,1.9916666666666667,0.9722923360049155,1.7184374999999998,2.5985416666666667
lk_batticaloa,11,wind_speed_10m,2021,2.0752916666666668,1.7945833333333334,0.9236899127720821,1.4429166666666666,2.4606250000000003
lk_batticaloa,11,wind_speed_10m,2022,2.0863194444444444,1.805416666666667,0.8179421271188889,1.4291666666666667,2.470625
lk_batticaloa,11,wind_speed_10m,2023,1.630013888888889,1.5277083333333332,0.44615863204035977,1.3953125,1.9594791666666667
lk_batticaloa,11,wind_speed_10m,2024,2.5080694444444442,1.9145833333333333,1.53265077450528,1.6118750000000002,2.649375
lk_batticaloa,11,wind_speed_10m,2025,2.5150277777777776,2.032916666666667,1.387364366076648,1.7046875,2.5471874999999997
lk_batticaloa,11,relative_humidity_2m,2020,85.81805555555556,85.5625,3.2531388344951773,83.57291666666667,88.44791666666667
lk_batticaloa,11,relative_humidity_2m,2021,87.08194444444446,87.4375,4.103493560728153,85.17708333333333,89.08333333333333
lk_batticaloa,11,relative_humidity_2m,2022,85.09722222222221,84.52083333333334,5.3713659787478685,81.39583333333334,89.53125
lk_batticaloa,11,relative_humidity_2m,2023,89.71111111111112,89.66666666666666,2.5893037546006,88.0625,91.52083333333334
lk_batticaloa,11,relative_humidity_2m,2024,87.87083333333334,88.4375,4.246693411696938,84.21875,90.1875
lk_batticaloa,11,relative_humidity_2m,2025,84.34583333333332,85.20833333333334,8.308484143594896,78.07291666666666,90.72916666666667
lk_batticaloa,11,surface_pressure,2020,1009.2987499999998,1009.55,1.2004345228217856,1008.575,1010.13125
lk_batticaloa,11,surface_pressure,2021,1007.3883333333332,1007.3708333333334,1.3239375303582794,1006.6166666666667,1008.3083333333333
lk_batticaloa,11,surface_pressure,2022,1009.2418055555555,1009.1895833333333,0.9729473452135595,1008.5229166666667,1009.8885416666667
lk_batticaloa,11,surface_pressure,2023,1009.737361111111,1009.9104166666666,0.8568740268328784,1009.0645833333333,1010.2927083333333
lk_batticaloa,11,surface_pressure,2024,1007.9655555555556,1008.6937499999999,2.0646811389702417,1007.3406249999999,1009.084375
lk_batticaloa,11,surface_pressure,2025,1009.1869444444445,1009.8479166666666,1.9243933876939678,1009.1,1010.1916666666667
lk_batticaloa,11,cloud_cover,2020,81.22777777777777,83.4375,17.00249915894907,69.95833333333334,97.5625
lk_batticaloa,11,cloud_cover,2021,81.15277777777779,84.9375,20.862563785124255,72.88541666666666,98.14583333333333
lk_batticaloa,11,cloud_cover,2022,79.00416666666666,88.54166666666666,23.205923568119957,64.69791666666667,98.0625
lk_batticaloa,11,cloud_cover,2023,82.78472222222223,87.70833333333334,17.48839956008132,76.42708333333334,96.09375
lk_batticaloa,11,cloud_cover,2024,78.1611111111111,90.875,26.513044694126435,66.13541666666667,98.78125
lk_batticaloa,11,cloud_cover,2025,76.48888888888888,83.95833333333333,24.350765124176746,62.041666666666664,97.26041666666666
lk_batticaloa,11,shortwave_radiation,2020,186.65694444444446,203.35416666666666,47.409637131366466,151.9375,220.88541666666666
lk_batticaloa,11,shortwave_radiation,2021,175.99722222222223,190.8125,49.292975217681715,143.79166666666666,211.27083333333334
lk_batticaloa,11,shortwave_radiation,2022,188.1125,210.39583333333331,54.982337975245635,147.625,233.75
lk_batticaloa,11,shortwave_radiation,2023,175.38194444444446,185.10416666666669,41.739730599901606,152.05208333333334,208.35416666666669
lk_batticaloa,11,shortwave_radiation,2024,166.75833333333335,179.66666666666666,60.17524236811434,124.80208333333333,213.64583333333331
lk_batticaloa,11,shortwave_radiation,2025,174.27083333333334,208.58333333333331,80.09893961915492,107.27083333333333,241.22916666666666
lk_batticaloa,12,temperature_2m,2020,25.378091397849456,25.370833333333334,0.8661957639893921,24.59583333333333,25.8625
lk_batticaloa,12,temperature_2m,2021,25.84798387096774,25.724999999999998,0.5922062005673718,25.416666666666668,26.28333333333333
lk_batticaloa,12,temperature_2m,2022,25.20456989247312,25.520833333333332,1.0882880046491927,25.058333333333334,25.81875
lk_batticaloa,12,temperature_2m,2023,26.167473118279567,26.15833333333333,0.6452752242214369,25.602083333333333,26.724999999999998
lk_batticaloa,12,temperature_2m,2024,26.136559139784943,26.366666666666664,0.6995904139650767,25.747916666666665,26.552083333333336
lk_batticaloa,12,temperature_2m,2025,25.39690860215054,25.254166666666666,0.606126102022645,24.99583333333333,25.729166666666664
lk_batticaloa,12,precipitation,2020,13.009677419354835,4.8,15.806567302626876,1.3,23.15
lk_batticaloa,12,precipitation,2021,3.458064516129032,1.1,4.491011333285513,0.15000000000000002,6.1
lk_batticaloa,12,precipitation,2022,11.335483870967744,2.9000000000000004,25.453402501919683,0.8500000000000001,9.5
lk_batticaloa,12,precipitation,2023,12.338709677419354,7.700000000000001,11.060219329330826,4.35,16.0
lk_batticaloa,12,precipitation,2024,9.687096774193549,2.5,31.786503864957993,0.35000000000000003,6.300000000000001
lk_batticaloa,12,precipitation,2025,5.677419354838709,3.5999999999999996,6.081047589432782,1.6,7.45
lk_batticaloa,12,wind_speed_10m,2020,2.568051075268817,2.43875,1.0071059873509167,1.9358333333333335,2.8241666666666667
lk_batticaloa,12,wind_speed_10m,2021,2.332768817204301,2.415,0.5431396590357246,1.9570833333333333,2.6952083333333334
lk_batticaloa,12,wind_speed_10m,2022,2.846801075268817,2.4625,1.5308455073727232,1.8979166666666667,3.449791666666667
lk_batticaloa,12,wind_speed_10m,2023,2.547862903225806,2.7308333333333334,0.8494525656945148,2.0858333333333334,3.147708333333333
lk_batticaloa,12,wind_speed_10m,2024,2.2706720430107525,2.15,0.9097672847877811,1.5372916666666667,2.784583333333333
lk_batticaloa,12,wind_speed_10m,2025,2.6028763440860216,2.473333333333333,0.6845109631967623,2.1445833333333333,3.0666666666666664
lk_batticaloa,12,relative_humidity_2m,2020,87.7997311827957,88.58333333333333,5.760572198571786,83.89583333333334,92.35416666666666
lk_batticaloa,12,relative_humidity_2m,2021,84.24193548387099,84.75,5.925349842723372,81.6875,88.625
lk_batticaloa,12,relative_humidity_2m,2022,86.01209677419355,85.125,4.288593742746285,83.20833333333334,88.9375
lk_batticaloa,12,relative_humidity_2m,2023,89.2016129032258,89.29166666666667,3.806930460889743,86.85416666666666,92.3125
lk_batticaloa,12,relative_humidity_2m,2024,85.7768817204301,85.54166666666667,4.002293156150088,83.5,88.35416666666667
lk_batticaloa,12,relative_humidity_2m,2025,86.81854838709677,87.5,4.276802040421209,83.5625,89.9375
lk_batticaloa,12,surface_pressure,2020,1009.413440860215,1009.7125,1.603750562800276,1008.9770833333334,1010.5708333333334
lk_batticaloa,12,surface_pressure,2021,1010.9853494623657,1011.1166666666667,1.0049546648654883,1010.1020833333332,1011.6583333333333
lk_batticaloa,12,surface_pressure,2022,1008.9771505376345,1008.6208333333334,2.649288616729241,1006.9083333333333,1009.9645833333333
lk_batticaloa,12,surface_pressure,2023,1010.0412634408602,1010.2458333333334,1.708999990125362,1009.4270833333333,1011.2312499999999
lk_batticaloa,12,surface_pressure,2024,1008.9971774193548,1008.9499999999999,1.6619928866983864,1008.0354166666666,1009.9666666666667
lk_batticaloa,12,surface_pressure,2025,1010.2380376344088,1010.2958333333332,0.7769753365046062,1009.8333333333334,1010.7770833333334
lk_batticaloa,12,cloud_cover,2020,78.8494623655914,90.41666666666667,22.59417451299198,58.85416666666667,98.0625
lk_batticaloa,12,cloud_cover,2021,53.956989247311824,40.708333333333336,24.072521323189974,35.91666666666667,75.89583333333333
lk_batticaloa,12,cloud_cover,2022,81.28091397849461,90.125,19.81257365841529,66.70833333333334,99.54166666666666
lk_batticaloa,12,cloud_cover,2023,82.41935483870968,88.45833333333333,17.32310039651304,75.02083333333333,95.33333333333334
lk_batticaloa,12,cloud_cover,2024,74.32930107526882,80.20833333333333,21.96119092421984,68.10416666666666,89.64583333333333
lk_batticaloa,12,cloud_cover,2025,71.75940860215053,74.375,20.70857564601531,58.520833333333336,89.54166666666666
lk_batticaloa,12,shortwave_radiation,2020,160.40053763440858,178.375,66.53606885017065,131.0,217.91666666666666
lk_batticaloa,12,shortwave_radiation,2021,195.09543010752688,195.83333333333334,36.15792776133647,175.0625,225.625
lk_batticaloa,12,shortwave_radiation,2022,163.0336021505376,189.375,66.84528884767447,121.77083333333334,206.29166666666669
lk_batticaloa,12,shortwave_radiation,2023,162.67204301075267,174.29166666666666,46.97056892492811,136.77083333333331,200.45833333333334
lk_batticaloa,12,shortwave_radiation,2024,189.42876344086022,200.91666666666666,53.9113525561961,168.39583333333331,226.83333333333331
lk_batticaloa,12,shortwave_radiation,2025,178.66666666666663,178.70833333333334,39.737524247659586,159.02083333333331,207.85416666666669
lk_colombo,1,temperature_2m,2020,27.50967741935484,27.337500000000002,0.8548739531687998,26.84375,28.289583333333336
lk_colombo,1,temperature_2m,2021,25.74274193548387,25.695833333333336,0.5002232924343951,25.50625,26.085416666666667
lk_colombo,1,temperature_2m,2022,27.162096774193547,27.15833333333333,0.6269316029416808,26.700000000000003,27.475
lk_colombo,1,temperature_2m,2023,25.56760752688172,25.641666666666666,0.4959240226090254,25.233333333333334,25.90625
lk_colombo,1,temperature_2m,2024,26.596102150537632,26.579166666666666,0.6940653983454345,26.06875,27.097916666666666
lk_colombo,1,temperature_2m,2025,25.693413978494622,25.7,0.7979413429557891,25.231250000000003,26.08958333333333
lk_colombo,1,precipitation,2020,0.3258064516129032,0.0,1.2336849251829478,0.0,0.1
lk_colombo,1,precipitation,2021,8.71290322580645,3.5,14.305470793499104,0.35000000000000003,12.0
lk_colombo,1,precipitation,2022,0.7032258064516129,0.30000000000000004,1.264247831971707,0.0,0.6000000000000001
lk_colombo,1,precipitation,2023,2.612903225806451,0.1,4.04068821988564,0.0,5.550000000000001
lk_colombo,1,precipitation,2024,4.638709677419354,0.8,7.965328091981098,0.0,5.1
lk_colombo,1,precipitation,2025,5.267741935483871,2.5,7.646846282260166,0.15000000000000002,6.05
lk_colombo,1,wind_speed_10m,2020,2.458494623655914,2.1683333333333334,1.2775298144552178,1.4743750000000002,3.4360416666666667
lk_colombo,1,wind_speed_10m,2021,2.0038440860215054,1.7375,0.9968600106830668,1.1845833333333333,2.724375
lk_colombo,1,wind_speed_10m,2022,2.3101881720430106,2.0037499999999997,1.0221918728815378,1.6310416666666665,2.834791666666667
lk_colombo,1,wind_speed_10m,2023,2.9268010752688167,3.0841666666666665,1.1038702085619745,2.1264583333333333,3.7035416666666663
lk_colombo,1,wind_speed_10m,2024,2.089059139784947,1.72625,0.9834836865264618,1.2525,2.8131250000000003
lk_colombo,1,wind_speed_10m,2025,2.9495295698924733,2.9941666666666666,1.020126250254147,2.283125,3.571458333333333
lk_colombo,1,relative_humidity_2m,2020,70.65725806451613,69.125,7.60657085036044,67.27083333333333,73.47916666666666
lk_colombo,1,relative_humidity_2m,2021,83.45295698924734,86.33333333333333,7.733986906166514,81.64583333333334,88.97916666666666
lk_colombo,1,relative_humidity_2m,2022,71.98118279569891,73.16666666666667,6.667906470737946,70.39583333333334,76.60416666666667
lk_colombo,1,relative_humidity_2m,2023,76.1021505376344,75.91666666666667,7.082008362269116,71.1875,81.83333333333333
lk_colombo,1,relative_humidity_2m,2024,80.37634408602152,82.54166666666667,6.927054480900378,74.5625,85.83333333333333
lk_colombo,1,relative_humidity_2m,2025,82.19623655913979,82.66666666666667,5.739061592019139,75.72916666666666,86.22916666666666
lk_colombo,1,surface_pressure,2020,1010.2903225806452,1010.0500000000001,0.7520599697023213,1009.8,1010.6979166666667
lk_colombo,1,surface_pressure,2021,1008.8880376344085,1009.0666666666666,1.1751914451678396,1008.0333333333333,1009.9124999999999
lk_colombo,1,surface_pressure,2022,1009.8254032258063,1009.7833333333333,0.8038955752323416,1009.2979166666667,1010.3333333333333
lk_colombo,1,surface_pressure,2023,1010.4188172043011,1010.4583333333334,1.4028038519170813,1009.4499999999999,1011.4520833333333
lk_colombo,1,surface_pressure,2024,1010.9142473118278,1010.7291666666666,1.0706418842010303,1009.9479166666667,1011.7520833333333
lk_colombo,1,surface_pressure,2025,1009.1615591397848,1009.1708333333332,0.8840299334512207,1008.4749999999999,1009.9479166666667
lk_colombo,1,cloud_cover,2020,44.95295698924731,46.166666666666664,21.498150065587804,26.8125,56.83333333333333
lk_colombo,1,cloud_cover,2021,78.86827956989247,84.91666666666667,20.013791820956087,66.79166666666666,93.58333333333333
lk_colombo,1,cloud_cover,2022,56.08602150537635,57.166666666666664,21.771474433633035,39.0625,72.1875
lk_colombo,1,cloud_cover,2023,67.31451612903227,66.54166666666667,24.055207140895664,46.875,92.08333333333334
lk_colombo,1,cloud_cover,2024,52.061827956989255,47.541666666666664,31.531946379396217,25.104166666666668,79.33333333333334
lk_colombo,1,cloud_cover,2025,82.26881720430109,89.79166666666667,20.803169381902812,73.97916666666667,98.04166666666666
lk_colombo,1,shortwave_radiation,2020,237.69354838709677,237.20833333333334,22.460803173784093,222.27083333333331,250.33333333333331
lk_colombo,1,shortwave_radiation,2021,183.96908602150532,179.0,53.259143241879315,151.91666666666669,231.95833333333334
lk_colombo,1,shortwave_radiation,2022,231.01209677419354,235.0,34.17439139225545,216.97916666666666,253.58333333333334
lk_colombo,1,shortwave_radiation,2023,216.66666666666669,228.58333333333334,43.693070102706216,189.66666666666666,248.08333333333331
lk_colombo,1,shortwave_radiation,2024,214.30241935483875,230.83333333333334,48.96410718641486,207.8125,245.91666666666666
lk_colombo,1,shortwave_radiation,2025,166.7876344086022,179.04166666666666,58.33939289443727,119.85416666666667,219.0625
lk_colombo,2,temperature_2m,2020,28.86517857142857,29.00208333333333,0.690889246167801,28.254166666666666,29.4375
lk_colombo,2,temperature_2m,2021,27.32410714285714,27.677083333333336,0.8030063088968605,26.538541666666667,27.91770833333333
lk_colombo,2,temperature_2m,2022,27.26592261904761,27.489583333333332,0.9550420223040181,26.621875,27.882291666666667
lk_colombo,2,temperature_2m,2023,26.547470238095237,26.447916666666664,0.7165826279374006,25.978125,27.070833333333333
lk_colombo,2,temperature_2m,2024,28.708630952380958,28.941666666666666,0.8923903321137495,27.96875,29.316666666666666
lk_colombo,2,temperature_2m,2025,27.339583333333337,27.26458333333333,0.9610659510905999,26.488541666666663,27.928124999999998
lk_colombo,2,precipitation,2020,0.5321428571428571,0.15000000000000002,0.7717481701275605,0.0,0.7000000000000001
lk_colombo,2,precipitation,2021,0.25,0.0,0.4467993169529578,0.0,0.2
lk_colombo,2,precipitation,2022,2.128571428571429,0.1,6.1749108341354875,0.0,1.1
lk_colombo,2,precipitation,2023,2.7285714285714286,0.30000000000000004,7.378038339250464,0.0,1.375
lk_colombo,2,precipitation,2024,0.6214285714285713,0.2,0.9409833874462054,0.0,1.025
lk_colombo,2,precipitation,2025,1.167857142857143,0.1,4.577080872364974,0.0,0.42500000000000004
lk_colombo,2,wind_speed_10m,2020,2.1155803571428575,1.761875,0.8616293418146804,1.5202083333333334,2.5830208333333333
lk_colombo,2,wind_speed_10m,2021,2.784672619047619,2.4104166666666664,1.3510222531713088,1.6539583333333332,3.91625
lk_colombo,2,wind_speed_10m,2022,2.2340029761904763,1.79875,0.8844294920922661,1.5390625,3.1529166666666666
lk_colombo,2,wind_speed_10m,2023,1.9465476190476192,1.7597916666666666,0.6752885743566764,1.5522916666666666,2.1938541666666667
lk_colombo,2,wind_speed_10m,2024,2.100997023809524,1.833333333333333,0.8093293654952562,1.43,2.7521875
lk_colombo,2,wind_speed_10m,2025,1.9392113095238093,1.5835416666666666,0.7214260331721825,1.4798958333333334,2.094375
lk_colombo,2,relative_humidity_2m,2020,64.96875000000001,64.77083333333334,6.0792374275576115,61.5,68.41666666666666
lk_colombo,2,relative_humidity_2m,2021,70.5327380952381,71.02083333333334,4.5141005241392325,68.45833333333333,73.4375
lk_colombo,2,relative_humidity_2m,2022,70.38095238095238,71.14583333333333,9.392248976093223,65.45833333333333,77.61458333333333
lk_colombo,2,relative_humidity_2m,2023,77.17559523809523,78.6875,7.785176351630367,73.625,81.86458333333334
lk_colombo,2,relative_humidity_2m,2024,70.08035714285714,68.47916666666667,6.763351075388549,64.98958333333334,74.88541666666666
lk_colombo,2,relative_humidity_2m,2025,72.90922619047619,72.8125,5.717625058815776,69.22916666666667,76.65625
lk_colombo,2,surface_pressure,2020,1010.3441964285714,1010.5062499999999,1.058662787307443,1009.875,1011.0395833333333
lk_colombo,2,surface_pressure,2021,1009.7247023809524,1009.6833333333333,0.8396879078728424,1009.1895833333333,1010.171875
lk_colombo,2,surface_pressure,2022,1008.9703869047619,1008.8187499999999,1.48515300513783,1008.2,1010.0510416666666
lk_colombo,2,surface_pressure,2023,1009.9773809523809,1010.2479166666667,1.4502564821105115,1008.89375,1010.8979166666667
lk_colombo,2,surface_pressure,2024,1010.9645833333334,1010.8083333333333,1.4883876211878793,1010.1760416666666,1012.1416666666667
lk_colombo,2,surface_pressure,2025,1010.0596726190478,1010.0541666666667,0.9052580271073519,1009.3239583333333,1010.6302083333334
lk_colombo,2,cloud_cover,2020,45.99702380952381,41.14583333333333,22.338572516836145,29.572916666666664,60.802083333333336
lk_colombo,2,cloud_cover,2021,50.181547619047635,52.520833333333336,25.652095266256303,28.09375,69.01041666666667
lk_colombo,2,cloud_cover,2022,55.337797619047606,55.1875,31.044290715351405,26.291666666666664,84.09375
lk_colombo,2,cloud_cover,2023,63.279761904761905,72.35416666666666,24.363501976153472,38.40625,80.79166666666667
lk_colombo,2,cloud_cover,2024,47.06398809523809,50.3125,20.660967460582782,26.302083333333332,58.15625
lk_colombo,2,cloud_cover,2025,50.089285714285715,50.16666666666667,26.123191438880145,23.729166666666668,66.26041666666667
lk_colombo,2,shortwave_radiation,2020,257.94940476190476,264.47916666666663,20.63450914704697,248.23958333333334,271.1145833333333
lk_colombo,2,shortwave_radiation,2021,250.99702380952382,258.5,29.51465016136156,238.8125,269.64583333333337
lk_colombo,2,shortwave_radiation,2022,246.59374999999997,263.29166666666663,48.693561855526475,235.9375,278.11458333333337
lk_colombo,2,shortwave_radiation,2023,229.76636904761904,238.97916666666669,41.02865438782049,210.9375,254.76041666666666
lk_colombo,2,shortwave_radiation,2024,255.9375,259.35416666666663,16.51653640429006,245.72916666666666,269.6979166666667
lk_colombo,2,shortwave_radiation,2025,255.57440476190476,264.4375,37.06086563989362,253.53125,274.3958333333333
lk_colombo,3,temperature_2m,2020,29.05994623655914,29.1375,0.4406771901313143,28.760416666666664,29.34583333333333
lk_colombo,3,temperature_2m,2021,26.945295698924728,26.883333333333336,0.6525517415410761,26.46875,27.3
lk_colombo,3,temperature_2m,2022,28.290994623655912,28.224999999999998,0.4135495860901287,28.014583333333334,28.570833333333333
lk_colombo,3,temperature_2m,2023,27.14422043010753,27.120833333333334,0.5493700911163092,26.675000000000004,27.554166666666667
lk_colombo,3,temperature_2m,2024,29.057526881720424,29.1125,0.508650196501912,28.65208333333333,29.34375
lk_colombo,3,temperature_2m,2025,27.23145161290323,27.504166666666666,0.6129531946869525,26.833333333333332,27.71875
lk_colombo,3,precipitation,2020,0.9935483870967742,0.5,1.3742720458169768,0.05,1.1
lk_colombo,3,precipitation,2021,7.938709677419354,2.7,11.356868037135204,0.6,11.5
lk_colombo,3,precipitation,2022,1.493548387096774,1.3,1.5237968989492374,0.2,2.05
lk_colombo,3,precipitation,2023,3.52258064516129,2.2,3.5789858598416164,1.1,5.75
lk_colombo,3,precipitation,2024,1.9774193548387098,0.7000000000000001,4.05895796787134,0.2,1.35
lk_colombo,3,precipitation,2025,2.893548387096774,1.0,4.882754378686341,0.45,2.95
lk_colombo,3,wind_speed_10m,2020,1.703306451612903,1.7008333333333334,0.2899365937924225,1.5054166666666666,1.913333333333333
lk_colombo,3,wind_speed_10m,2021,1.3370833333333334,1.2762499999999999,0.30677511669335605,1.1245833333333333,1.4416666666666667
lk_colombo,3,wind_speed_10m,2022,2.2016263440860215,1.9441666666666666,0.918731666199277,1.5350000000000001,2.3641666666666667
lk_colombo,3,wind_speed_10m,2023,1.5284408602150539,1.54,0.4089736896101135,1.1712500000000001,1.8839583333333332
lk_colombo,3,wind_speed_10m,2024,1.5628897849462369,1.5775,0.30683668172708023,1.4020833333333333,1.6739583333333332
lk_colombo,3,wind_speed_10m,2025,1.397056451612903,1.4066666666666665,0.404167395982788,1.115,1.5564583333333335
lk_colombo,3,relative_humidity_2m,2020,70.33736559139786,70.25,3.9031734898051,67.85416666666667,71.85416666666667
lk_colombo,3,relative_humidity_2m,2021,81.39784946236557,82.75,5.416985446919586,79.58333333333333,85.0
lk_colombo,3,relative_humidity_2m,2022,72.80107526881721,73.25,5.9153139071457295,69.1875,75.70833333333334
lk_colombo,3,relative_humidity_2m,2023,80.57795698924731,81.375,4.1926791070131655,79.3125,83.58333333333334
lk_colombo,3,relative_humidity_2m,2024,71.90994623655914,70.45833333333333,5.724380291283536,67.89583333333334,77.54166666666667
lk_colombo,3,relative_humidity_2m,2025,80.58333333333333,80.625,4.134934725625688,78.79166666666667,82.6875
lk_colombo,3,surface_pressure,2020,1009.5751344086021,1009.6541666666667,0.8065103182037876,1009.0458333333333,1010.1125000000001
lk_colombo,3,surface_pressure,2021,1009.2470430107527,1008.9041666666667,1.351943985092992,1008.3041666666666,1010.3125
lk_colombo,3,surface_pressure,2022,1008.0756720430106,1008.1833333333334,0.9226710525785777,1007.2916666666667,1008.7520833333334
lk_colombo,3,surface_pressure,2023,1009.7065860215055,1009.1708333333332,1.6001127615768416,1008.5041666666666,1010.0104166666667
lk_colombo,3,surface_pressure,2024,1010.3196236559138,1010.3166666666666,1.035234135234678,1009.8979166666667,1010.9041666666667
lk_colombo,3,surface_pressure,2025,1009.2405913978495,1009.0625,1.3450556609979964,1008.1375,1009.9770833333334
lk_colombo,3,cloud_cover,2020,53.60349462365591,49.083333333333336,21.70442455470534,38.083333333333336,67.02083333333334
lk_colombo,3,cloud_cover,2021,69.27956989247312,74.79166666666667,23.276476346413293,52.58333333333333,88.16666666666666
lk_colombo,3,cloud_cover,2022,57.44758064516129,51.666666666666664,25.906779481793556,36.6875,80.5
lk_colombo,3,cloud_cover,2023,59.16532258064515,63.375,23.791249470634252,38.41666666666667,79.125
lk_colombo,3,cloud_cover,2024,44.833333333333336,44.375,25.536538818227008,22.604166666666664,56.04166666666667
lk_colombo,3,cloud_cover,2025,59.66397849462367,59.458333333333336,28.20991694119555,35.70833333333333,83.22916666666666
lk_colombo,3,shortwave_radiation,2020,264.3346774193548,268.1666666666667,17.99318763793549,249.10416666666669,275.77083333333337
lk_colombo,3,shortwave_radiation,2021,232.494623655914,242.33333333333334,42.929156410665954,215.27083333333331,262.91666666666663
lk_colombo,3,shortwave_radiation,2022,241.60887096774192,248.29166666666666,30.888017718691547,224.6875,266.20833333333337
lk_colombo,3,shortwave_radiation,2023,245.3494623655914,256.125,28.357544144133836,238.54166666666669,259.79166666666663
lk_colombo,3,shortwave_radiation,2024,260.38709677419354,256.5,19.531240388289152,246.85416666666666,277.0208333333333
lk_colombo,3,shortwave_radiation,2025,242.1545698924731,256.875,50.826330566773315,233.5,275.16666666666663
lk_colombo,4,temperature_2m,2020,28.35194444444444,28.26666666666667,0.6693165129505636,28.04583333333333,28.56458333333333
lk_colombo,4,temperature_2m,2021,27.159444444444443,27.01666666666667,0.4203585482272108,26.887500000000003,27.37291666666667
lk_colombo,4,temperature_2m,2022,27.127083333333328,27.183333333333334,0.6990532647474185,26.616666666666667,27.76875
lk_colombo,4,temperature_2m,2023,27.86777777777778,27.960416666666667,0.8547484935515286,27.069791666666667,28.53125
lk_colombo,4,temperature_2m,2024,28.642500000000002,28.591666666666665,0.5185939212644262,28.3625,28.888541666666665
lk_colombo,4,temperature_2m,2025,27.28444444444444,27.447916666666668,0.5082272516659132,27.119791666666668,27.60625
lk_colombo,4,precipitation,2020,4.430000000000001,3.05,4.8183664423135975,1.9250000000000003,5.425
lk_colombo,4,precipitation,2021,3.4133333333333336,2.05,3.73249785396925,1.125,3.675
lk_colombo,4,precipitation,2022,7.936666666666666,5.25,7.162617674706853,3.2750000000000004,9.95
lk_colombo,4,precipitation,2023,6.513333333333334,2.25,9.506576066373588,1.2000000000000002,7.4
lk_colombo,4,precipitation,2024,5.510000000000001,2.3,10.263740999769277,1.625,6.0
lk_colombo,4,precipitation,2025,7.869999999999999,4.35,9.087511324282657,3.625,7.75
lk_colombo,4,wind_speed_10m,2020,1.5413194444444445,1.56875,0.3681929291633499,1.2432291666666666,1.8033333333333332
lk_colombo,4,wind_speed_10m,2021,1.9278750000000002,1.9595833333333332,0.42239580419022815,1.6243750000000001,2.258958333333333
lk_colombo,4,wind_speed_10m,2022,1.7685833333333332,1.7079166666666665,0.5018642162685851,1.3882291666666666,2.0313541666666666
lk_colombo,4,wind_speed_10m,2023,1.5625833333333334,1.51,0.40047293641010856,1.2838541666666667,1.7861458333333333
lk_colombo,4,wind_speed_10m,2024,1.5677222222222225,1.6022916666666667,0.3407855672437357,1.2871875,1.8033333333333332
lk_colombo,4,wind_speed_10m,2025,1.9975416666666665,1.95125,0.5151416284769138,1.5747916666666666,2.3658333333333332
lk_colombo,4,relative_humidity_2m,2020,78.70277777777777,80.29166666666666,5.837926489434486,78.07291666666666,82.59375
lk_colombo,4,relative_humidity_2m,2021,84.28888888888888,84.79166666666667,2.4455500808522777,82.42708333333333,86.29166666666666
lk_colombo,4,relative_humidity_2m,2022,85.08472222222223,86.5625,4.398431823546397,82.32291666666666,88.16666666666667
lk_colombo,4,relative_humidity_2m,2023,79.675,78.60416666666666,4.609803396710301,76.05208333333333,83.17708333333333
lk_colombo,4,relative_humidity_2m,2024,81.74305555555556,83.0,3.930354587147983,80.10416666666666,84.52083333333333
lk_colombo,4,relative_humidity_2m,2025,85.51944444444443,85.72916666666666,3.0295229425206966,84.84375,87.25
lk_colombo,4,surface_pressure,2020,1009.4556944444442,1009.3791666666666,0.7989954805487877,1008.9125000000001,1010.0302083333333
lk_colombo,4,surface_pressure,2021,1009.2627777777778,1009.4187499999999,1.0854212490986617,1008.6020833333333,1010.025
lk_colombo,4,surface_pressure,2022,1008.2722222222221,1008.13125,1.4804203175890613,1006.978125,1009.4979166666667
lk_colombo,4,surface_pressure,2023,1008.5254166666667,1008.6729166666668,1.4141298915219216,1007.4895833333333,1009.5895833333334
lk_colombo,4,surface_pressure,2024,1007.7025,1007.7854166666666,0.9606416477953388,1006.9041666666667,1008.5104166666667
lk_colombo,4,surface_pressure,2025,1008.6018055555555,1008.4895833333333,0.7519241627450115,1008.1572916666667,1009.0447916666666
lk_colombo,4,cloud_cover,2020,51.495833333333344,47.1875,22.77476797409682,31.84375,63.6875
lk_colombo,4,cloud_cover,2021,58.072222222222216,58.35416666666667,19.385040759210977,41.770833333333336,72.5625
lk_colombo,4,cloud_cover,2022,71.0125,71.25,20.893026980045015,55.510416666666664,90.1875
lk_colombo,4,cloud_cover,2023,49.981944444444444,45.70833333333333,27.43870669182822,23.739583333333332,73.01041666666666
lk_colombo,4,cloud_cover,2024,69.26805555555555,64.8125,18.244178739268325,53.9375,86.8125
lk_colombo,4,cloud_cover,2025,70.05694444444445,72.45833333333334,20.042443240544475,51.229166666666664,86.85416666666667
lk_colombo,4,shortwave_radiation,2020,253.88333333333335,254.20833333333331,23.620133953247358,242.94791666666666,264.40625
lk_colombo,4,shortwave_radiation,2021,242.68333333333337,244.95833333333331,30.295421631643958,227.44791666666666,263.5
lk_colombo,4,shortwave_radiation,2022,214.8458333333333,228.75,40.73874681550355,188.83333333333334,244.76041666666669
lk_colombo,4,shortwave_radiation,2023,243.80555555555557,249.625,32.79335503937019,232.65625,267.98958333333337
lk_colombo,4,shortwave_radiation,2024,248.7305555555555,252.625,21.91869809794979,238.58333333333331,259.9583333333333
lk_colombo,4,shortwave_radiation,2025,225.08888888888887,238.29166666666669,34.02699537766556,224.79166666666669,244.65625
lk_colombo,5,temperature_2m,2020,27.68212365591398,27.691666666666666,0.702796327336762,27.141666666666666,28.15416666666667
lk_colombo,5,temperature_2m,2021,27.201075268817203,27.254166666666666,0.6132374318724048,26.69375,27.608333333333334
lk_colombo,5,temperature_2m,2022,26.94838709677418,27.108333333333334,0.8380378851896504,26.366666666666667,27.56458333333333
lk_colombo,5,temperature_2m,2023,27.502822580645162,27.537499999999998,0.5907165562945784,27.039583333333333,27.964583333333334
lk_colombo,5,temperature_2m,2024,27.66706989247312,27.491666666666664,0.8771919336557581,27.033333333333335,28.177083333333336
lk_colombo,5,temperature_2m,2025,27.63440860215054,27.691666666666666,0.5335687064625589,27.352083333333333,28.0
lk_colombo,5,precipitation,2020,8.348387096774193,6.9,7.009083200521161,4.25,9.649999999999999
lk_colombo,5,precipitation,2021,13.674193548387096,6.200000000000001,17.67044552809267,3.3000000000000003,13.85
lk_colombo,5,precipitation,2022,14.874193548387096,9.2,13.862851263765702,5.700000000000001,20.6
lk_colombo,5,precipitation,2023,6.719354838709677,3.5999999999999996,6.9103024224626,2.1500000000000004,8.3
lk_colombo,5,precipitation,2024,17.629032258064512,17.1,13.953451031874685,7.050000000000001,24.15
lk_colombo,5,precipitation,2025,7.458064516129034,5.9,5.796250178264588,2.75,9.55
lk_colombo,5,wind_speed_10m,2020,2.673306451612903,2.622916666666667,0.8631100897516281,2.04125,3.3710416666666667
lk_colombo,5,wind_speed_10m,2021,2.5057258064516126,2.18,1.2407161955368293,1.565,3.3083333333333336
lk_colombo,5,wind_speed_10m,2022,3.4593682795698926,3.360416666666667,0.9585199689698585,2.916458333333333,4.01125
lk_colombo,5,wind_speed_10m,2023,2.558279569892473,2.5658333333333334,0.7780423092455225,2.073125,3.04625
lk_colombo,5,wind_speed_10m,2024,2.848629032258065,2.402083333333333,1.5488597964008264,1.7000000000000002,3.2747916666666663
lk_colombo,5,wind_speed_10m,2025,2.870927419354839,2.5104166666666665,1.0684520686622654,2.1045833333333333,3.234791666666667
lk_colombo,5,relative_humidity_2m,2020,85.52150537634407,85.5,2.5842711328212244,84.14583333333333,87.22916666666666
lk_colombo,5,relative_humidity_2m,2021,85.44086021505377,84.83333333333333,3.240544903623685,82.77083333333334,87.6875
lk_colombo,5,relative_humidity_2m,2022,87.58467741935485,87.5,2.1704689892310958,86.29166666666667,88.9375
lk_colombo,5,relative_humidity_2m,2023,86.35483870967742,86.625,2.4303699365886327,85.4375,88.02083333333334
lk_colombo,5,relative_humidity_2m,2024,87.59139784946238,87.29166666666667,2.9013570291354602,85.66666666666666,89.8125
lk_colombo,5,relative_humidity_2m,2025,84.86021505376345,85.33333333333333,2.707597087686296,82.5625,86.3125
lk_colombo,5,surface_pressure,2020,1007.6690860215053,1008.0291666666667,1.5261997307952864,1006.9333333333334,1008.7604166666667
lk_colombo,5,surface_pressure,2021,1007.9021505376343,1007.8125,0.7362582695943046,1007.425,1008.4520833333333
lk_colombo,5,surface_pressure,2022,1007.252688172043,1007.0416666666666,1.5338456075075695,1006.3583333333333,1008.4562500000001
lk_colombo,5,surface_pressure,2023,1009.0443548387096,1009.0083333333333,1.3803945307893515,1008.16875,1010.0270833333334
lk_colombo,5,surface_pressure,2024,1006.5897849462366,1006.7708333333334,1.1996704981211137,1005.5729166666667,1007.4145833333334
lk_colombo,5,surface_pressure,2025,1007.3370967741936,1007.3125,0.9018488948884439,1006.875,1007.81875
lk_colombo,5,cloud_cover,2020,86.54032258064515,93.91666666666667,15.946559639524681,76.58333333333334,97.75
lk_colombo,5,cloud_cover,2021,84.43951612903224,91.41666666666667,16.173015071943876,69.39583333333333,97.39583333333333
lk_colombo,5,cloud_cover,2022,85.2486559139785,92.75,14.009993473042567,75.25,96.1875
lk_colombo,5,cloud_cover,2023,74.09139784946237,92.79166666666667,28.50699723101387,50.70833333333333,98.125
lk_colombo,5,cloud_cover,2024,90.73387096774194,97.25,14.200876494774283,91.20833333333334,99.54166666666666
lk_colombo,5,cloud_cover,2025,84.0510752688172,90.45833333333333,16.438830602662545,79.52083333333333,95.1875
lk_colombo,5,shortwave_radiation,2020,183.372311827957,189.04166666666666,46.337162530972314,149.64583333333331,222.22916666666669
lk_colombo,5,shortwave_radiation,2021,191.4327956989247,194.58333333333334,48.21689960074913,169.9375,226.10416666666669
lk_colombo,5,shortwave_radiation,2022,183.39650537634407,198.0,45.046133593599095,173.83333333333334,209.41666666666666
lk_colombo,5,shortwave_radiation,2023,196.43548387096774,204.41666666666666,41.37967249927135,175.89583333333331,228.6875
lk_colombo,5,shortwave_radiation,2024,171.5309139784946,177.20833333333334,61.62907728956134,125.29166666666666,225.79166666666669
lk_colombo,5,shortwave_radiation,2025,195.89247311827955,199.33333333333334,37.65411199047084,161.25,228.89583333333334
lk_colombo,6,temperature_2m,2020,27.343194444444443,27.422916666666666,0.5395731907063129,27.05,27.840625
lk_colombo,6,temperature_2m,2021,26.836666666666666,26.862499999999997,0.5163611443724484,26.53125,27.265625
lk_colombo,6,temperature_2m,2022,26.733194444444447,26.710416666666667,0.4182319497135231,26.400000000000002,26.928125
lk_colombo,6,temperature_2m,2023,27.10361111111111,27.108333333333334,0.46021652478014613,26.858333333333334,27.354166666666668
lk_colombo,6,temperature_2m,2024,27.074027777777776,27.114583333333336,0.45465172786016433,26.700000000000003,27.372916666666665
lk_colombo,6,temperature_2m,2025,27.192222222222217,27.34375,0.6161390385414763,26.725,27.638541666666665
lk_colombo,6,precipitation,2020,7.573333333333332,5.3,7.576685351757734,3.4,9.7
lk_colombo,6,precipitation,2021,6.7366666666666655,2.95,7.10490279160531,2.1,8.675
lk_colombo,6,precipitation,2022,7.680000000000001,6.2,5.567665269367775,4.125,9.075
lk_colombo,6,precipitation,2023,8.6,7.249999999999999,5.341186746601261,4.925000000000001,11.275
lk_colombo,6,precipitation,2024,9.253333333333334,4.7,9.091592680672862,3.1500000000000004,12.375
lk_colombo,6,precipitation,2025,8.423333333333332,3.7500000000000004,9.327145526802985,3.2750000000000004,8.575
lk_colombo,6,wind_speed_10m,2020,2.754527777777778,2.8235416666666664,0.4553715396731736,2.553020833333333,3.0292708333333334
lk_colombo,6,wind_speed_10m,2021,2.770208333333333,2.943125,0.5380745030730222,2.425,3.1342708333333333
lk_colombo,6,wind_speed_10m,2022,2.8929583333333326,2.869791666666667,0.5541729576818613,2.574479166666667,3.214375
lk_colombo,6,wind_speed_10m,2023,2.9427222222222222,2.8941666666666666,0.37636359255311763,2.651979166666667,3.1534375
lk_colombo,6,wind_speed_10m,2024,3.348305555555556,3.341875,0.5178126188165169,3.016875,3.7375000000000003
lk_colombo,6,wind_speed_10m,2025,2.8969444444444443,2.85625,0.5866701293545494,2.4634375,3.1622916666666665
lk_colombo,6,relative_humidity_2m,2020,85.1,85.39583333333334,3.4220521055394264,83.77083333333333,87.875
lk_colombo,6,relative_humidity_2m,2021,85.51111111111112,85.83333333333334,2.876195681177484,83.57291666666667,87.4375
lk_colombo,6,relative_humidity_2m,2022,86.01388888888889,86.22916666666667,2.2576056355394347,84.63541666666667,87.34375
lk_colombo,6,relative_humidity_2m,2023,87.33472222222223,87.41666666666666,1.8386639891525542,86.6875,88.83333333333333
lk_colombo,6,relative_humidity_2m,2024,86.90000000000002,86.70833333333333,2.3521562211912905,85.33333333333333,88.03125
lk_colombo,6,relative_humidity_2m,2025,85.29166666666669,85.29166666666666,2.734697059577685,83.625,86.85416666666667
lk_colombo,6,surface_pressure,2020,1007.5945833333332,1007.1645833333334,1.3757896330702581,1006.5052083333334,1008.4916666666667
lk_colombo,6,surface_pressure,2021,1008.8581944444444,1008.8666666666667,0.8860654204280959,1008.2625,1009.3739583333333
lk_colombo,6,surface_pressure,2022,1007.4916666666666,1007.4854166666667,0.7309751792254296,1006.9447916666667,1007.903125
lk_colombo,6,surface_pressure,2023,1008.4804166666668,1008.5541666666666,0.9356851207082916,1007.85,1009.0322916666667
lk_colombo,6,surface_pressure,2024,1008.2420833333333,1008.28125,1.1162947302609787,1007.8322916666667,1008.9927083333333
lk_colombo,6,surface_pressure,2025,1008.5066666666667,1008.90625,1.111080124088991,1007.8041666666667,1009.278125
lk_colombo,6,cloud_cover,2020,84.64444444444445,91.5,14.657017191005139,75.01041666666666,97.28125
lk_colombo,6,cloud_cover,2021,82.18055555555557,85.20833333333334,13.782078278440169,71.54166666666667,94.52083333333333
lk_colombo,6,cloud_cover,2022,90.22361111111111,92.35416666666666,12.335733317928852,85.04166666666667,99.30208333333334
lk_colombo,6,cloud_cover,2023,85.57916666666665,87.58333333333334,10.45110027159692,81.01041666666666,92.91666666666667
lk_colombo,6,cloud_cover,2024,84.21527777777777,89.5,17.13188741765075,79.11458333333333,94.57291666666667
lk_colombo,6,cloud_cover,2025,79.95138888888889,87.79166666666666,18.25225043639758,68.60416666666666,94.40625
lk_colombo,6,shortwave_radiation,2020,197.51666666666662,200.875,35.46824607850038,181.82291666666666,216.13541666666669
lk_colombo,6,shortwave_radiation,2021,200.40694444444443,207.6875,30.558386352239644,188.63541666666666,225.83333333333334
lk_colombo,6,shortwave_radiation,2022,190.80416666666665,199.64583333333334,34.218467442718016,182.27083333333334,208.3125
lk_colombo,6,shortwave_radiation,2023,194.2111111111111,191.0625,19.892244240074294,181.92708333333334,208.0
lk_colombo,6,shortwave_radiation,2024,184.7736111111111,195.95833333333331,39.920093023782634,166.58333333333334,208.61458333333331
lk_colombo,6,shortwave_radiation,2025,197.6583333333333,209.125,38.636371529697804,188.73958333333331,226.54166666666669
lk_colombo,7,temperature_2m,2020,26.734677419354835,26.791666666666668,0.4964053505984275,26.50208333333333,27.11875
lk_colombo,7,temperature_2m,2021,26.685887096774195,26.879166666666666,0.5287451048492378,26.297916666666666,27.06666666666667
lk_colombo,7,temperature_2m,2022,26.698387096774194,26.6875,0.3710606004891443,26.45625,26.952083333333334
lk_colombo,7,temperature_2m,2023,26.889516129032263,27.099999999999998,0.5393785765167699,26.525,27.26875
lk_colombo,7,temperature_2m,2024,27.193817204301077,27.204166666666666,0.5020880831584249,26.83958333333333,27.6125
lk_colombo,7,temperature_2m,2025,27.0,26.991666666666664,0.6839411253631139,26.62291666666667,27.602083333333333
lk_colombo,7,precipitation,2020,7.693548387096774,6.5,6.514237508916961,2.8,11.5
lk_colombo,7,precipitation,2021,8.62258064516129,4.4,9.29152695299753,2.2,11.2
lk_colombo,7,precipitation,2022,5.322580645161292,4.3,3.9263816827047733,2.4,7.1499999999999995
lk_colombo,7,precipitation,2023,7.180645161290323,3.6999999999999993,8.21049813165392,2.6,7.75
lk_colombo,7,precipitation,2024,7.845161290322579,7.1,7.757570010842201,2.9000000000000004,9.600000000000001
lk_colombo,7,precipitation,2025,6.338709677419355,4.2,6.198961064530885,2.6,7.75
lk_colombo,7,wind_speed_10m,2020,2.625524193548387,2.5258333333333334,0.7001258812718201,2.1568750000000003,3.1295833333333336
lk_colombo,7,wind_speed_10m,2021,3.1587365591397853,3.124166666666667,0.7430820256230547,2.5149999999999997,3.6277083333333335
lk_colombo,7,wind_speed_10m,2022,2.792056451612903,2.6783333333333332,0.793764427803286,2.380625,3.44375
lk_colombo,7,wind_speed_10m,2023,2.978037634408602,3.1675,0.5819861446894709,2.7354166666666666,3.3460416666666664
lk_colombo,7,wind_speed_10m,2024,2.693629032258065,2.6175,0.3446122887462926,2.4439583333333332,2.8172916666666667
lk_colombo,7,wind_speed_10m,2025,3.04619623655914,2.78375,0.8197932196225265,2.5025000000000004,3.3987499999999997
lk_colombo,7,relative_humidity_2m,2020,86.20564516129033,86.29166666666667,2.049303616020138,84.8125,87.60416666666666
lk_colombo,7,relative_humidity_2m,2021,85.7728494623656,85.29166666666667,2.864308597121824,83.79166666666666,88.22916666666667
lk_colombo,7,relative_humidity_2m,2022,84.93010752688171,85.125,1.7808259598185565,84.39583333333334,85.79166666666666
lk_colombo,7,relative_humidity_2m,2023,86.3225806451613,85.79166666666667,2.5339127567894506,84.35416666666666,88.20833333333333
lk_colombo,7,relative_humidity_2m,2024,85.9556451612903,86.20833333333333,2.581740895476143,83.77083333333334,87.95833333333334
lk_colombo,7,relative_humidity_2m,2025,84.71774193548389,84.08333333333333,2.227061822404672,83.66666666666666,85.85416666666667
lk_colombo,7,surface_pressure,2020,1007.2552419354838,1007.2666666666668,0.9326876286647487,1006.7145833333333,1007.5874999999999
lk_colombo,7,surface_pressure,2021,1008.1606182795699,1008.0208333333334,1.3378814957441851,1006.9479166666667,1009.3875
lk_colombo,7,surface_pressure,2022,1007.3192204301075,1007.2708333333334,1.1124857871643883,1006.75,1007.8145833333333
lk_colombo,7,surface_pressure,2023,1009.240994623656,1009.1791666666667,0.7891085106858147,1008.8041666666667,1009.7791666666667
lk_colombo,7,surface_pressure,2024,1007.8868279569892,1007.6958333333333,0.917495898147927,1007.2270833333334,1008.3166666666666
lk_colombo,7,surface_pressure,2025,1008.213440860215,1008.2875,0.859434103810959,1007.6729166666667,1008.9291666666667
lk_colombo,7,cloud_cover,2020,92.43682795698925,96.375,8.54641379582188,88.4375,98.22916666666667
lk_colombo,7,cloud_cover,2021,86.22715053763442,93.58333333333333,13.852533691187034,78.16666666666666,98.8125
lk_colombo,7,cloud_cover,2022,88.17069892473121,92.33333333333333,12.475083290556906,82.08333333333334,97.9375
lk_colombo,7,cloud_cover,2023,80.57661290322582,84.83333333333333,18.60517244629225,64.14583333333333,98.1875
lk_colombo,7,cloud_cover,2024,84.88575268817202,90.875,15.087211624410955,78.35416666666666,95.83333333333334
lk_colombo,7,cloud_cover,2025,78.49327956989248,83.5,20.094430131552073,63.52083333333333,96.125
lk_colombo,7,shortwave_radiation,2020,181.5416666666667,187.70833333333334,29.22682288456831,160.1875,202.27083333333331
lk_colombo,7,shortwave_radiation,2021,197.9838709677419,210.70833333333334,32.07493157923218,185.04166666666666,218.20833333333331
lk_colombo,7,shortwave_radiation,2022,198.6787634408602,199.58333333333334,36.9257390933021,186.33333333333334,224.8125
lk_colombo,7,shortwave_radiation,2023,192.56182795698922,210.0,46.703142826586365,173.8125,226.66666666666666
lk_colombo,7,shortwave_radiation,2024,193.39919354838707,201.54166666666666,40.817144997131365,165.875,229.6875
lk_colombo,7,shortwave_radiation,2025,210.75537634408605,213.83333333333334,38.76700902378129,193.60416666666669,236.6875
lk_colombo,8,temperature_2m,2020,26.709005376344084,26.8,0.43457766957824395,26.339583333333334,27.070833333333333
lk_colombo,8,temperature_2m,2021,26.43991935483871,26.537499999999998,0.4207670109916288,26.035416666666663,26.785416666666663
lk_colombo,8,temperature_2m,2022,26.25698924731182,26.325,0.4647111646465926,26.00416666666667,26.491666666666664
lk_colombo,8,temperature_2m,2023,27.114112903225806,27.204166666666666,0.3728622359707971,27.054166666666667,27.31875
lk_colombo,8,temperature_2m,2024,26.872177419354838,27.025000000000002,0.6016945468078493,26.583333333333336,27.335416666666667
lk_colombo,8,temperature_2m,2025,26.581989247311824,26.5,0.328753937972426,26.385416666666664,26.814583333333335
lk_colombo,8,precipitation,2020,7.52258064516129,2.2,10.932176046802374,1.0,8.95
lk_colombo,8,precipitation,2021,6.887096774193548,5.2,6.145228063871124,2.0,9.75
lk_colombo,8,precipitation,2022,8.493548387096775,3.8000000000000007,9.34918661288674,2.1,11.25
lk_colombo,8,precipitation,2023,3.8741935483870966,2.4000000000000004,3.927252452791517,1.9500000000000002,3.5
lk_colombo,8,precipitation,2024,14.861290322580643,5.1000000000000005,25.01588398623769,2.3499999999999996,15.95
lk_colombo,8,precipitation,2025,4.248387096774194,3.8,3.077647474694693,1.85,5.45
lk_colombo,8,wind_speed_10m,2020,2.6843279569892475,2.5970833333333334,0.4627837052452277,2.43125,2.970833333333333
lk_colombo,8,wind_speed_10m,2021,2.918629032258065,2.921666666666667,0.4780132154915676,2.7752083333333335,3.2350000000000003
lk_colombo,8,wind_speed_10m,2022,3.3120564516129027,3.283333333333333,0.9035926233004091,2.5747916666666666,3.7687500000000003
lk_colombo,8,wind_speed_10m,2023,2.9647580645161287,2.9075,0.31443642217498136,2.7995833333333335,3.2104166666666667
lk_colombo,8,wind_speed_10m,2024,2.8454569892473116,2.8866666666666667,0.5089846277925806,2.505625,3.2179166666666665
lk_colombo,8,wind_speed_10m,2025,2.755,2.8008333333333333,0.3996738398253516,2.4333333333333336,3.0666666666666664
lk_colombo,8,relative_humidity_2m,2020,85.377688172043,85.16666666666667,3.043814604681147,83.20833333333334,87.47916666666667
lk_colombo,8,relative_humidity_2m,2021,85.93817204301075,85.70833333333333,1.9917907611195613,84.4375,87.5
lk_colombo,8,relative_humidity_2m,2022,85.53091397849464,85.20833333333333,2.2118412322764227,84.0625,86.77083333333333
lk_colombo,8,relative_humidity_2m,2023,83.81182795698925,83.375,2.7303776144633782,81.91666666666667,85.97916666666667
lk_colombo,8,relative_humidity_2m,2024,84.93682795698925,84.54166666666667,4.100825218552759,82.75,88.6875
lk_colombo,8,relative_humidity_2m,2025,84.90725806451614,85.375,2.055049947504526,84.0,86.25
lk_colombo,8,surface_pressure,2020,1008.2501344086021,1008.3291666666668,0.9730378427220591,1007.6854166666667,1008.7729166666666
lk_colombo,8,surface_pressure,2021,1008.9680107526881,1009.0583333333334,1.235407596508186,1008.0375,1009.7749999999999
lk_colombo,8,surface_pressure,2022,1007.6448924731184,1007.5791666666668,0.8108685256133201,1007.2041666666667,1008.2729166666667
lk_colombo,8,surface_pressure,2023,1009.591935483871,1009.6708333333332,0.9884447751274149,1008.9375,1010.39375
lk_colombo,8,surface_pressure,2024,1008.5079301075269,1008.9541666666668,1.7224489170376076,1007.26875,1009.7604166666667
lk_colombo,8,surface_pressure,2025,1008.8188172043011,1009.0500000000001,0.9787569302104061,1008.2729166666667,1009.3666666666667
lk_colombo,8,cloud_cover,2020,80.85349462365592,87.41666666666667,18.069063977657333,70.70833333333333,94.25
lk_colombo,8,cloud_cover,2021,92.30779569892472,96.91666666666667,11.293883942919239,89.08333333333334,98.83333333333333
lk_colombo,8,cloud_cover,2022,89.37365591397848,95.29166666666667,12.56272449528067,85.60416666666666,98.5
lk_colombo,8,cloud_cover,2023,76.24462365591398,76.95833333333333,19.38995164411328,62.8125,95.625
lk_colombo,8,cloud_cover,2024,86.14112903225808,93.875,16.11710500602972,76.97916666666667,98.375
lk_colombo,8,cloud_cover,2025,82.2983870967742,83.16666666666667,15.001855968413146,72.47916666666666,96.41666666666666
lk_colombo,8,shortwave_radiation,2020,210.66666666666666,221.70833333333334,40.81878000290952,183.91666666666669,241.1875
lk_colombo,8,shortwave_radiation,2021,190.8884408602151,187.625,29.384077374254936,167.60416666666666,214.60416666666666
lk_colombo,8,shortwave_radiation,2022,200.85752688172045,212.5,45.79906265996784,172.33333333333331,232.33333333333331
lk_colombo,8,shortwave_radiation,2023,227.4556451612903,232.625,21.517020436361104,221.33333333333331,241.375
lk_colombo,8,shortwave_radiation,2024,192.4314516129032,194.79166666666666,43.19527359206041,176.72916666666669,226.64583333333331
lk_colombo,8,shortwave_radiation,2025,216.4166666666667,217.79166666666666,33.34248311922127,202.60416666666666,233.16666666666669
lk_colombo,9,temperature_2m,2020,26.074722222222217,26.15833333333333,0.40558825906035745,25.726041666666667,26.345833333333335
lk_colombo,9,temperature_2m,2021,26.616944444444446,26.720833333333335,0.4501901116793824,26.359375,26.963541666666664
lk_colombo,9,temperature_2m,2022,26.370416666666664,26.385416666666664,0.5446473581426806,26.278125,26.767708333333335
lk_colombo,9,temperature_2m,2023,26.096527777777773,26.052083333333336,0.5225530039355767,25.675,26.479166666666668
lk_colombo,9,temperature_2m,2024,27.195138888888888,27.31041666666667,0.4205395915396828,26.99791666666667,27.476041666666667
lk_colombo,9,temperature_2m,2025,26.829722222222227,26.891666666666666,0.41280354751116544,26.66979166666667,27.069791666666667
lk_colombo,9,precipitation,2020,12.673333333333334,10.2,10.811517911016468,5.55,14.375
lk_colombo,9,precipitation,2021,6.3566666666666665,4.95,5.016846332750963,3.375,7.975
lk_colombo,9,precipitation,2022,4.709999999999999,2.75,5.178226963233518,2.125,3.95
lk_colombo,9,precipitation,2023,14.483333333333333,13.55,8.683598623696932,9.425,17.075
lk_colombo,9,precipitation,2024,7.013333333333333,4.5,5.504652159973313,2.95,9.8
lk_colombo,9,precipitation,2025,5.670000000000001,4.25,4.827518102967896,2.3,7.425000000000001
lk_colombo,9,wind_speed_10m,2020,2.743791666666667,2.6595833333333334,0.6512465422467241,2.2684375,3.0028125
lk_colombo,9,wind_speed_10m,2021,2.7328888888888887,2.5858333333333334,0.6741691169461367,2.250625,3.193125
lk_colombo,9,wind_speed_10m,2022,2.8511111111111114,2.7381249999999997,0.5206365183688706,2.5946875,3.159375
lk_colombo,9,wind_speed_10m,2023,3.1136805555555553,3.0939583333333336,0.5086213274464582,2.8813541666666667,3.475104166666666
lk_colombo,9,wind_speed_10m,2024,2.8951111111111114,3.0010416666666666,0.7290228177758247,2.7134375,3.5109375
lk_colombo,9,wind_speed_10m,2025,2.7255000000000007,2.758958333333333,0.4588129465516112,2.434375,2.957291666666667
lk_colombo,9,relative_humidity_2m,2020,87.56666666666666,87.95833333333334,2.1558527661752076,86.22916666666667,89.25
lk_colombo,9,relative_humidity_2m,2021,85.77916666666667,86.14583333333334,2.884700650817618,84.89583333333333,87.51041666666667
lk_colombo,9,relative_humidity_2m,2022,84.85138888888888,85.125,2.898355561088558,82.91666666666667,86.48958333333333
lk_colombo,9,relative_humidity_2m,2023,88.58750000000002,88.83333333333334,2.485020978272037,86.98958333333333,90.4375
lk_colombo,9,relative_humidity_2m,2024,84.32916666666667,84.0625,2.151537307916439,83.26041666666667,85.85416666666667
lk_colombo,9,relative_humidity_2m,2025,84.18472222222223,83.79166666666666,2.4475015442421446,82.66666666666667,85.72916666666667
lk_colombo,9,surface_pressure,2020,1008.6877777777778,1008.7729166666667,0.8146893824707713,1008.3489583333333,1009.2479166666667
lk_colombo,9,surface_pressure,2021,1008.3804166666667,1008.4666666666666,0.8854819279532432,1007.7145833333333,1009.0760416666667
lk_colombo,9,surface_pressure,2022,1009.006388888889,1009.0104166666667,0.9172508152680184,1008.4781250000001,1009.4072916666667
lk_colombo,9,surface_pressure,2023,1009.5093055555556,1009.5437499999999,0.7741271528751836,1009.1697916666667,1010.0145833333333
lk_colombo,9,surface_pressure,2024,1008.5518055555556,1008.5791666666668,0.9344651922687742,1007.8447916666667,1009.0968750000001
lk_colombo,9,surface_pressure,2025,1008.9979166666667,1008.9979166666667,0.7456432766898551,1008.621875,1009.4760416666667
lk_colombo,9,cloud_cover,2020,92.9763888888889,96.04166666666667,7.818988174284706,90.46875,99.19791666666666
lk_colombo,9,cloud_cover,2021,85.66805555555555,87.5625,11.90432446685375,78.78125,96.28125
lk_colombo,9,cloud_cover,2022,77.09027777777777,72.6875,16.642342463116254,64.95833333333333,93.72916666666667
lk_colombo,9,cloud_cover,2023,89.28611111111111,93.5625,13.043485392139942,89.30208333333333,96.90625
lk_colombo,9,cloud_cover,2024,81.70833333333331,87.3125,14.935244964365127,69.67708333333333,93.30208333333333
lk_colombo,9,cloud_cover,2025,85.17083333333332,89.60416666666666,13.234137788962352,80.76041666666667,93.84375
lk_colombo,9,shortwave_radiation,2020,161.84305555555557,164.0625,38.10171888773356,133.04166666666666,192.55208333333331
lk_colombo,9,shortwave_radiation,2021,199.42361111111117,206.41666666666666,27.903434596416634,188.10416666666666,217.89583333333334
lk_colombo,9,shortwave_radiation,2022,212.69861111111112,223.75,41.05858975348155,194.6875,243.67708333333334
lk_colombo,9,shortwave_radiation,2023,163.80833333333334,165.9375,46.09758151001848,129.17708333333334,203.11458333333331
lk_colombo,9,shortwave_radiation,2024,212.1402777777778,219.85416666666669,32.13929751633583,198.65625,232.89583333333331
lk_colombo,9,shortwave_radiation,2025,212.54027777777776,216.39583333333334,36.78163383488908,200.9375,239.41666666666669
lk_colombo,10,temperature_2m,2020,26.667876344086025,26.683333333333334,0.2577237286526661,26.52916666666667,26.822916666666668
lk_colombo,10,temperature_2m,2021,26.36975806451613,26.45,0.6553880739524423,25.935416666666665,26.920833333333334
lk_colombo,10,temperature_2m,2022,25.924193548387095,26.079166666666666,0.5508867213945542,25.44375,26.320833333333333
lk_colombo,10,temperature_2m,2023,25.946639784946235,25.920833333333334,0.5163702323390439,25.60625,26.358333333333334
lk_colombo,10,temperature_2m,2024,26.550940860215054,26.579166666666666,0.7204757540171925,25.87708333333333,27.114583333333336
lk_colombo,10,temperature_2m,2025,26.489247311827956,26.65833333333333,0.6653022271605252,26.133333333333333,26.945833333333333
lk_colombo,10,precipitation,2020,3.770967741935484,2.9,3.339081066040685,1.7999999999999998,4.1
lk_colombo,10,precipitation,2021,12.774193548387098,7.1,14.677873772948985,3.1500000000000004,12.899999999999999
lk_colombo,10,precipitation,2022,11.793548387096775,10.6,10.536316101429726,3.0500000000000003,17.35
lk_colombo,10,precipitation,2023,18.725806451612904,13.4,17.00362643167501,8.75,21.55
lk_colombo,10,precipitation,2024,11.183870967741935,5.6,13.174346201973833,2.5,14.85
lk_colombo,10,precipitation,2025,16.1,4.8,25.555690820898064,1.95,13.7
lk_colombo,10,wind_speed_10m,2020,2.4724596774193546,2.381666666666667,0.8589923667014592,1.9606249999999998,3.0664583333333333
lk_colombo,10,wind_speed_10m,2021,2.2393951612903225,1.9979166666666668,0.8896788514859516,1.5585416666666667,2.955208333333333
lk_colombo,10,wind_speed_10m,2022,2.2030107526881726,2.09625,0.6715890473285258,1.7091666666666665,2.5485416666666665
lk_colombo,10,wind_speed_10m,2023,1.9436290322580643,2.0058333333333334,0.6037484969840619,1.4997916666666669,2.297083333333333
lk_colombo,10,wind_speed_10m,2024,2.1961693548387093,2.1075,0.5323323116614557,1.9041666666666668,2.3008333333333333
lk_colombo,10,wind_speed_10m,2025,1.8258333333333332,1.76,0.5469789927579656,1.367916666666667,2.1489583333333333
lk_colombo,10,relative_humidity_2m,2020,84.84677419354837,84.79166666666667,2.604136379752194,83.125,86.58333333333334
lk_colombo,10,relative_humidity_2m,2021,86.81586021505376,86.66666666666667,2.702510282673683,84.72916666666667,88.41666666666667
lk_colombo,10,relative_humidity_2m,2022,87.32258064516128,87.29166666666667,3.0032576398991986,86.16666666666666,89.625
lk_colombo,10,relative_humidity_2m,2023,89.21774193548389,89.5,2.46692729660571,87.70833333333334,90.89583333333333
lk_colombo,10,relative_humidity_2m,2024,86.20564516129032,86.20833333333333,3.503353807885496,83.77083333333334,89.375
lk_colombo,10,relative_humidity_2m,2025,85.88978494623655,85.79166666666667,3.8404003153108803,82.52083333333334,88.5625
lk_colombo,10,surface_pressure,2020,1008.393010752688,1008.4083333333333,0.9878617405280138,1007.6812500000001,1009.3520833333333
lk_colombo,10,surface_pressure,2021,1008.5549731182798,1008.6125000000001,1.8403321017206755,1007.2208333333333,1009.54375
lk_colombo,10,surface_pressure,2022,1009.209811827957,1009.2708333333334,1.3314468200823104,1008.0791666666667,1010.2770833333334
lk_colombo,10,surface_pressure,2023,1010.9045698924732,1010.8791666666666,0.7856764268641362,1010.2750000000001,1011.6020833333334
lk_colombo,10,surface_pressure,2024,1009.292741935484,1009.2833333333333,0.7625045292381716,1008.7041666666667,1009.9958333333333
lk_colombo,10,surface_pressure,2025,1008.7276881720431,1008.9041666666667,1.6832293519820747,1007.3,1010.34375
lk_colombo,10,cloud_cover,2020,80.41801075268819,85.625,15.68598647660787,73.375,91.77083333333334
lk_colombo,10,cloud_cover,2021,86.49462365591397,91.25,12.368553043532657,80.22916666666666,95.58333333333333
lk_colombo,10,cloud_cover,2022,84.93548387096774,92.70833333333333,19.053484779904817,84.10416666666666,97.22916666666667
lk_colombo,10,cloud_cover,2023,87.49596774193549,94.45833333333333,15.99834104116096,84.91666666666666,98.125
lk_colombo,10,cloud_cover,2024,82.66532258064517,85.41666666666667,17.916438899944268,72.33333333333334,98.54166666666666
lk_colombo,10,cloud_cover,2025,81.34946236559139,84.54166666666667,22.204712747969353,75.54166666666666,99.10416666666666
lk_colombo,10,shortwave_radiation,2020,206.9986559139785,210.95833333333334,19.75865809948826,193.375,222.75
lk_colombo,10,shortwave_radiation,2021,178.2043010752688,189.45833333333334,42.20818437348771,156.22916666666666,209.70833333333334
lk_colombo,10,shortwave_radiation,2022,177.9489247311828,178.625,50.71551773911017,144.70833333333331,214.22916666666669
lk_colombo,10,shortwave_radiation,2023,168.81182795698922,186.625,58.108399532054065,133.97916666666669,211.33333333333331
lk_colombo,10,shortwave_radiation,2024,181.77016129032256,194.70833333333334,54.8537753931352,147.66666666666669,224.22916666666669
lk_colombo,10,shortwave_radiation,2025,186.6962365591398,196.25,54.48858739828637,146.45833333333334,227.4375
lk_colombo,11,temperature_2m,2020,26.44277777777777,26.379166666666663,0.46844889222117253,26.1,26.666666666666668
lk_colombo,11,temperature_2m,2021,25.834166666666658,25.829166666666666,0.5051807745179233,25.537499999999998,26.129166666666666
lk_colombo,11,temperature_2m,2022,25.839444444444442,25.675,0.5590798891729609,25.428125,26.188541666666666
lk_colombo,11,temperature_2m,2023,26.15625,26.15416666666667,0.4175016776757539,25.9625,26.479166666666664
lk_colombo,11,temperature_2m,2024,26.139444444444443,26.266666666666666,0.7338766056266404,25.597916666666663,26.70729166666667
lk_colombo,11,temperature_2m,2025,25.88291666666667,26.233333333333334,0.8737657893815063,25.238541666666666,26.471875
lk_colombo,11,precipitation,2020,10.243333333333336,6.300000000000001,14.950601033549379,1.35,12.3
lk_colombo,11,precipitation,2021,15.286666666666665,10.9,15.75766334273545,6.775,17.225
lk_colombo,11,precipitation,2022,7.876666666666667,2.0,9.813596596606137,0.55,13.200000000000001
lk_colombo,11,precipitation,2023,18.66,17.5,14.04766761840703,8.675,25.674999999999997
lk_colombo,11,precipitation,2024,17.08,8.850000000000001,26.117775688150623,2.925,16.975
lk_colombo,11,precipitation,2025,21.046666666666667,4.4,40.24055025788628,1.325,18.174999999999997
lk_colombo,11,wind_speed_10m,2020,1.7736249999999998,1.5358333333333332,0.7298599589963602,1.28125,2.000208333333333
lk_colombo,11,wind_speed_10m,2021,2.029861111111111,1.8491666666666666,0.7537965238665929,1.4257291666666667,2.582395833333333
lk_colombo,11,wind_speed_10m,2022,1.749263888888889,1.4916666666666667,0.6953525653752995,1.2961458333333333,1.8217708333333333
lk_colombo,11,wind_speed_10m,2023,1.2895555555555558,1.1660416666666666,0.35307565108561006,1.0088541666666666,1.4523958333333333
lk_colombo,11,wind_speed_10m,2024,2.147402777777778,1.7808333333333333,1.3585139753805546,1.0836458333333334,2.6009374999999997
lk_colombo,11,wind_speed_10m,2025,2.451194444444445,1.8758333333333332,1.7237246060206433,1.5692708333333334,2.1264583333333333
lk_colombo,11,relative_humidity_2m,2020,84.58611111111112,84.875,3.682842671155709,82.28125,87.6875
lk_colombo,11,relative_humidity_2m,2021,87.58055555555555,88.1875,3.613842541985343,86.79166666666667,89.6875
lk_colombo,11,relative_humidity_2m,2022,84.60972222222223,85.41666666666666,5.312813922811182,80.17708333333333,89.25
lk_colombo,11,relative_humidity_2m,2023,88.56666666666668,88.97916666666666,2.105303693020736,87.41666666666667,89.76041666666667
lk_colombo,11,relative_humidity_2m,2024,86.52638888888889,87.20833333333334,3.390537940437001,84.375,88.70833333333333
lk_colombo,11,relative_humidity_2m,2025,85.50416666666668,86.04166666666666,3.679043732732232,82.91666666666667,88.08333333333333
lk_colombo,11,surface_pressure,2020,1009.3620833333334,1009.4583333333334,1.0684742171797015,1008.4291666666667,1010.1666666666666
lk_colombo,11,surface_pressure,2021,1008.134861111111,1008.0458333333332,1.090139694626111,1007.4635416666667,1009.0625
lk_colombo,11,surface_pressure,2022,1009.4733333333334,1009.3895833333333,0.8168071073238173,1008.9635416666667,1010.0374999999999
lk_colombo,11,surface_pressure,2023,1009.8297222222222,1010.0979166666667,0.9343543864147613,1009.1885416666667,1010.5010416666667
lk_colombo,11,surface_pressure,2024,1008.35625,1008.69375,1.429779052639907,1007.5520833333333,1008.9385416666667
lk_colombo,11,surface_pressure,2025,1009.7686111111111,1010.0,1.1724342928866505,1009.553125,1010.4593749999999
lk_colombo,11,cloud_cover,2020,81.6986111111111,81.89583333333334,16.976003895307993,72.30208333333333,98.0625
lk_colombo,11,cloud_cover,2021,88.49722222222223,93.85416666666667,12.929553885010478,84.0,97.22916666666667
lk_colombo,11,cloud_cover,2022,82.81388888888887,91.39583333333334,18.382968120575487,71.09375,96.86458333333334
lk_colombo,11,cloud_cover,2023,87.09166666666667,90.33333333333333,12.33334012892015,81.45833333333333,97.20833333333334
lk_colombo,11,cloud_cover,2024,78.57638888888887,88.29166666666666,25.681583130424993,67.27083333333333,99.51041666666667
lk_colombo,11,cloud_cover,2025,81.42083333333333,86.02083333333334,18.807171299514238,68.30208333333333,98.51041666666667
lk_colombo,11,shortwave_radiation,2020,196.3055555555556,204.5,36.970633560290764,176.17708333333334,222.73958333333331
lk_colombo,11,shortwave_radiation,2021,154.22361111111113,151.72916666666669,44.5294395539529,132.47916666666669,183.88541666666666
lk_colombo,11,shortwave_radiation,2022,185.15555555555557,205.04166666666669,49.183885467895166,150.44791666666669,216.11458333333334
lk_colombo,11,shortwave_radiation,2023,165.12083333333337,168.41666666666669,44.25253979712541,139.23958333333334,203.35416666666666
lk_colombo,11,shortwave_radiation,2024,158.49722222222223,153.54166666666666,63.452470307990865,115.58333333333333,207.22916666666666
lk_colombo,11,shortwave_radiation,2025,162.1652777777778,188.89583333333331,66.9642661500306,105.34375,208.67708333333334
lk_colombo,12,temperature_2m,2020,25.835752688172043,25.875,0.5909334014474359,25.645833333333336,26.229166666666664
lk_colombo,12,temperature_2m,2021,26.31962365591397,26.425,0.46037574422007577,26.014583333333334,26.645833333333332
lk_colombo,12,temperature_2m,2022,25.624865591397842,25.650000000000002,0.5907235087073696,25.416666666666664,25.99375
lk_colombo,12,temperature_2m,2023,26.47513440860215,26.495833333333334,0.5904834450894713,26.03125,26.891666666666666
lk_colombo,12,temperature_2m,2024,26.466129032258067,26.616666666666664,0.521216239176106,26.208333333333336,26.87083333333333
lk_colombo,12,temperature_2m,2025,25.956451612903226,25.90416666666667,0.4590799962435908,25.770833333333332,26.04583333333333
lk_colombo,12,precipitation,2020,5.716129032258064,3.2,7.481804451431644,0.15000000000000002,6.1
lk_colombo,12,precipitation,2021,1.9161290322580646,0.6000000000000001,2.9908857967937137,0.0,2.3499999999999996
lk_colombo,12,precipitation,2022,5.338709677419355,1.0,9.299343253490353,0.25,5.25
lk_colombo,12,precipitation,2023,11.05483870967742,9.6,9.902721468016672,1.4500000000000002,19.049999999999997
lk_colombo,12,precipitation,2024,2.5935483870967744,0.8,4.147283085255613,0.0,2.1999999999999997
lk_colombo,12,precipitation,2025,3.861290322580645,0.5,11.264891697048691,0.0,3.3
lk_colombo,12,wind_speed_10m,2020,2.403440860215054,2.478333333333333,1.0557012379424917,1.5658333333333334,3.2366666666666664
lk_colombo,12,wind_speed_10m,2021,2.068360215053763,1.8195833333333333,0.8162231359050165,1.4045833333333333,2.6222916666666665
lk_colombo,12,wind_speed_10m,2022,2.382163978494623,2.299583333333333,1.136220665490193,1.2554166666666666,3.117916666666667
lk_colombo,12,wind_speed_10m,2023,2.1210215053763446,2.1054166666666667,0.9296114707549277,1.4652083333333334,2.6727083333333335
lk_colombo,12,wind_speed_10m,2024,2.173951612903226,1.9974999999999998,0.8582748218390583,1.5997916666666665,2.684375
lk_colombo,12,wind_speed_10m,2025,2.757567204301075,3.110416666666667,1.0344351713883557,1.88125,3.4574999999999996
lk_colombo,12,relative_humidity_2m,2020,83.55107526881723,84.91666666666667,4.865609541739277,81.41666666666666,86.08333333333333
lk_colombo,12,relative_humidity_2m,2021,80.23252688172045,81.125,6.509970755338645,76.14583333333334,85.08333333333334
lk_colombo,12,relative_humidity_2m,2022,82.68010752688173,82.04166666666667,4.56500612419945,80.27083333333334,85.97916666666667
lk_colombo,12,relative_humidity_2m,2023,86.23924731182795,87.5,4.5580739279979205,84.54166666666666,89.04166666666666
lk_colombo,12,relative_humidity_2m,2024,81.70833333333333,81.20833333333333,4.026676094543782,79.08333333333334,84.4375
lk_colombo,12,relative_humidity_2m,2025,81.09811827956989,81.83333333333333,4.750481802893016,76.52083333333334,85.27083333333333
lk_colombo,12,surface_pressure,2020,1009.2770161290322,1009.4250000000001,1.048852366085092,1008.64375,1010.0916666666667
lk_colombo,12,surface_pressure,2021,1010.4508064516127,1010.5291666666667,0.8417577091538633,1009.8187499999999,1011.0291666666667
lk_colombo,12,surface_pressure,2022,1009.0422043010753,1008.5458333333332,2.2332021473533974,1007.4958333333334,1009.89375
lk_colombo,12,surface_pressure,2023,1009.668682795699,1009.8583333333332,1.0162589522678405,1009.1145833333333,1010.2
lk_colombo,12,surface_pressure,2024,1009.0669354838709,1008.9416666666666,1.2775428235755244,1008.5374999999999,1009.5354166666666
lk_colombo,12,surface_pressure,2025,1009.7099462365593,1009.7125,0.6713901048861661,1009.2124999999999,1010.0166666666667
lk_colombo,12,cloud_cover,2020,71.39381720430107,76.79166666666667,25.026885632860647,45.39583333333333,91.41666666666667
lk_colombo,12,cloud_cover,2021,47.268817204301065,48.083333333333336,28.644154675480987,21.333333333333336,68.33333333333333
lk_colombo,12,cloud_cover,2022,77.21102150537635,84.70833333333333,22.985940588870356,63.77083333333333,96.79166666666666
lk_colombo,12,cloud_cover,2023,79.62231182795695,88.41666666666667,18.850164355690886,67.5,94.85416666666667
lk_colombo,12,cloud_cover,2024,72.20564516129032,75.16666666666667,19.565325454115197,67.60416666666666,83.77083333333334
lk_colombo,12,cloud_cover,2025,58.70833333333333,58.875,25.523672744539923,36.54166666666667,80.3125
lk_colombo,12,shortwave_radiation,2020,183.68145161290326,192.04166666666666,58.45307803691134,154.79166666666666,223.375
lk_colombo,12,shortwave_radiation,2021,214.994623655914,220.875,36.75218679235714,205.375,237.5625
lk_colombo,12,shortwave_radiation,2022,177.06854838709674,185.04166666666666,55.51178193718068,155.35416666666669,224.72916666666669
lk_colombo,12,shortwave_radiation,2023,171.09677419354838,181.29166666666666,48.005210928443475,146.95833333333331,203.79166666666669
lk_colombo,12,shortwave_radiation,2024,200.23118279569894,215.58333333333334,39.30071452133783,181.125,223.83333333333331
lk_colombo,12,shortwave_radiation,2025,202.61827956989242,210.33333333333334,38.50174974495236,179.85416666666669,228.79166666666669
lk_galle,1,temperature_2m,2020,27.04543010752688,26.9375,0.4859333264245086,26.714583333333334,27.325
lk_galle,1,temperature_2m,2021,25.935080645161285,25.945833333333336,0.3868584506924494,25.591666666666665,26.231249999999996
lk_galle,1,temperature_2m,2022,26.20766129032258,26.204166666666666,0.4127063131284249,25.90416666666667,26.479166666666668
lk_galle,1,temperature_2m,2023,25.59287634408602,25.616666666666664,0.3738581280917444,25.37291666666667,25.845833333333335
lk_galle,1,temperature_2m,2024,26.60860215053764,26.712500000000002,0.47228994875915414,26.354166666666668,26.947916666666668
lk_galle,1,temperature_2m,2025,25.797580645161286,25.933333333333334,0.5730641468698928,25.57916666666667,26.104166666666664
lk_galle,1,precipitation,2020,0.7064516129032259,0.30000000000000004,0.8820187011891029,0.0,1.4
lk_galle,1,precipitation,2021,9.874193548387096,6.200000000000001,9.48352844820729,1.75,15.85
lk_galle,1,precipitation,2022,4.096774193548388,1.6,6.024421624851509,0.75,4.0
lk_galle,1,precipitation,2023,5.619354838709676,1.6,11.803090537505806,0.25,6.3999999999999995
lk_galle,1,precipitation,2024,5.209677419354839,2.0,8.152314797598272,0.45,6.4
lk_galle,1,precipitation,2025,12.322580645161288,6.5,16.603628311856404,2.55,10.6
lk_galle,1,wind_speed_10m,2020,1.4368279569892473,1.3458333333333332,0.3461532937123511,1.1275,1.7227083333333333
lk_galle,1,wind_speed_10m,2021,1.4607123655913978,1.26625,0.655874638625397,1.1433333333333333,1.5654166666666667
lk_galle,1,wind_speed_10m,2022,1.374153225806452,1.3308333333333333,0.3069767168278931,1.166875,1.5491666666666668
lk_galle,1,wind_speed_10m,2023,1.4165188172043008,1.3570833333333334,0.6388884439767814,1.1239583333333334,1.5099999999999998
lk_galle,1,wind_speed_10m,2024,1.399717741935484,1.2625,0.3913823493326898,1.1533333333333333,1.5429166666666667
lk_galle,1,wind_speed_10m,2025,1.3101075268817206,1.2291666666666667,0.3690694311332397,1.0416666666666665,1.4566666666666666
lk_galle,1,relative_humidity_2m,2020,77.69354838709677,77.04166666666667,3.739809431219711,74.9375,80.20833333333333
lk_galle,1,relative_humidity_2m,2021,85.1922043010753,85.95833333333333,3.1660759211287486,83.41666666666666,87.47916666666666
lk_galle,1,relative_humidity_2m,2022,83.06989247311826,83.66666666666667,3.1835694192701096,80.89583333333334,85.4375
lk_galle,1,relative_humidity_2m,2023,82.8736559139785,82.95833333333333,3.304624353038532,81.625,85.10416666666666
lk_galle,1,relative_humidity_2m,2024,82.86290322580646,84.0,4.338741197537769,81.125,85.08333333333334
lk_galle,1,relative_humidity_2m,2025,86.0577956989247,86.0,2.395203478060729,84.72916666666667,87.0
lk_galle,1,surface_pressure,2020,1011.1801075268818,1010.9541666666668,0.8066733454135675,1010.6729166666667,1011.6979166666667
lk_galle,1,surface_pressure,2021,1009.7084677419356,1009.8166666666666,1.1402370833875484,1008.9041666666667,1010.6083333333333
lk_galle,1,surface_pressure,2022,1010.7872311827957,1010.7541666666666,0.7688976713661303,1010.2666666666667,1011.2333333333333
lk_galle,1,surface_pressure,2023,1011.1893817204299,1011.15,1.4183384085256947,1010.3791666666666,1012.2229166666666
lk_galle,1,surface_pressure,2024,1011.8118279569893,1011.4708333333333,1.0676997475395695,1010.9291666666667,1012.7666666666668
lk_galle,1,surface_pressure,2025,1009.933064516129,1009.9375,0.8756961090061777,1009.2083333333333,1010.7104166666666
lk_galle,1,cloud_cover,2020,54.03360215053763,55.75,21.36253540446007,37.70833333333333,66.6875
lk_galle,1,cloud_cover,2021,84.03763440860216,89.16666666666667,15.859343967178942,78.02083333333333,94.89583333333334
lk_galle,1,cloud_cover,2022,63.38172043010753,64.70833333333333,20.065520848995114,43.541666666666664,80.125
lk_galle,1,cloud_cover,2023,78.60618279569891,81.625,17.433932293691733,63.25,94.45833333333333
lk_galle,1,cloud_cover,2024,57.95967741935483,53.25,25.761958936109778,34.895833333333336,75.8125
lk_galle,1,cloud_cover,2025,85.09274193548387,94.125,19.450741171960267,78.41666666666667,98.77083333333334
lk_galle,1,shortwave_radiation,2020,240.49327956989245,239.95833333333334,18.654795632480287,230.52083333333331,253.20833333333331
lk_galle,1,shortwave_radiation,2021,188.51881720430106,202.70833333333334,48.626393437510316,154.58333333333331,223.52083333333331
lk_galle,1,shortwave_radiation,2022,237.15456989247312,238.95833333333334,31.02516935509853,227.64583333333331,259.0625
lk_galle,1,shortwave_radiation,2023,219.65725806451616,233.125,38.01891693751353,205.875,247.3125
lk_galle,1,shortwave_radiation,2024,219.42204301075273,234.45833333333334,49.87023176633249,223.14583333333331,246.0
lk_galle,1,shortwave_radiation,2025,167.09274193548387,185.54166666666666,62.13989566345052,131.45833333333334,215.4375
lk_galle,2,temperature_2m,2020,27.799404761904764,27.581250000000004,0.666806229880118,27.394791666666666,28.368750000000002
lk_galle,2,temperature_2m,2021,26.527083333333334,26.543750000000003,0.34394097762629977,26.415625,26.7
lk_galle,2,temperature_2m,2022,26.679315476190474,26.6625,0.34240638484900027,26.428124999999998,26.992708333333333
lk_galle,2,temperature_2m,2023,26.118452380952384,26.120833333333334,0.31861492250341567,25.898958333333336,26.293750000000003
lk_galle,2,temperature_2m,2024,27.85580357142857,27.887500000000003,0.6268176647829029,27.488541666666666,28.325000000000003
lk_galle,2,temperature_2m,2025,26.79642857142857,26.81041666666667,0.4291729807244304,26.466666666666665,27.10625
lk_galle,2,precipitation,2020,1.2535714285714288,0.2,2.619228348742649,0.0,1.025
lk_galle,2,precipitation,2021,2.3785714285714286,1.25,3.9015056108822943,0.07500000000000001,2.825
lk_galle,2,precipitation,2022,2.6464285714285714,0.85,4.586573169497401,0.275,2.7
lk_galle,2,precipitation,2023,6.596428571428572,2.55,8.494725254112527,0.675,9.85
lk_galle,2,precipitation,2024,1.4785714285714289,0.85,2.0754931842027227,0.07500000000000001,1.8499999999999999
lk_galle,2,precipitation,2025,3.2571428571428567,0.4,11.719133723876316,0.17500000000000002,1.025
lk_galle,2,wind_speed_10m,2020,1.601056547619047,1.5508333333333333,0.3059715073322388,1.4052083333333334,1.8102083333333334
lk_galle,2,wind_speed_10m,2021,1.3658482142857142,1.373125,0.332786269487256,1.1061458333333334,1.6277083333333333
lk_galle,2,wind_speed_10m,2022,1.3970089285714287,1.3779166666666667,0.27630414794283215,1.1545833333333333,1.6713541666666667
lk_galle,2,wind_speed_10m,2023,1.5965029761904765,1.4939583333333333,0.7356564488549278,1.2248958333333335,1.745625
lk_galle,2,wind_speed_10m,2024,1.4421130952380954,1.4400000000000002,0.2536480980029563,1.2564583333333332,1.5882291666666668
lk_galle,2,wind_speed_10m,2025,1.4609226190476192,1.44625,0.2587616758747873,1.2236458333333333,1.5885416666666665
lk_galle,2,relative_humidity_2m,2020,72.36458333333333,71.25,4.567123763394705,69.89583333333333,74.91666666666666
lk_galle,2,relative_humidity_2m,2021,82.36160714285714,82.27083333333334,2.00603685012572,80.73958333333333,83.54166666666667
lk_galle,2,relative_humidity_2m,2022,80.73214285714285,80.95833333333334,2.340141868001824,79.5625,82.16666666666667
lk_galle,2,relative_humidity_2m,2023,82.57291666666667,82.66666666666666,4.3321998903464385,79.76041666666667,86.03125
lk_galle,2,relative_humidity_2m,2024,77.22470238095238,77.1875,4.455806357898506,74.63541666666667,80.40625
lk_galle,2,relative_humidity_2m,2025,79.50148809523809,79.33333333333334,3.6640788100970196,77.6875,80.96875
lk_galle,2,surface_pressure,2020,1011.344642857143,1011.4979166666667,1.038590431197148,1010.9177083333334,1012.0354166666667
lk_galle,2,surface_pressure,2021,1010.6364583333333,1010.6875,0.7978306371441547,1010.0697916666667,1011.0645833333333
lk_galle,2,surface_pressure,2022,1009.8806547619048,1009.8104166666667,1.5540420109731556,1009.01875,1011.028125
lk_galle,2,surface_pressure,2023,1010.9311011904763,1011.1833333333334,1.4837747653185362,1009.8354166666667,1011.9125
lk_galle,2,surface_pressure,2024,1011.9510416666666,1011.80625,1.4620524116366105,1011.2916666666666,1013.0864583333333
lk_galle,2,surface_pressure,2025,1011.0360119047618,1011.0854166666667,0.9602947013460243,1010.2989583333333,1011.70625
lk_galle,2,cloud_cover,2020,49.29464285714287,44.041666666666664,22.902071470622534,29.604166666666668,67.72916666666667
lk_galle,2,cloud_cover,2021,61.60267857142857,62.04166666666667,22.862023749117288,40.583333333333336,80.73958333333333
lk_galle,2,cloud_cover,2022,64.98363095238095,68.0625,26.47707812543532,38.625,88.9375
lk_galle,2,cloud_cover,2023,69.50892857142857,75.4375,23.477074222224992,55.97916666666667,86.46875
lk_galle,2,cloud_cover,2024,51.892857142857146,48.85416666666667,20.94598379674261,37.78125,68.80208333333333
lk_galle,2,cloud_cover,2025,58.63541666666667,63.08333333333333,26.222912795461813,38.5,73.34375
lk_galle,2,shortwave_radiation,2020,257.69791666666663,265.4791666666667,31.751888705124173,254.75,275.0208333333333
lk_galle,2,shortwave_radiation,2021,251.2842261904762,262.54166666666663,28.096674244421685,240.23958333333331,267.8854166666667
lk_galle,2,shortwave_radiation,2022,248.6517857142857,264.10416666666663,40.23304382747051,234.20833333333334,274.65625
lk_galle,2,shortwave_radiation,2023,233.53273809523807,251.0625,38.46095796646792,202.5,262.6875
lk_galle,2,shortwave_radiation,2024,257.2916666666667,257.2916666666667,16.77769346311902,246.3125,270.0520833333333
lk_galle,2,shortwave_radiation,2025,256.7395833333333,267.60416666666663,38.73170885340244,246.82291666666666,280.5625
lk_galle,3,temperature_2m,2020,28.100806451612904,28.02916666666667,0.37508551394555906,27.891666666666666,28.393749999999997
lk_galle,3,temperature_2m,2021,26.81397849462365,26.895833333333332,0.5169774472871945,26.41041666666667,27.12083333333333
lk_galle,3,temperature_2m,2022,27.12163978494623,27.166666666666668,0.313639440006131,26.893749999999997,27.31875
lk_galle,3,temperature_2m,2023,26.840725806451612,26.90416666666667,0.4025938895517669,26.572916666666668,27.177083333333336
lk_galle,3,temperature_2m,2024,28.042338709677423,28.025000000000002,0.3281367445414787,27.727083333333333,28.24375
lk_galle,3,temperature_2m,2025,27.034543010752685,27.229166666666668,0.5348483186982428,26.889583333333334,27.299999999999997
lk_galle,3,precipitation,2020,1.880645161290323,0.6000000000000001,2.9475887721818443,0.15000000000000002,2.2
lk_galle,3,precipitation,2021,5.745161290322581,4.0,7.73424586755457,0.45,8.25
lk_galle,3,precipitation,2022,3.5096774193548392,2.7,4.109854404453575,1.4500000000000002,3.9000000000000004
lk_galle,3,precipitation,2023,5.093548387096774,4.3,3.8767628664364606,2.1,7.4
lk_galle,3,precipitation,2024,2.980645161290323,1.1,5.020320000082247,0.30000000000000004,2.6
lk_galle,3,precipitation,2025,4.6967741935483875,2.5,6.658953064407234,0.75,5.8
lk_galle,3,wind_speed_10m,2020,1.8209005376344083,1.7391666666666667,0.4631857665783918,1.598125,2.0058333333333334
lk_galle,3,wind_speed_10m,2021,1.432755376344086,1.3683333333333334,0.38016647299880835,1.1760416666666667,1.6102083333333335
lk_galle,3,wind_speed_10m,2022,2.032486559139785,1.7479166666666668,0.8423937212054019,1.4275000000000002,2.634375
lk_galle,3,wind_speed_10m,2023,1.4116801075268814,1.32125,0.323442519577635,1.1889583333333333,1.5591666666666666
lk_galle,3,wind_speed_10m,2024,1.5962365591397847,1.5491666666666666,0.320987994537795,1.3560416666666666,1.763125
lk_galle,3,wind_speed_10m,2025,1.5406854838709678,1.4483333333333333,0.5070494778754234,1.2372916666666667,1.7181250000000001
lk_galle,3,relative_humidity_2m,2020,74.91263440860214,74.75,3.798183575961344,71.125,78.35416666666666
lk_galle,3,relative_humidity_2m,2021,81.1747311827957,81.125,4.462127401122369,79.66666666666667,84.08333333333334
lk_galle,3,relative_humidity_2m,2022,82.63709677419355,82.41666666666667,2.453908294935286,80.9375,84.45833333333334
lk_galle,3,relative_humidity_2m,2023,83.53897849462366,83.83333333333333,2.597272774698254,82.89583333333333,85.10416666666666
lk_galle,3,relative_humidity_2m,2024,78.46102150537635,78.75,3.289871794119692,76.66666666666666,80.58333333333333
lk_galle,3,relative_humidity_2m,2025,83.53763440860214,83.04166666666667,2.7447414967734054,82.25,84.375
lk_galle,3,surface_pressure,2020,1010.5927419354839,1010.6416666666668,0.7809893770780469,1010.0770833333333,1011.10625
lk_galle,3,surface_pressure,2021,1010.2193548387098,1009.8833333333333,1.3398514931126488,1009.3020833333333,1011.2083333333333
lk_galle,3,surface_pressure,2022,1009.0713709677419,1009.0791666666668,0.8897836698276748,1008.3333333333333,1009.6583333333333
lk_galle,3,surface_pressure,2023,1010.7106182795699,1010.1958333333333,1.573567410902611,1009.4916666666667,1010.9833333333333
lk_galle,3,surface_pressure,2024,1011.3815860215053,1011.3791666666666,1.0646322690392183,1011.0104166666667,1011.9208333333333
lk_galle,3,surface_pressure,2025,1010.2112903225809,1009.9708333333333,1.29936558306689,1009.1520833333334,1010.9416666666666
lk_galle,3,cloud_cover,2020,52.55107526881721,52.083333333333336,22.167869405751244,34.47916666666667,68.9375
lk_galle,3,cloud_cover,2021,70.0013440860215,77.5,24.88479819093545,50.0,91.9375
lk_galle,3,cloud_cover,2022,58.51344086021505,48.75,24.397293667974445,39.416666666666664,77.875
lk_galle,3,cloud_cover,2023,60.104838709677416,58.083333333333336,21.707949108797802,42.895833333333336,79.33333333333333
lk_galle,3,cloud_cover,2024,49.95967741935484,49.166666666666664,24.633671353188863,29.479166666666664,65.75
lk_galle,3,cloud_cover,2025,64.25403225806451,63.541666666666664,24.418049247068407,40.04166666666667,85.8125
lk_galle,3,shortwave_radiation,2020,272.0739247311828,276.3333333333333,23.35173557491632,265.5625,284.5625
lk_galle,3,shortwave_radiation,2021,237.37500000000003,253.08333333333334,45.2741903827646,203.75,274.9375
lk_galle,3,shortwave_radiation,2022,246.04166666666669,257.3333333333333,35.724565220380015,239.41666666666666,267.0625
lk_galle,3,shortwave_radiation,2023,251.96370967741936,261.0,26.394129761599686,238.25,269.16666666666663
lk_galle,3,shortwave_radiation,2024,264.258064516129,262.7083333333333,19.262085610207382,253.375,276.5
lk_galle,3,shortwave_radiation,2025,242.82795698924735,264.0416666666667,48.27858218619515,219.47916666666666,277.875
lk_galle,4,temperature_2m,2020,27.98666666666667,28.045833333333334,0.42514844150955944,27.726041666666667,28.26875
lk_galle,4,temperature_2m,2021,27.277916666666666,27.28125,0.42700276083255073,27.0,27.621875
lk_galle,4,temperature_2m,2022,27.060138888888886,27.116666666666667,0.6558777527835687,26.61875,27.48229166666667
lk_galle,4,temperature_2m,2023,27.34708333333334,27.402083333333337,0.584675334392952,26.938541666666666,27.835416666666667
lk_galle,4,temperature_2m,2024,28.30152777777778,28.31666666666667,0.40212183177812233,28.196875,28.484375
lk_galle,4,temperature_2m,2025,27.306111111111104,27.297916666666666,0.6121795562314122,26.740625,27.777083333333334
lk_galle,4,precipitation,2020,6.340000000000001,4.95,5.0360493547470595,3.05,9.025
lk_galle,4,precipitation,2021,4.543333333333333,3.1500000000000004,4.894732096739369,1.025,5.050000000000001
lk_galle,4,precipitation,2022,8.6,6.699999999999999,7.087288280605904,4.125,9.9
lk_galle,4,precipitation,2023,6.743333333333333,4.0,8.197126634221974,2.025,8.125
lk_galle,4,precipitation,2024,5.543333333333333,3.9000000000000004,6.281757020481437,2.325,5.15
lk_galle,4,precipitation,2025,8.853333333333333,6.65,8.32630784314696,2.1750000000000003,9.875
lk_galle,4,wind_speed_10m,2020,1.703486111111111,1.6902083333333333,0.48273829408522073,1.3757291666666667,2.04125
lk_galle,4,wind_speed_10m,2021,1.9748055555555555,1.7189583333333336,0.7912020546305453,1.3641666666666667,2.627708333333333
lk_galle,4,wind_speed_10m,2022,1.9366666666666668,1.7979166666666666,0.6473042759556731,1.4023958333333333,2.149166666666667
lk_galle,4,wind_speed_10m,2023,1.4693611111111111,1.3545833333333335,0.4322363260288899,1.0798958333333335,1.6894791666666666
lk_galle,4,wind_speed_10m,2024,1.6610277777777782,1.5179166666666668,0.4198918530563443,1.3558333333333334,1.8023958333333334
lk_galle,4,wind_speed_10m,2025,2.2620277777777775,2.225833333333333,0.5147604078194952,1.83625,2.5660416666666666
lk_galle,4,relative_humidity_2m,2020,80.53611111111111,81.60416666666666,4.173854910608995,78.11458333333333,83.65625
lk_galle,4,relative_humidity_2m,2021,83.39305555555555,83.52083333333334,2.6504012594110375,81.5625,85.35416666666667
lk_galle,4,relative_humidity_2m,2022,84.89305555555556,85.14583333333334,3.0436181610407567,83.4375,87.01041666666667
lk_galle,4,relative_humidity_2m,2023,84.32499999999999,84.64583333333334,2.7784663897422273,82.26041666666667,86.38541666666667
lk_galle,4,relative_humidity_2m,2024,83.4972222222222,83.79166666666666,2.7893160745017433,82.04166666666667,85.63541666666667
lk_galle,4,relative_humidity_2m,2025,84.70972222222223,85.6875,3.215769545653655,82.67708333333334,86.80208333333333
lk_galle,4,surface_pressure,2020,1010.4633333333334,1010.4354166666667,0.8041814810141621,1009.8885416666667,1011.028125
lk_galle,4,surface_pressure,2021,1010.2620833333332,1010.4229166666667,1.0812708871147054,1009.6260416666667,1011.04375
lk_galle,4,surface_pressure,2022,1009.2691666666667,1009.0854166666668,1.4426615230590127,1008.0104166666667,1010.4572916666666
lk_galle,4,surface_pressure,2023,1009.550138888889,1009.6791666666667,1.3812404033635017,1008.5572916666666,1010.5760416666667
lk_galle,4,surface_pressure,2024,1008.7176388888888,1008.8041666666667,0.9434436007233586,1007.8968749999999,1009.4666666666667
lk_galle,4,surface_pressure,2025,1009.6479166666668,1009.5229166666668,0.726662572157079,1009.1864583333333,1010.0906249999999
lk_galle,4,cloud_cover,2020,53.702777777777776,50.375,26.155530917445272,36.385416666666664,78.57291666666667
lk_galle,4,cloud_cover,2021,60.30972222222222,63.10416666666667,19.440007070990966,41.40625,73.875
lk_galle,4,cloud_cover,2022,70.34444444444443,71.75,20.281230155382122,52.260416666666664,90.44791666666667
lk_galle,4,cloud_cover,2023,54.66388888888889,51.458333333333336,25.133329649277655,33.25,74.25
lk_galle,4,cloud_cover,2024,70.5013888888889,69.89583333333333,18.843116430080602,54.91666666666667,87.35416666666666
lk_galle,4,cloud_cover,2025,69.0638888888889,72.16666666666667,24.70597872455545,44.84375,93.46875
lk_galle,4,shortwave_radiation,2020,258.425,257.8125,23.71003241189645,244.6875,271.78125
lk_galle,4,shortwave_radiation,2021,256.0069444444445,257.0,24.73812576367679,244.03125,272.5520833333333
lk_galle,4,shortwave_radiation,2022,232.3361111111111,242.89583333333331,37.54498887116478,206.04166666666666,258.96875
lk_galle,4,shortwave_radiation,2023,248.60694444444445,265.6875,45.72466831530547,238.97916666666666,276.63541666666663
lk_galle,4,shortwave_radiation,2024,251.06666666666663,261.875,32.353565257416385,244.92708333333334,270.32291666666663
lk_galle,4,shortwave_radiation,2025,232.24861111111116,248.39583333333331,42.47496090685608,220.92708333333331,261.3645833333333
lk_galle,5,temperature_2m,2020,27.577150537634413,27.6375,0.6330078393915691,27.049999999999997,28.054166666666667
lk_galle,5,temperature_2m,2021,27.379435483870967,27.4375,0.5638789019543962,27.03125,27.672916666666666
lk_galle,5,temperature_2m,2022,26.926075268817204,26.954166666666666,0.669686707900307,26.65,27.335416666666667
lk_galle,5,temperature_2m,2023,27.48575268817205,27.6375,0.5900160604703091,26.92083333333333,27.916666666666664
lk_galle,5,temperature_2m,2024,27.661155913978497,27.604166666666668,0.8213509275436545,26.93541666666667,28.0
lk_galle,5,temperature_2m,2025,27.654032258064515,27.72083333333333,0.6004439752743379,27.329166666666666,28.1875
lk_galle,5,precipitation,2020,10.287096774193548,7.9,7.5697970882309145,5.0,14.6
lk_galle,5,precipitation,2021,13.777419354838708,8.4,18.22947630766208,4.1,13.2
lk_galle,5,precipitation,2022,13.938709677419354,9.700000000000001,12.109078616733669,7.200000000000001,17.9
lk_galle,5,precipitation,2023,8.083870967741936,5.9,7.269713280645647,3.3000000000000003,8.950000000000001
lk_galle,5,precipitation,2024,19.074193548387097,15.0,14.549478060327697,9.850000000000001,27.450000000000003
lk_galle,5,precipitation,2025,7.6,5.3,6.430033696127364,2.85,10.0
lk_galle,5,wind_speed_10m,2020,3.291881720430108,3.2616666666666667,1.437276238103755,1.9825000000000002,4.176458333333333
lk_galle,5,wind_speed_10m,2021,3.2527284946236557,2.8316666666666666,1.9023763004229715,1.5695833333333336,5.153541666666667
lk_galle,5,wind_speed_10m,2022,4.3264381720430105,4.162916666666667,0.8986615744806434,3.7733333333333334,4.939375
lk_galle,5,wind_speed_10m,2023,3.1044623655913983,3.1479166666666667,0.8194922363197173,2.3449999999999998,3.7162500000000005
lk_galle,5,wind_speed_10m,2024,3.4342069892473117,2.43625,2.1021567720759338,1.773125,5.197916666666667
lk_galle,5,wind_speed_10m,2025,3.8415725806451615,3.8220833333333335,1.3820216409608894,2.8858333333333333,4.486041666666667
lk_galle,5,relative_humidity_2m,2020,85.81317204301075,85.83333333333333,2.7429807507607866,84.125,87.70833333333334
lk_galle,5,relative_humidity_2m,2021,84.3239247311828,83.625,2.922765640697533,82.39583333333333,85.70833333333333
lk_galle,5,relative_humidity_2m,2022,86.91935483870968,86.91666666666667,2.392187696920933,85.22916666666666,88.3125
lk_galle,5,relative_humidity_2m,2023,85.48924731182797,85.91666666666667,3.027859983757924,83.08333333333333,88.1875
lk_galle,5,relative_humidity_2m,2024,87.2782258064516,87.16666666666667,2.9767110527822935,85.6875,89.58333333333333
lk_galle,5,relative_humidity_2m,2025,84.29704301075269,83.5,3.459717626822696,81.77083333333333,87.14583333333334
lk_galle,5,surface_pressure,2020,1008.7516129032257,1009.1041666666666,1.5560521320810523,1007.9520833333333,1009.9979166666667
lk_galle,5,surface_pressure,2021,1008.886559139785,1008.8166666666666,0.7846743173756113,1008.4208333333333,1009.4104166666666
lk_galle,5,surface_pressure,2022,1008.3876344086021,1008.4166666666666,1.5236239556347222,1007.40625,1009.6208333333334
lk_galle,5,surface_pressure,2023,1010.1072580645161,1010.1041666666666,1.4095601854365671,1009.225,1011.1875
lk_galle,5,surface_pressure,2024,1007.7172043010753,1007.9583333333334,1.1372861733983635,1006.7791666666667,1008.4187499999999
lk_galle,5,surface_pressure,2025,1008.3668010752688,1008.3666666666667,0.8866816022335794,1007.85625,1008.8625
lk_galle,5,cloud_cover,2020,84.50537634408603,89.66666666666667,17.970006975151044,80.5,98.04166666666666
lk_galle,5,cloud_cover,2021,85.57258064516131,91.79166666666667,13.663155747122676,70.60416666666666,97.52083333333334
lk_galle,5,cloud_cover,2022,84.08736559139783,88.75,15.705261838079252,72.54166666666666,97.89583333333334
lk_galle,5,cloud_cover,2023,76.24327956989248,94.04166666666667,27.940332209522754,50.79166666666667,99.5625
lk_galle,5,cloud_cover,2024,92.11155913978494,97.625,10.76520988541057,89.22916666666666,99.0
lk_galle,5,cloud_cover,2025,84.28494623655915,87.95833333333333,15.411185575105716,78.54166666666667,96.0
lk_galle,5,shortwave_radiation,2020,200.81586021505376,204.54166666666666,40.7678368912421,180.0625,231.4375
lk_galle,5,shortwave_radiation,2021,212.79301075268816,224.95833333333334,44.15821392368027,190.52083333333331,241.45833333333334
lk_galle,5,shortwave_radiation,2022,204.26344086021504,222.20833333333334,49.553274487115985,198.22916666666666,230.0
lk_galle,5,shortwave_radiation,2023,212.54838709677423,210.54166666666666,41.02451431875343,192.39583333333331,242.72916666666669
lk_galle,5,shortwave_radiation,2024,189.4704301075269,199.70833333333334,59.2127385114982,168.72916666666669,231.52083333333334
lk_galle,5,shortwave_radiation,2025,213.84811827956986,213.91666666666666,35.6200444057939,194.6875,241.47916666666666
lk_galle,6,temperature_2m,2020,27.393055555555556,27.49791666666667,0.5464031786041889,27.009375,27.786458333333336
lk_galle,6,temperature_2m,2021,26.86555555555556,26.89375,0.5994059692430832,26.391666666666666,27.43958333333333
lk_galle,6,temperature_2m,2022,26.712083333333336,26.68125,0.45539595577098263,26.426041666666666,27.047916666666666
lk_galle,6,temperature_2m,2023,27.04763888888889,27.016666666666666,0.40084274747788473,26.820833333333333,27.344791666666666
lk_galle,6,temperature_2m,2024,27.221527777777776,27.262500000000003,0.4257896137516734,26.958333333333332,27.487499999999997
lk_galle,6,temperature_2m,2025,27.201666666666664,27.275,0.5135550069960645,26.898958333333333,27.665625
lk_galle,6,precipitation,2020,6.583333333333334,5.05,5.547294048846502,3.225,8.35
lk_galle,6,precipitation,2021,7.703333333333335,5.1,10.864319434810872,3.025,8.05
lk_galle,6,precipitation,2022,7.41,6.05,4.747438510796439,4.4,8.875
lk_galle,6,precipitation,2023,8.79,7.1499999999999995,4.297180310469838,5.875,11.075
lk_galle,6,precipitation,2024,8.656666666666668,5.75,7.488136978067299,3.7749999999999995,10.95
lk_galle,6,precipitation,2025,6.519999999999998,4.3500000000000005,6.352810944499428,2.6,7.350000000000001
lk_galle,6,wind_speed_10m,2020,3.9326250000000007,3.9545833333333333,0.768527298911012,3.4039583333333336,4.341666666666667
lk_galle,6,wind_speed_10m,2021,4.032972222222222,4.054791666666667,0.606323249054125,3.6243749999999997,4.452708333333334
lk_galle,6,wind_speed_10m,2022,4.036652777777777,3.85125,0.7756414852503979,3.4479166666666665,4.51375
lk_galle,6,wind_speed_10m,2023,4.045055555555556,3.996666666666667,0.4953504450164885,3.708645833333333,4.395625000000001
lk_galle,6,wind_speed_10m,2024,3.7661666666666664,3.7272916666666664,0.8140376137440077,3.1303125,4.106562500000001
lk_galle,6,wind_speed_10m,2025,4.139027777777778,4.061666666666667,0.5259713274736498,3.840520833333333,4.425729166666667
lk_galle,6,relative_humidity_2m,2020,83.63055555555555,84.39583333333333,3.671100593251657,81.91666666666667,86.52083333333333
lk_galle,6,relative_humidity_2m,2021,84.34444444444443,84.47916666666666,3.3545291146595133,81.54166666666667,87.42708333333333
lk_galle,6,relative_humidity_2m,2022,84.77777777777779,85.29166666666667,2.8981830856515214,82.3125,86.51041666666666
lk_galle,6,relative_humidity_2m,2023,86.5902777777778,86.89583333333334,2.3174253319623817,84.61458333333333,87.83333333333334
lk_galle,6,relative_humidity_2m,2024,85.76111111111112,85.14583333333333,2.361993862478415,84.01041666666667,87.53125
lk_galle,6,relative_humidity_2m,2025,84.49444444444444,84.0625,2.848352966758848,82.95833333333333,86.64583333333333
lk_galle,6,surface_pressure,2020,1008.6059722222221,1008.2375,1.368298578585703,1007.6343750000001,1009.5125
lk_galle,6,surface_pressure,2021,1009.8654166666668,1009.84375,0.8433380397738014,1009.3406249999999,1010.403125
lk_galle,6,surface_pressure,2022,1008.5255555555556,1008.5708333333332,0.7184110131257335,1008.0958333333333,1008.934375
lk_galle,6,surface_pressure,2023,1009.5419444444444,1009.5979166666666,0.9007080902584248,1009.015625,1010.0697916666666
lk_galle,6,surface_pressure,2024,1009.3487499999999,1009.3416666666667,1.173898027115271,1008.8031249999999,1010.2489583333333
lk_galle,6,surface_pressure,2025,1009.5083333333332,1009.84375,1.0772308226238039,1008.7437500000001,1010.3145833333333
lk_galle,6,cloud_cover,2020,81.28749999999998,87.35416666666666,17.65723815174699,70.54166666666667,95.11458333333333
lk_galle,6,cloud_cover,2021,80.95833333333333,81.0,14.325938683279645,72.19791666666667,95.10416666666667
lk_galle,6,cloud_cover,2022,89.24166666666665,96.72916666666666,13.496227477716438,82.0625,99.01041666666667
lk_galle,6,cloud_cover,2023,84.08472222222223,86.41666666666666,10.815710042916244,79.88541666666666,92.02083333333333
lk_galle,6,cloud_cover,2024,81.48333333333333,84.83333333333334,17.01172122402173,71.35416666666666,95.41666666666666
lk_galle,6,cloud_cover,2025,78.40555555555557,85.375,20.807170161761192,67.94791666666667,96.375
lk_galle,6,shortwave_radiation,2020,219.86111111111114,223.60416666666666,30.083785723771847,194.01041666666666,238.57291666666666
lk_galle,6,shortwave_radiation,2021,222.85833333333332,228.85416666666669,31.397665676952577,208.47916666666669,247.86458333333331
lk_galle,6,shortwave_radiation,2022,208.3583333333333,210.89583333333334,27.67700047627966,200.26041666666669,222.71875
lk_galle,6,shortwave_radiation,2023,217.07638888888889,218.3125,15.280499474565923,206.76041666666666,224.55208333333334
lk_galle,6,shortwave_radiation,2024,213.3138888888889,218.85416666666666,38.52695002246097,209.57291666666666,235.46875
lk_galle,6,shortwave_radiation,2025,218.64861111111108,224.04166666666669,37.511771274035844,212.80208333333334,245.73958333333334
lk_galle,7,temperature_2m,2020,26.79032258064516,26.75,0.5845804002230742,26.366666666666667,27.2875
lk_galle,7,temperature_2m,2021,26.718817204301075,26.795833333333334,0.49664950446641787,26.335416666666667,27.164583333333333
lk_galle,7,temperature_2m,2022,26.709811827956983,26.7,0.4129256339242364,26.441666666666663,26.989583333333336
lk_galle,7,temperature_2m,2023,26.88615591397849,26.879166666666666,0.5318255456365714,26.539583333333333,27.262499999999996
lk_galle,7,temperature_2m,2024,27.350403225806453,27.3875,0.5217529157919435,27.014583333333334,27.766666666666666
lk_galle,7,temperature_2m,2025,26.904973118279575,26.833333333333332,0.5930758056861897,26.46875,27.487500000000004
lk_galle,7,precipitation,2020,8.89032258064516,7.1,6.903880784926194,3.85,12.350000000000001
lk_galle,7,precipitation,2021,8.351612903225806,5.8,8.400034562140878,2.3500000000000005,10.3
lk_galle,7,precipitation,2022,5.638709677419356,4.5,4.781330178890586,2.1,7.0
lk_galle,7,precipitation,2023,7.570967741935483,4.9,6.6500222329646945,3.7,8.05
lk_galle,7,precipitation,2024,6.561290322580645,4.8,5.346505239833764,2.75,9.0
lk_galle,7,precipitation,2025,5.645161290322581,4.5,4.2645702174761935,2.5,8.8
lk_galle,7,wind_speed_10m,2020,3.530900537634409,3.4895833333333335,0.6766017013215255,3.15125,3.89375
lk_galle,7,wind_speed_10m,2021,4.602473118279571,4.435416666666667,0.977576557196014,3.873333333333333,5.074791666666667
lk_galle,7,wind_speed_10m,2022,4.504072580645161,4.800833333333333,1.2454769404287598,3.6627083333333332,5.2941666666666665
lk_galle,7,wind_speed_10m,2023,4.168225806451614,4.051666666666667,0.9107986928437601,3.5097916666666666,4.88625
lk_galle,7,wind_speed_10m,2024,3.768534946236559,3.765,0.7856014656671809,3.35375,4.238125
lk_galle,7,wind_speed_10m,2025,4.788024193548387,4.6225,0.8977881705411805,4.175416666666667,5.405833333333333
lk_galle,7,relative_humidity_2m,2020,84.90994623655914,84.79166666666667,2.579636619682263,82.85416666666666,87.04166666666666
lk_galle,7,relative_humidity_2m,2021,84.43145161290323,83.83333333333333,2.5399025842333907,82.39583333333334,86.25
lk_galle,7,relative_humidity_2m,2022,83.93682795698926,84.0,1.7792486634677036,82.64583333333333,85.04166666666666
lk_galle,7,relative_humidity_2m,2023,85.93951612903223,86.125,2.7371932161447727,84.29166666666666,87.91666666666667
lk_galle,7,relative_humidity_2m,2024,84.48118279569893,84.45833333333333,2.778406290901994,82.39583333333334,86.52083333333333
lk_galle,7,relative_humidity_2m,2025,84.50537634408603,84.29166666666667,2.0717942085383023,83.25,86.10416666666666
lk_galle,7,surface_pressure,2020,1008.3157258064516,1008.3208333333333,0.922932944224047,1007.7833333333334,1008.7333333333333
lk_galle,7,surface_pressure,2021,1009.1662634408603,1009.0208333333334,1.305858573658209,1007.99375,1010.3479166666667
lk_galle,7,surface_pressure,2022,1008.2787634408602,1008.2083333333334,1.0788284298549775,1007.6375,1008.6708333333333
lk_galle,7,surface_pressure,2023,1010.241935483871,1010.1208333333334,0.7903189811684869,1009.8645833333333,1010.8125
lk_galle,7,surface_pressure,2024,1008.8577956989247,1008.7333333333332,0.9408887777282529,1008.1145833333333,1009.2729166666666
lk_galle,7,surface_pressure,2025,1009.1750000000001,1009.2416666666667,0.827037327295901,1008.63125,1009.8125
lk_galle,7,cloud_cover,2020,91.84677419354838,94.95833333333333,8.855412573104903,87.16666666666666,98.64583333333334
lk_galle,7,cloud_cover,2021,86.14112903225805,91.0,15.750414006240627,81.60416666666667,98.33333333333333
lk_galle,7,cloud_cover,2022,88.13172043010753,95.16666666666667,12.946538472616496,81.375,98.58333333333333
lk_galle,7,cloud_cover,2023,80.08736559139784,83.79166666666667,18.36768673701986,65.29166666666666,97.14583333333334
lk_galle,7,cloud_cover,2024,83.37903225806453,90.95833333333333,17.077086780863617,70.0,96.91666666666667
lk_galle,7,cloud_cover,2025,79.94758064516131,86.625,19.63581905052464,68.91666666666666,96.79166666666666
lk_galle,7,shortwave_radiation,2020,194.3736559139785,200.625,38.00867421080145,175.41666666666669,224.35416666666669
lk_galle,7,shortwave_radiation,2021,212.6733870967742,217.125,32.84982858482779,188.75,236.60416666666669
lk_galle,7,shortwave_radiation,2022,215.68010752688167,220.20833333333334,38.141666647089274,204.5,242.5625
lk_galle,7,shortwave_radiation,2023,209.55376344086022,224.95833333333334,46.63780629602059,194.91666666666669,242.20833333333331
lk_galle,7,shortwave_radiation,2024,218.07795698924735,224.875,34.782017527446136,200.5,243.25
lk_galle,7,shortwave_radiation,2025,223.61290322580646,232.625,37.176367682549355,210.5625,249.3125
lk_galle,8,temperature_2m,2020,26.757392473118284,26.72083333333333,0.5741889506212491,26.258333333333333,27.25
lk_galle,8,temperature_2m,2021,26.2994623655914,26.47083333333333,0.42631840975895346,26.041666666666664,26.602083333333333
lk_galle,8,temperature_2m,2022,26.23279569892473,26.40416666666667,0.43565316800833553,25.974999999999998,26.547916666666666
lk_galle,8,temperature_2m,2023,27.147580645161288,27.308333333333334,0.44422447793664976,27.056250000000002,27.44375
lk_galle,8,temperature_2m,2024,26.96465053763441,27.1375,0.6151801442800053,26.4625,27.472916666666663
lk_galle,8,temperature_2m,2025,26.659408602150542,26.608333333333334,0.2995269567993212,26.460416666666667,26.885416666666664
lk_galle,8,precipitation,2020,5.74193548387097,2.0,7.216821747073448,0.85,9.05
lk_galle,8,precipitation,2021,8.461290322580643,5.6000000000000005,7.687768528398637,3.5,9.55
lk_galle,8,precipitation,2022,7.038709677419355,3.8000000000000007,8.144064399686226,1.9000000000000001,7.6000000000000005
lk_galle,8,precipitation,2023,5.138709677419355,3.5999999999999996,4.501383299931614,2.75,4.95
lk_galle,8,precipitation,2024,11.39032258064516,7.800000000000001,11.929133940028498,2.1,19.15
lk_galle,8,precipitation,2025,3.851612903225806,3.0,2.6409431355410304,1.85,5.8999999999999995
lk_galle,8,wind_speed_10m,2020,3.6191935483870967,3.7116666666666664,0.7616167693925551,3.0320833333333335,4.203333333333333
lk_galle,8,wind_speed_10m,2021,4.0149596774193546,4.274166666666667,0.9873084809290038,3.584583333333333,4.516249999999999
lk_galle,8,wind_speed_10m,2022,4.604206989247311,4.249583333333333,1.0764325153605534,3.98375,5.331250000000001
lk_galle,8,wind_speed_10m,2023,3.6051344086021504,3.6108333333333333,0.6241915826051337,3.0964583333333335,3.9839583333333333
lk_galle,8,wind_speed_10m,2024,3.346881720430107,3.4125,0.7683487124196547,2.861458333333333,3.896041666666667
lk_galle,8,wind_speed_10m,2025,4.153870967741936,4.076666666666667,0.620001560571031,3.6660416666666666,4.78125
lk_galle,8,relative_humidity_2m,2020,84.79435483870968,84.83333333333333,3.323578355990872,82.375,87.20833333333333
lk_galle,8,relative_humidity_2m,2021,85.58870967741936,85.25,2.3247795080504674,83.6875,87.27083333333333
lk_galle,8,relative_humidity_2m,2022,85.5846774193548,85.5,2.09547804231074,84.29166666666666,86.83333333333334
lk_galle,8,relative_humidity_2m,2023,83.92473118279571,83.95833333333333,2.6631361036961736,82.0625,85.5625
lk_galle,8,relative_humidity_2m,2024,84.19623655913979,84.33333333333333,4.080287888530115,82.02083333333334,87.9375
lk_galle,8,relative_humidity_2m,2025,84.46774193548389,84.41666666666667,1.4683666630336996,83.625,85.60416666666666
lk_galle,8,surface_pressure,2020,1009.2133064516129,1009.2208333333333,0.9520077585825825,1008.7437500000001,1009.75
lk_galle,8,surface_pressure,2021,1009.9951612903227,1010.1291666666666,1.2586828510051893,1009.03125,1010.7958333333333
lk_galle,8,surface_pressure,2022,1008.6559139784947,1008.5083333333333,0.7964379423767752,1008.1729166666667,1009.3708333333334
lk_galle,8,surface_pressure,2023,1010.6744623655914,1010.775,0.9945701786214551,1009.9875,1011.4520833333333
lk_galle,8,surface_pressure,2024,1009.6004032258065,1010.0,1.6602269182109495,1008.4833333333333,1010.7666666666667
lk_galle,8,surface_pressure,2025,1009.7993279569894,1009.9625,0.9629623088696059,1009.3104166666667,1010.3770833333333
lk_galle,8,cloud_cover,2020,79.5268817204301,87.83333333333333,20.015686985656174,63.25,96.64583333333333
lk_galle,8,cloud_cover,2021,93.49327956989247,97.5,10.2219585758622,92.91666666666667,98.64583333333334
lk_galle,8,cloud_cover,2022,89.13440860215053,94.625,11.552946301688644,83.29166666666667,96.91666666666667
lk_galle,8,cloud_cover,2023,76.86155913978493,81.29166666666667,18.969323392995666,59.58333333333333,95.22916666666666
lk_galle,8,cloud_cover,2024,86.10887096774194,92.41666666666667,16.43557384651589,80.79166666666667,98.33333333333333
lk_galle,8,cloud_cover,2025,80.06451612903224,83.70833333333333,16.48264322335574,68.27083333333334,93.625
lk_galle,8,shortwave_radiation,2020,233.07930107526877,252.625,41.22808109406652,197.83333333333334,265.39583333333337
lk_galle,8,shortwave_radiation,2021,207.3763440860215,210.79166666666666,36.2905272876876,190.6875,236.1875
lk_galle,8,shortwave_radiation,2022,225.61693548387098,243.08333333333334,45.267665136052386,214.47916666666669,250.375
lk_galle,8,shortwave_radiation,2023,241.09408602150532,248.08333333333334,31.830898990221545,233.20833333333331,261.0
lk_galle,8,shortwave_radiation,2024,205.05645161290323,209.875,46.57855216517643,195.25,228.85416666666669
lk_galle,8,shortwave_radiation,2025,236.09005376344086,243.33333333333334,30.3563883248097,230.5,248.375
lk_galle,9,temperature_2m,2020,26.172916666666662,26.131249999999998,0.4015083957506211,25.9625,26.428125
lk_galle,9,temperature_2m,2021,26.597361111111113,26.68125,0.4787766820457672,26.383333333333336,27.020833333333336
lk_galle,9,temperature_2m,2022,26.382222222222218,26.431250000000002,0.55357590295465,26.121874999999996,26.820833333333333
lk_galle,9,temperature_2m,2023,26.27902777777778,26.222916666666666,0.5412105543541414,25.848958333333332,26.728125000000002
lk_galle,9,temperature_2m,2024,27.14986111111111,27.206250000000004,0.43308110936183625,26.96875,27.361458333333335
lk_galle,9,temperature_2m,2025,26.87513888888889,27.05833333333333,0.5165420726362184,26.498958333333334,27.309375
lk_galle,9,precipitation,2020,10.91,7.9,8.435366844014753,6.325000000000001,12.925
lk_galle,9,precipitation,2021,6.646666666666665,5.65,5.668773104098198,4.05,8.025
lk_galle,9,precipitation,2022,5.46,3.05,6.284770865161769,2.025,4.675
lk_galle,9,precipitation,2023,16.506666666666664,14.05,9.413450880057981,11.7,20.975
lk_galle,9,precipitation,2024,6.86,4.9,4.900992158525765,3.625,7.8500000000000005
lk_galle,9,precipitation,2025,5.693333333333333,4.25,4.368534302717903,2.7,7.925000000000001
lk_galle,9,wind_speed_10m,2020,3.622361111111111,3.597083333333333,0.8199192451981063,3.131458333333333,4.0086458333333335
lk_galle,9,wind_speed_10m,2021,3.818819444444444,3.7216666666666667,0.7838660077738792,3.278125,4.312291666666667
lk_galle,9,wind_speed_10m,2022,3.831263888888889,3.761875,0.5926200579510347,3.4927083333333333,4.235520833333333
lk_galle,9,wind_speed_10m,2023,3.0193333333333334,3.1679166666666667,0.8144219134827596,2.241979166666667,3.6207291666666666
lk_galle,9,wind_speed_10m,2024,3.888444444444445,4.087916666666667,0.6898478191381081,3.534375,4.4305208333333335
lk_galle,9,wind_speed_10m,2025,3.924888888888889,3.86375,0.5984724621859316,3.5001041666666666,4.177708333333333
lk_galle,9,relative_humidity_2m,2020,86.73333333333333,86.91666666666667,2.4505062421695403,85.73958333333333,88.36458333333333
lk_galle,9,relative_humidity_2m,2021,84.83611111111112,85.1875,3.150118082483379,83.34375,86.48958333333333
lk_galle,9,relative_humidity_2m,2022,84.38749999999999,84.375,3.0597723211193535,82.13541666666666,86.6875
lk_galle,9,relative_humidity_2m,2023,87.19027777777778,87.45833333333333,3.2077022691300168,84.8125,90.03125
lk_galle,9,relative_humidity_2m,2024,84.21944444444445,84.72916666666666,2.4626504401343174,82.34375,85.58333333333333
lk_galle,9,relative_humidity_2m,2025,83.43333333333334,82.39583333333333,3.6684719954783875,80.70833333333333,85.98958333333333
lk_galle,9,surface_pressure,2020,1009.7080555555555,1009.8354166666666,0.8053066731396963,1009.2937499999999,1010.2760416666667
lk_galle,9,surface_pressure,2021,1009.4133333333334,1009.3875,0.8768265008789803,1008.825,1010.1177083333333
lk_galle,9,surface_pressure,2022,1010.0147222222222,1010.0208333333333,0.8991593118416447,1009.4708333333333,1010.384375
lk_galle,9,surface_pressure,2023,1010.6083333333332,1010.6416666666667,0.7574249327396174,1010.2572916666667,1011.2427083333333
lk_galle,9,surface_pressure,2024,1009.6080555555557,1009.5916666666667,0.9244516168119873,1008.8916666666667,1010.1364583333334
lk_galle,9,surface_pressure,2025,1009.998888888889,1010.0104166666667,0.7654428116826091,1009.5645833333333,1010.5395833333333
lk_galle,9,cloud_cover,2020,90.52638888888889,95.79166666666666,10.019207387943965,85.20833333333333,98.34375
lk_galle,9,cloud_cover,2021,83.79999999999998,83.66666666666666,12.083082637113995,75.78125,93.63541666666666
lk_galle,9,cloud_cover,2022,75.08611111111112,72.75,18.93384623381154,59.9375,95.08333333333333
lk_galle,9,cloud_cover,2023,88.8486111111111,94.45833333333334,12.834497089220351,86.53125,97.36458333333333
lk_galle,9,cloud_cover,2024,82.9402777777778,85.5,15.569111477533722,72.48958333333333,95.46875
lk_galle,9,cloud_cover,2025,82.80972222222222,84.22916666666667,13.168383796682512,78.07291666666667,93.15625
lk_galle,9,shortwave_radiation,2020,187.47499999999997,195.6875,44.50669452205694,160.80208333333334,220.54166666666666
lk_galle,9,shortwave_radiation,2021,220.14583333333334,224.77083333333331,26.342617920731126,209.40625,236.41666666666669
lk_galle,9,shortwave_radiation,2022,236.00833333333333,245.0,39.262409573987625,224.64583333333334,262.1354166666667
lk_galle,9,shortwave_radiation,2023,179.30972222222223,199.35416666666669,50.00159921213274,151.76041666666669,217.29166666666666
lk_galle,9,shortwave_radiation,2024,225.64722222222224,237.39583333333331,35.704244446841265,209.48958333333331,249.92708333333334
lk_galle,9,shortwave_radiation,2025,227.84444444444446,236.4375,36.31271977553881,212.10416666666666,252.90625
lk_galle,10,temperature_2m,2020,26.728225806451608,26.758333333333336,0.42881283914492563,26.416666666666668,27.06875
lk_galle,10,temperature_2m,2021,26.602688172043017,26.775000000000002,0.6357542804241729,26.027083333333337,27.035416666666663
lk_galle,10,temperature_2m,2022,26.03494623655914,26.170833333333334,0.49015029514217084,25.552083333333336,26.43541666666667
lk_galle,10,temperature_2m,2023,26.073655913978495,26.037499999999998,0.4740406822194104,25.791666666666668,26.420833333333334
lk_galle,10,temperature_2m,2024,26.734005376344086,26.65833333333333,0.7308402197621474,25.989583333333332,27.34166666666667
lk_galle,10,temperature_2m,2025,26.709274193548392,26.712500000000002,0.7263602419017247,26.23333333333333,27.329166666666666
lk_galle,10,precipitation,2020,3.9193548387096784,3.2,4.1268567017233755,1.35,4.65
lk_galle,10,precipitation,2021,8.545161290322582,5.8,9.793529793003726,3.2,8.8
lk_galle,10,precipitation,2022,8.703225806451613,8.0,5.770585404790271,3.5,12.6
lk_galle,10,precipitation,2023,17.18387096774193,17.6,11.313298863850266,8.399999999999999,21.700000000000003
lk_galle,10,precipitation,2024,8.783870967741938,4.9,9.602260038629572,2.1500000000000004,9.9
lk_galle,10,precipitation,2025,9.399999999999999,6.6,10.937245235128145,1.05,14.0
lk_galle,10,wind_speed_10m,2020,3.9577016129032256,3.9475,0.9082419033429655,3.3085416666666667,4.541875
lk_galle,10,wind_speed_10m,2021,3.3047715053763445,3.1925000000000003,1.0053066019249821,2.526875,3.9872916666666667
lk_galle,10,wind_speed_10m,2022,3.5100940860215055,3.4066666666666667,1.4164002351981642,2.593958333333333,4.51625
lk_galle,10,wind_speed_10m,2023,1.7545698924731181,1.5766666666666669,0.47774858378027885,1.46375,1.9641666666666668
lk_galle,10,wind_speed_10m,2024,2.9036559139784943,2.8041666666666667,0.7634760731236949,2.3872916666666666,3.4333333333333336
lk_galle,10,wind_speed_10m,2025,2.863723118279569,2.7112499999999997,0.7734834320291909,2.3179166666666666,3.1550000000000002
lk_galle,10,relative_humidity_2m,2020,84.17741935483869,84.54166666666667,3.879477218472862,80.375,86.8125
lk_galle,10,relative_humidity_2m,2021,84.47043010752688,85.0,3.582464260702606,81.35416666666667,87.10416666666666
lk_galle,10,relative_humidity_2m,2022,86.32258064516128,86.04166666666667,2.5583914158701533,84.0625,88.72916666666666
lk_galle,10,relative_humidity_2m,2023,88.25134408602152,88.54166666666667,2.5174962730986734,87.14583333333333,89.75
lk_galle,10,relative_humidity_2m,2024,85.49059139784946,85.16666666666667,3.5108579870534307,83.04166666666666,88.4375
lk_galle,10,relative_humidity_2m,2025,84.35618279569891,84.20833333333333,3.9316180156555736,81.27083333333334,87.25
lk_galle,10,surface_pressure,2020,1009.3379032258065,1009.3791666666666,0.9549986394931301,1008.6187499999999,1010.2104166666668
lk_galle,10,surface_pressure,2021,1009.5095430107525,1009.5375,1.76777454568864,1008.3270833333333,1010.4437500000001
lk_galle,10,surface_pressure,2022,1010.1345430107525,1010.3208333333333,1.2992007842200721,1008.9124999999999,1011.2333333333333
lk_galle,10,surface_pressure,2023,1011.9016129032257,1011.8791666666666,0.7813617900903187,1011.2583333333333,1012.5999999999999
lk_galle,10,surface_pressure,2024,1010.302688172043,1010.2916666666666,0.7342730314448972,1009.6895833333333,1010.9458333333333
lk_galle,10,surface_pressure,2025,1009.6549731182795,1009.8125,1.6741050744141546,1008.1583333333333,1011.1937499999999
lk_galle,10,cloud_cover,2020,79.08602150537634,83.625,13.693139737335219,68.64583333333334,90.02083333333334
lk_galle,10,cloud_cover,2021,84.41263440860214,88.16666666666667,15.205004791150992,77.02083333333333,96.70833333333334
lk_galle,10,cloud_cover,2022,83.26747311827958,88.875,18.69809721885451,81.9375,96.375
lk_galle,10,cloud_cover,2023,86.61155913978493,93.29166666666667,18.253099011032923,88.6875,98.375
lk_galle,10,cloud_cover,2024,82.12096774193549,88.33333333333333,19.012396525026787,67.875,98.14583333333333
lk_galle,10,cloud_cover,2025,80.18413978494624,89.41666666666667,22.464596050604737,69.83333333333334,98.27083333333333
lk_galle,10,shortwave_radiation,2020,230.78494623655914,236.04166666666666,16.759588524096085,218.625,243.39583333333334
lk_galle,10,shortwave_radiation,2021,200.8239247311828,212.04166666666666,46.97082268803094,171.5625,234.875
lk_galle,10,shortwave_radiation,2022,199.36021505376343,205.91666666666666,42.41643957097455,159.5,227.10416666666669
lk_galle,10,shortwave_radiation,2023,177.53629032258064,191.0,62.37427701460262,141.72916666666669,224.3125
lk_galle,10,shortwave_radiation,2024,195.75806451612905,213.66666666666666,56.60506600659091,161.5,234.02083333333334
lk_galle,10,shortwave_radiation,2025,204.5349462365591,224.625,56.07598092053955,159.5,248.83333333333334
lk_galle,11,temperature_2m,2020,26.59402777777778,26.635416666666664,0.3711079690342358,26.369791666666668,26.820833333333333
lk_galle,11,temperature_2m,2021,26.185555555555553,26.147916666666667,0.5457995880300223,25.76354166666667,26.603125
lk_galle,11,temperature_2m,2022,26.176666666666662,26.19166666666667,0.47442695823205283,25.836458333333333,26.519791666666666
lk_galle,11,temperature_2m,2023,26.308749999999996,26.25625,0.4452123320325591,25.99791666666667,26.658333333333335
lk_galle,11,temperature_2m,2024,26.44097222222222,26.441666666666663,0.593143174815441,26.042708333333334,26.933333333333334
lk_galle,11,temperature_2m,2025,26.229166666666675,26.314583333333335,0.7717115996947618,25.616666666666667,26.615625
lk_galle,11,precipitation,2020,9.613333333333335,4.25,12.530892401094825,2.075,14.95
lk_galle,11,precipitation,2021,10.656666666666668,9.100000000000001,7.611003075553968,4.425,14.75
lk_galle,11,precipitation,2022,7.036666666666667,3.4,9.056507789061595,1.4,9.1
lk_galle,11,precipitation,2023,17.78666666666667,14.4,15.130438226288762,8.575,23.75
lk_galle,11,precipitation,2024,10.313333333333333,7.65,10.787851830945622,3.425,12.6
lk_galle,11,precipitation,2025,18.02333333333333,5.5,24.416397589824093,1.975,29.0
lk_galle,11,wind_speed_10m,2020,1.870875,1.4787499999999998,0.9858357219950463,1.1742708333333334,2.4226041666666664
lk_galle,11,wind_speed_10m,2021,3.1607638888888885,3.564375,1.4199092162920752,1.8788541666666667,4.035833333333333
lk_galle,11,wind_speed_10m,2022,2.1375,2.0235416666666666,0.8784220030926145,1.3244791666666667,2.9883333333333333
lk_galle,11,wind_speed_10m,2023,1.496097222222222,1.4441666666666664,0.4292982094373532,1.1505208333333332,1.6716666666666666
lk_galle,11,wind_speed_10m,2024,2.428541666666667,1.6722916666666667,1.813650657842499,1.3055208333333335,2.909791666666667
lk_galle,11,wind_speed_10m,2025,2.9972777777777777,2.45125,1.7687323328569935,1.7809374999999998,3.7693749999999997
lk_galle,11,relative_humidity_2m,2020,84.43333333333335,84.6875,2.459260978299571,82.66666666666667,86.19791666666666
lk_galle,11,relative_humidity_2m,2021,85.50416666666666,86.5,3.8937848047065957,83.26041666666667,88.65625
lk_galle,11,relative_humidity_2m,2022,84.1,85.27083333333334,4.15219613681973,80.63541666666666,87.0625
lk_galle,11,relative_humidity_2m,2023,87.68472222222222,88.10416666666667,2.6930644597830584,86.34375,89.91666666666667
lk_galle,11,relative_humidity_2m,2024,85.65833333333332,85.79166666666667,3.4144827615226916,83.71875,88.64583333333333
lk_galle,11,relative_humidity_2m,2025,84.04444444444444,84.125,4.956635869651587,82.52083333333333,87.51041666666667
lk_galle,11,surface_pressure,2020,1010.2156944444446,1010.28125,1.076165324082401,1009.4031249999999,1011.1416666666668
lk_galle,11,surface_pressure,2021,1008.9926388888888,1008.8895833333333,1.09871577079208,1008.31875,1009.8718749999999
lk_galle,11,surface_pressure,2022,1010.2976388888889,1010.1979166666666,0.8672996440523998,1009.7802083333333,1010.8739583333333
lk_galle,11,surface_pressure,2023,1010.7444444444446,1011.0229166666667,0.9492172196818057,1010.09375,1011.4895833333333
lk_galle,11,surface_pressure,2024,1009.1341666666667,1009.5291666666667,1.546618097111944,1008.4739583333334,1009.7083333333334
lk_galle,11,surface_pressure,2025,1010.6212500000001,1010.9458333333333,1.291460564758239,1010.4666666666667,1011.3260416666667
lk_galle,11,cloud_cover,2020,81.12638888888888,82.5,17.362684737111714,68.97916666666667,97.59375
lk_galle,11,cloud_cover,2021,85.33750000000002,88.5625,14.528667451678283,76.44791666666666,98.97916666666667
lk_galle,11,cloud_cover,2022,81.3,88.20833333333334,19.86895646566479,70.61458333333333,96.97916666666667
lk_galle,11,cloud_cover,2023,87.51944444444446,91.3125,12.320063794596901,80.08333333333333,97.95833333333333
lk_galle,11,cloud_cover,2024,79.16805555555555,91.0625,23.899628185614105,58.875,98.65625
lk_galle,11,cloud_cover,2025,81.14722222222221,85.22916666666667,19.626297127903314,73.19791666666667,98.77083333333333
lk_galle,11,shortwave_radiation,2020,209.97361111111107,216.72916666666669,33.457809044097466,204.01041666666669,228.35416666666666
lk_galle,11,shortwave_radiation,2021,175.15694444444446,185.375,48.44201722643429,133.10416666666666,211.10416666666666
lk_galle,11,shortwave_radiation,2022,198.0472222222222,211.89583333333334,50.59808687366138,168.04166666666669,235.8125
lk_galle,11,shortwave_radiation,2023,173.19999999999996,185.16666666666666,55.6997193926635,156.79166666666666,219.01041666666669
lk_galle,11,shortwave_radiation,2024,178.8916666666667,173.85416666666669,58.32645649120066,138.13541666666666,226.71875
lk_galle,11,shortwave_radiation,2025,176.4902777777778,194.75,61.3463895587455,137.9375,226.1875
lk_galle,12,temperature_2m,2020,26.252150537634407,26.2,0.4719809894061547,25.90833333333333,26.61875
lk_galle,12,temperature_2m,2021,26.23575268817204,26.28333333333333,0.3482957419135724,26.12291666666667,26.483333333333334
lk_galle,12,temperature_2m,2022,25.835215053763438,25.895833333333332,0.5113422319114673,25.614583333333336,26.139583333333334
lk_galle,12,temperature_2m,2023,26.67016129032258,26.474999999999998,0.5501200382203992,26.258333333333333,27.120833333333337
lk_galle,12,temperature_2m,2024,26.796774193548384,26.733333333333334,0.35614595569270824,26.535416666666663,27.045833333333334
lk_galle,12,temperature_2m,2025,26.039516129032258,26.058333333333334,0.2939609584648156,25.891666666666666,26.18541666666667
lk_galle,12,precipitation,2020,5.738709677419355,2.3,7.884063141103275,0.9000000000000001,6.750000000000001
lk_galle,12,precipitation,2021,4.158064516129032,2.3000000000000003,4.878098959878283,1.1,5.1
lk_galle,12,precipitation,2022,8.216129032258063,3.5999999999999996,14.103311591589485,1.25,8.15
lk_galle,12,precipitation,2023,14.874193548387094,8.3,20.79023757667583,3.5,16.1
lk_galle,12,precipitation,2024,3.148387096774194,1.0,4.685429255876985,0.15000000000000002,3.75
lk_galle,12,precipitation,2025,3.9064516129032247,2.0,5.589152319977868,0.65,4.95
lk_galle,12,wind_speed_10m,2020,1.7554704301075266,1.3933333333333333,1.0821470360636258,1.2293749999999999,1.5789583333333335
lk_galle,12,wind_speed_10m,2021,1.3336693548387097,1.3816666666666666,0.2634273175145342,1.0922916666666667,1.5360416666666667
lk_galle,12,wind_speed_10m,2022,2.2549327956989247,1.5679166666666668,1.2936917641964416,1.2925,3.036666666666666
lk_galle,12,wind_speed_10m,2023,1.696478494623656,1.3058333333333334,0.9315418622846583,1.0910416666666667,1.90875
lk_galle,12,wind_speed_10m,2024,2.1649327956989244,2.009583333333333,0.8922662126157346,1.4229166666666666,2.729375
lk_galle,12,wind_speed_10m,2025,1.4096639784946237,1.3379166666666666,0.5504866367688241,1.1102083333333335,1.433125
lk_galle,12,relative_humidity_2m,2020,83.97715053763442,83.66666666666667,2.9639781573627997,82.02083333333333,85.9375
lk_galle,12,relative_humidity_2m,2021,84.0241935483871,85.125,3.369470336191655,83.0,86.0
lk_galle,12,relative_humidity_2m,2022,84.50000000000001,85.29166666666667,3.0896706644584015,81.72916666666666,86.54166666666666
lk_galle,12,relative_humidity_2m,2023,85.81451612903226,86.25,3.0891806175253245,83.5625,88.1875
lk_galle,12,relative_humidity_2m,2024,82.81048387096774,82.33333333333333,3.246255654840364,80.97916666666666,85.04166666666667
lk_galle,12,relative_humidity_2m,2025,85.33736559139784,85.54166666666667,1.7432526948735765,84.20833333333334,86.08333333333333
lk_galle,12,surface_pressure,2020,1010.054435483871,1010.1583333333333,1.0478902611450354,1009.3875,1010.8812499999999
lk_galle,12,surface_pressure,2021,1011.3461021505377,1011.3208333333333,0.8008227362894704,1010.7604166666667,1011.8687500000001
lk_galle,12,surface_pressure,2022,1009.8174731182794,1009.4916666666667,2.34937157164651,1008.0625,1010.83125
lk_galle,12,surface_pressure,2023,1010.5586021505376,1010.7291666666666,0.9983220502770136,1009.95625,1011.0250000000001
lk_galle,12,surface_pressure,2024,1009.8677419354838,1009.75,1.304398704837883,1009.275,1010.34375
lk_galle,12,surface_pressure,2025,1010.5221774193549,1010.5500000000001,0.7194152614443334,1010.0625,1010.8062499999999
lk_galle,12,cloud_cover,2020,72.19220430107528,75.70833333333333,21.753662626424017,60.625,89.91666666666667
lk_galle,12,cloud_cover,2021,58.32258064516129,53.833333333333336,24.284699705471883,43.8125,74.58333333333334
lk_galle,12,cloud_cover,2022,77.97983870967744,85.83333333333333,22.982324808083042,60.625,99.375
lk_galle,12,cloud_cover,2023,81.78360215053763,82.95833333333333,17.040370839604822,71.6875,96.4375
lk_galle,12,cloud_cover,2024,72.30241935483872,80.375,23.56942554116459,63.708333333333336,89.625
lk_galle,12,cloud_cover,2025,71.06451612903226,71.33333333333333,21.485702176070607,51.20833333333333,93.22916666666666
lk_galle,12,shortwave_radiation,2020,202.07123655913978,217.75,51.18452139792622,188.9375,243.02083333333334
lk_galle,12,shortwave_radiation,2021,214.15456989247315,226.66666666666666,44.25389472495455,203.83333333333331,237.10416666666669
lk_galle,12,shortwave_radiation,2022,186.28629032258064,198.33333333333334,55.86363682401545,178.14583333333331,231.89583333333334
lk_galle,12,shortwave_radiation,2023,174.70967741935485,178.125,47.33890749146061,137.72916666666669,212.22916666666669
lk_galle,12,shortwave_radiation,2024,213.39112903225808,221.29166666666666,32.843712539921825,195.20833333333331,233.9375
lk_galle,12,shortwave_radiation,2025,209.1962365591398,226.45833333333334,42.491690627714895,191.9375,236.95833333333334
lk_jaffna,1,temperature_2m,2020,26.32540322580645,26.454166666666666,0.5301842303391887,25.902083333333337,26.70625
lk_jaffna,1,temperature_2m,2021,25.73575268817204,25.708333333333332,0.3474656494372201,25.5625,25.99791666666667
lk_jaffna,1,temperature_2m,2022,26.181182795698923,26.25,0.5418321018387844,25.910416666666663,26.4625
lk_jaffna,1,temperature_2m,2023,25.37728494623656,25.425,0.4159074175679638,25.052083333333336,25.71875
lk_jaffna,1,temperature_2m,2024,26.505645161290325,26.55,0.4252607429825874,26.275,26.831249999999997
lk_jaffna,1,temperature_2m,2025,25.768682795698926,25.883333333333336,0.3642691042165647,25.4375,26.041666666666668
lk_jaffna,1,precipitation,2020,0.22903225806451616,0.0,0.4428645755285294,0.0,0.15000000000000002
lk_jaffna,1,precipitation,2021,11.48709677419355,2.4,22.392167409393902,0.0,10.65
lk_jaffna,1,precipitation,2022,1.3903225806451613,0.0,3.790545680919804,0.0,1.5
lk_jaffna,1,precipitation,2023,1.8709677419354844,0.0,4.812843480271449,0.0,1.15
lk_jaffna,1,precipitation,2024,1.467741935483871,0.2,2.6939917219341014,0.0,1.55
lk_jaffna,1,precipitation,2025,3.2838709677419353,0.4,9.419734489329429,0.0,2.1
lk_jaffna,1,wind_speed_10m,2020,5.449650537634408,5.222916666666666,1.2449464610716745,4.461458333333334,6.475624999999999
lk_jaffna,1,wind_speed_10m,2021,5.591814516129032,5.58875,1.348284225810454,4.800625,6.3845833333333335
lk_jaffna,1,wind_speed_10m,2022,5.345631720430108,5.258333333333334,1.5605478726583248,4.035,6.525833333333333
lk_jaffna,1,wind_speed_10m,2023,6.056357526881722,6.007916666666667,0.9276208988773647,5.492916666666666,6.4191666666666665
lk_jaffna,1,wind_speed_10m,2024,5.157540322580645,5.005,1.111935834660987,4.272916666666666,6.299791666666668
lk_jaffna,1,wind_speed_10m,2025,6.386129032258064,6.4941666666666675,1.040374321622749,5.597083333333333,6.999583333333333
lk_jaffna,1,relative_humidity_2m,2020,75.11021505376345,74.45833333333333,6.676351891702527,71.29166666666667,80.6875
lk_jaffna,1,relative_humidity_2m,2021,80.80913978494624,83.58333333333333,9.015256963850408,74.54166666666666,87.79166666666666
lk_jaffna,1,relative_humidity_2m,2022,77.24059139784949,75.79166666666667,5.7669407216251445,73.58333333333334,82.33333333333333
lk_jaffna,1,relative_humidity_2m,2023,73.49059139784947,73.33333333333333,6.204768828301686,69.02083333333333,77.22916666666666
lk_jaffna,1,relative_humidity_2m,2024,77.03360215053763,77.83333333333333,7.1165676170152965,71.16666666666666,82.0
lk_jaffna,1,relative_humidity_2m,2025,77.18817204301075,77.04166666666667,7.329851374811224,72.14583333333334,83.33333333333334
lk_jaffna,1,surface_pressure,2020,1011.8384408602152,1011.7583333333333,0.7863223923552218,1011.2645833333333,1012.3312500000001
lk_jaffna,1,surface_pressure,2021,1009.9810483870966,1010.0958333333333,1.2773004114534483,1009.0062500000001,1011.1937500000001
lk_jaffna,1,surface_pressure,2022,1010.9865591397851,1010.9416666666666,1.3986425750946334,1010.1812500000001,1012.2479166666667
lk_jaffna,1,surface_pressure,2023,1011.858198924731,1012.0166666666668,1.6422934801218272,1010.7708333333333,1013.0895833333334
lk_jaffna,1,surface_pressure,2024,1012.1081989247311,1011.9583333333334,1.2058012185075906,1011.0687499999999,1012.8770833333333
lk_jaffna,1,surface_pressure,2025,1010.7127688172043,1010.6333333333333,0.9666055628939069,1009.7437500000001,1011.5541666666668
lk_jaffna,1,cloud_cover,2020,39.63844086021505,35.666666666666664,21.24523744859802,24.208333333333336,56.83333333333333
lk_jaffna,1,cloud_cover,2021,73.25940860215053,79.54166666666667,23.72687643732153,64.72916666666666,92.33333333333333
lk_jaffna,1,cloud_cover,2022,44.770161290322584,45.833333333333336,25.02084286466592,23.6875,66.29166666666666
lk_jaffna,1,cloud_cover,2023,65.75000000000001,69.625,23.351741250802785,48.8125,85.72916666666666
lk_jaffna,1,cloud_cover,2024,54.618279569892465,50.083333333333336,27.07423372084771,34.66666666666667,74.22916666666667
lk_jaffna,1,cloud_cover,2025,74.33333333333334,77.70833333333333,19.35011843202344,65.54166666666667,88.41666666666666
lk_jaffna,1,shortwave_radiation,2020,222.62768817204307,218.45833333333334,27.100417550689965,205.0,249.04166666666669
lk_jaffna,1,shortwave_radiation,2021,174.3978494623656,192.54166666666666,60.116987452850736,136.95833333333334,219.0625
lk_jaffna,1,shortwave_radiation,2022,216.3454301075269,225.08333333333334,38.06096047416891,197.375,240.3125
lk_jaffna,1,shortwave_radiation,2023,200.23118279569897,206.29166666666666,44.145825584276075,194.75,228.8125
lk_jaffna,1,shortwave_radiation,2024,204.75,221.58333333333334,44.051079095119164,183.54166666666669,240.10416666666666
lk_jaffna,1,shortwave_radiation,2025,180.58467741935485,195.83333333333334,40.5452557562154,162.77083333333331,206.29166666666669
lk_jaffna,2,temperature_2m,2020,26.867559523809522,26.902083333333337,0.3401263025340509,26.596874999999997,27.175
lk_jaffna,2,temperature_2m,2021,25.78675595238095,25.775000000000002,0.5022122530191782,25.490625,26.151041666666668
lk_jaffna,2,temperature_2m,2022,26.19568452380952,26.33125,0.5639099637355032,25.80625,26.671875
lk_jaffna,2,temperature_2m,2023,25.710863095238096,25.785416666666663,0.5322741451003682,25.235416666666666,26.086458333333336
lk_jaffna,2,temperature_2m,2024,27.554315476190478,27.53125,0.4433775999882829,27.392708333333335,27.801041666666666
lk_jaffna,2,temperature_2m,2025,26.434375,26.43125,0.54827711938391,26.032291666666666,26.76354166666667
lk_jaffna,2,precipitation,2020,0.2571428571428572,0.0,0.8946046391101828,0.0,0.0
lk_jaffna,2,precipitation,2021,0.6678571428571428,0.0,1.429595532394875,0.0,0.0
lk_jaffna,2,precipitation,2022,4.417857142857143,0.0,12.631707710461784,0.0,1.225
lk_jaffna,2,precipitation,2023,4.157142857142857,0.0,12.061122992105165,0.0,0.4
lk_jaffna,2,precipitation,2024,0.28214285714285714,0.0,0.512115128425147,0.0,0.30000000000000004
lk_jaffna,2,precipitation,2025,1.4214285714285713,0.0,3.8549013671253056,0.0,0.22500000000000003
lk_jaffna,2,wind_speed_10m,2020,5.9070833333333335,5.649791666666667,0.9966395504486655,5.1890624999999995,6.3703125
lk_jaffna,2,wind_speed_10m,2021,5.533214285714287,5.757291666666666,1.4911366086004745,4.684166666666666,6.374791666666667
lk_jaffna,2,wind_speed_10m,2022,5.205238095238095,5.623958333333333,1.1572650806670082,4.595416666666667,5.990208333333333
lk_jaffna,2,wind_speed_10m,2023,5.345729166666667,4.951041666666667,1.180090401962063,4.6278125,6.041145833333334
lk_jaffna,2,wind_speed_10m,2024,5.604702380952381,5.7475000000000005,1.1563072133389272,4.601770833333333,6.504791666666667
lk_jaffna,2,wind_speed_10m,2025,5.072306547619048,4.89375,1.2191729137611926,4.166666666666667,5.703958333333333
lk_jaffna,2,relative_humidity_2m,2020,70.65476190476191,70.625,5.639742422435338,66.20833333333333,74.71875
lk_jaffna,2,relative_humidity_2m,2021,73.2797619047619,73.85416666666666,6.266273640063731,69.42708333333333,75.98958333333333
lk_jaffna,2,relative_humidity_2m,2022,73.63988095238096,73.35416666666666,6.922959489430705,68.5,78.26041666666667
lk_jaffna,2,relative_humidity_2m,2023,75.95684523809523,75.375,7.489331250525639,70.66666666666666,81.38541666666667
lk_jaffna,2,relative_humidity_2m,2024,74.85714285714286,74.29166666666666,3.2036788542327717,72.83333333333334,76.67708333333334
lk_jaffna,2,relative_humidity_2m,2025,74.80654761904762,72.875,6.18430716647675,70.3125,77.64583333333333
lk_jaffna,2,surface_pressure,2020,1012.2145833333334,1012.5999999999999,1.0326314945313069,1011.6239583333333,1012.95625
lk_jaffna,2,surface_pressure,2021,1011.259375,1011.2145833333334,1.1939784970809937,1010.7552083333333,1012.0718750000001
lk_jaffna,2,surface_pressure,2022,1010.2431547619046,1010.0416666666666,1.6785460951907853,1009.1385416666667,1011.803125
lk_jaffna,2,surface_pressure,2023,1011.4040178571429,1011.64375,1.6003614408748046,1010.1781249999999,1012.2010416666666
lk_jaffna,2,surface_pressure,2024,1012.4430059523809,1012.6645833333334,1.5678810853186345,1011.1177083333333,1013.8041666666667
lk_jaffna,2,surface_pressure,2025,1011.5044642857143,1011.4375,0.8847428834812324,1010.7750000000001,1012.1916666666667
lk_jaffna,2,cloud_cover,2020,46.06845238095237,44.35416666666667,21.900181609111186,28.333333333333332,62.21875
lk_jaffna,2,cloud_cover,2021,44.01190476190475,42.75,22.92309634028494,33.02083333333333,55.71875
lk_jaffna,2,cloud_cover,2022,51.41220238095239,48.89583333333333,33.732798045860235,19.71875,86.45833333333333
lk_jaffna,2,cloud_cover,2023,43.89732142857144,34.29166666666667,27.16576127529872,22.520833333333336,63.020833333333336
lk_jaffna,2,cloud_cover,2024,40.14880952380952,36.16666666666667,20.616271780089704,24.302083333333332,51.53125
lk_jaffna,2,cloud_cover,2025,37.09970238095239,33.75,25.778736460675592,14.96875,46.11458333333333
lk_jaffna,2,shortwave_radiation,2020,250.92559523809524,252.64583333333334,18.432292394728062,243.27083333333334,260.1458333333333
lk_jaffna,2,shortwave_radiation,2021,242.7633928571429,248.6875,33.698245742895715,213.28125,266.25
lk_jaffna,2,shortwave_radiation,2022,231.4985119047619,256.5625,61.14861063491222,220.92708333333334,269.3541666666667
lk_jaffna,2,shortwave_radiation,2023,238.50000000000003,251.35416666666669,55.05281671813735,232.91666666666666,271.0729166666667
lk_jaffna,2,shortwave_radiation,2024,248.44494047619045,251.20833333333334,18.348944859731354,235.21875,260.6041666666667
lk_jaffna,2,shortwave_radiation,2025,250.54910714285717,255.64583333333334,28.738819738739267,233.25,272.1354166666667
lk_jaffna,3,temperature_2m,2020,27.897446236559137,28.008333333333336,0.5212650182348361,27.691666666666666,28.33958333333333
lk_jaffna,3,temperature_2m,2021,27.85282258064516,27.825,0.7487353435596182,27.429166666666667,28.37916666666667
lk_jaffna,3,temperature_2m,2022,27.831854838709678,27.266666666666666,1.0146168705312106,27.012500000000003,28.864583333333336
lk_jaffna,3,temperature_2m,2023,27.679032258064517,27.47083333333333,0.780117129642574,27.05,28.512499999999996
lk_jaffna,3,temperature_2m,2024,28.398655913978494,28.375,0.5994667644935603,27.914583333333333,28.852083333333333
lk_jaffna,3,temperature_2m,2025,27.921908602150538,27.8875,0.7563993713380346,27.393749999999997,28.587500000000002
lk_jaffna,3,precipitation,2020,0.04516129032258064,0.0,0.15457190274522592,0.0,0.0
lk_jaffna,3,precipitation,2021,0.1806451612903226,0.0,0.48056865956816175,0.0,0.05
lk_jaffna,3,precipitation,2022,0.6000000000000001,0.1,1.312757911167681,0.0,0.75
lk_jaffna,3,precipitation,2023,0.7064516129032259,0.1,1.2066304277811462,0.0,0.75
lk_jaffna,3,precipitation,2024,0.1709677419354839,0.0,0.40922165826285134,0.0,0.0
lk_jaffna,3,precipitation,2025,1.7580645161290323,0.0,6.0039306121655756,0.0,0.6500000000000001
lk_jaffna,3,wind_speed_10m,2020,4.419959677419355,4.4025,0.7601457230759333,3.837708333333333,5.043333333333333
lk_jaffna,3,wind_speed_10m,2021,4.5725,4.597083333333333,1.0838600215416638,4.024791666666667,5.023125
lk_jaffna,3,wind_speed_10m,2022,4.915456989247312,4.876666666666666,1.6727194859401757,3.9514583333333335,5.916875
lk_jaffna,3,wind_speed_10m,2023,4.587997311827957,4.244166666666667,1.306479119633693,3.5664583333333333,5.857291666666666
lk_jaffna,3,wind_speed_10m,2024,4.270470430107527,4.410416666666666,0.719802681150133,3.7489583333333334,4.614375
lk_jaffna,3,wind_speed_10m,2025,3.8178360215053764,3.61375,1.31921659912586,2.951458333333334,4.531041666666667
lk_jaffna,3,relative_humidity_2m,2020,71.75806451612904,71.375,2.6387957444417913,70.39583333333333,73.95833333333334
lk_jaffna,3,relative_humidity_2m,2021,73.11827956989248,73.08333333333333,4.110244326428669,71.1875,75.27083333333334
lk_jaffna,3,relative_humidity_2m,2022,76.70430107526882,76.70833333333333,2.830581891956649,74.91666666666666,78.0625
lk_jaffna,3,relative_humidity_2m,2023,76.54704301075266,77.16666666666667,3.1461458993998717,75.35416666666666,78.5625
lk_jaffna,3,relative_humidity_2m,2024,73.97043010752688,73.70833333333333,2.1887547604594024,72.10416666666666,75.1875
lk_jaffna,3,relative_humidity_2m,2025,76.96505376344084,77.875,5.5357330051602505,74.125,79.72916666666666
lk_jaffna,3,surface_pressure,2020,1010.2690860215055,1010.2208333333333,0.8276205393587327,1009.6416666666667,1010.8291666666667
lk_jaffna,3,surface_pressure,2021,1009.7303763440862,1009.75,1.909967214653533,1008.3187499999999,1011.5458333333333
lk_jaffna,3,surface_pressure,2022,1008.1913978494623,1008.4250000000001,1.5353568077748037,1006.8291666666667,1009.2458333333333
lk_jaffna,3,surface_pressure,2023,1010.2065860215056,1009.4,2.3266717342634275,1008.4958333333334,1011.6312499999999
lk_jaffna,3,surface_pressure,2024,1010.8348118279571,1010.7541666666666,1.0291669750264285,1010.3499999999999,1011.2645833333333
lk_jaffna,3,surface_pressure,2025,1009.5552419354838,1009.7166666666667,1.4874038903521094,1008.6270833333333,1010.1416666666667
lk_jaffna,3,cloud_cover,2020,48.13306451612903,42.375,27.265425084122953,26.895833333333332,66.16666666666667
lk_jaffna,3,cloud_cover,2021,40.34005376344086,30.291666666666668,25.82079466489447,18.770833333333332,56.9375
lk_jaffna,3,cloud_cover,2022,48.45967741935483,37.875,32.43588312867275,20.0,79.97916666666666
lk_jaffna,3,cloud_cover,2023,47.02688172043011,43.041666666666664,26.362647511983678,26.729166666666664,74.64583333333334
lk_jaffna,3,cloud_cover,2024,32.37096774193548,23.625,25.728956600219174,13.770833333333332,44.125
lk_jaffna,3,cloud_cover,2025,42.16801075268817,25.041666666666668,34.15048987615496,16.083333333333332,83.16666666666667
lk_jaffna,3,shortwave_radiation,2020,274.50940860215053,282.5833333333333,25.152842297782353,267.5,289.39583333333337
lk_jaffna,3,shortwave_radiation,2021,270.4758064516129,268.0416666666667,21.813280056606732,258.75,286.5625
lk_jaffna,3,shortwave_radiation,2022,263.43413978494624,273.7916666666667,33.83026767411147,259.45833333333337,285.10416666666663
lk_jaffna,3,shortwave_radiation,2023,261.244623655914,261.3333333333333,14.748492319114431,249.58333333333331,270.70833333333337
lk_jaffna,3,shortwave_radiation,2024,284.61155913978496,290.5416666666667,17.47727488470271,275.89583333333337,296.91666666666663
lk_jaffna,3,shortwave_radiation,2025,264.89112903225805,267.125,42.84116157040229,257.5833333333333,293.1875
lk_jaffna,4,temperature_2m,2020,29.491388888888885,29.59166666666667,0.4982115203699873,29.109375,29.873958333333334
lk_jaffna,4,temperature_2m,2021,28.86555555555555,29.089583333333334,0.6827811174003109,28.66770833333333,29.340625000000003
lk_jaffna,4,temperature_2m,2022,28.475277777777773,28.677083333333336,0.8684993424973116,28.108333333333334,29.007291666666664
lk_jaffna,4,temperature_2m,2023,29.140138888888888,29.125,0.6984061659045087,28.83020833333333,29.86875
lk_jaffna,4,temperature_2m,2024,30.22861111111111,30.247916666666665,0.5697061122003312,29.776041666666668,30.765625
lk_jaffna,4,temperature_2m,2025,29.224444444444444,29.354166666666668,0.6570259582649467,28.947916666666668,29.801041666666666
lk_jaffna,4,precipitation,2020,0.5,0.05,0.9727316672915117,0.0,0.375
lk_jaffna,4,precipitation,2021,1.663333333333333,0.30000000000000004,4.619485217874489,0.0,0.975
lk_jaffna,4,precipitation,2022,5.756666666666667,1.05,11.428539090676745,0.42500000000000004,5.975
lk_jaffna,4,precipitation,2023,1.8866666666666665,0.35000000000000003,3.5858662526102663,0.1,1.175
lk_jaffna,4,precipitation,2024,0.6433333333333333,0.15000000000000002,1.1309694752834791,0.0,0.8
lk_jaffna,4,precipitation,2025,1.5999999999999994,0.6000000000000001,2.5130006792265505,0.2,2.0
lk_jaffna,4,wind_speed_10m,2020,3.946305555555555,3.925,0.7483196592500954,3.373854166666667,4.2924999999999995
lk_jaffna,4,wind_speed_10m,2021,4.880541666666667,4.418958333333333,1.887145069360409,3.2591666666666668,5.958333333333334
lk_jaffna,4,wind_speed_10m,2022,3.8748055555555556,3.2066666666666666,1.5668735600019568,2.756145833333333,4.866041666666667
lk_jaffna,4,wind_speed_10m,2023,4.117444444444444,3.8866666666666667,1.0807471769145105,3.458333333333333,4.800104166666666
lk_jaffna,4,wind_speed_10m,2024,3.9847361111111113,3.8758333333333335,0.9879316584287267,3.3022916666666666,4.896041666666666
lk_jaffna,4,wind_speed_10m,2025,4.6191249999999995,4.234999999999999,1.83240028291177,3.1303124999999996,6.366875
lk_jaffna,4,relative_humidity_2m,2020,74.24027777777778,74.14583333333334,2.3327606884885004,72.33333333333333,76.0625
lk_jaffna,4,relative_humidity_2m,2021,77.14583333333331,77.5625,2.996460835438063,75.91666666666667,78.6875
lk_jaffna,4,relative_humidity_2m,2022,79.60277777777779,79.85416666666667,3.4443393878429336,78.25,81.6875
lk_jaffna,4,relative_humidity_2m,2023,76.13333333333334,75.25,3.674909100447483,73.40625,77.75
lk_jaffna,4,relative_humidity_2m,2024,75.10694444444445,75.16666666666667,3.07366228209824,73.41666666666667,77.65625
lk_jaffna,4,relative_humidity_2m,2025,76.49027777777778,76.41666666666667,2.6631550903245067,74.9375,77.78125
lk_jaffna,4,surface_pressure,2020,1009.3052777777776,1009.21875,0.8628667062448623,1008.6645833333333,1009.93125
lk_jaffna,4,surface_pressure,2021,1008.4163888888887,1008.4875,1.4127315755195635,1007.7687500000001,1009.3604166666667
lk_jaffna,4,surface_pressure,2022,1007.5838888888889,1006.9708333333333,1.6169361271663885,1006.4895833333333,1008.690625
lk_jaffna,4,surface_pressure,2023,1008.2280555555556,1008.1333333333334,1.7423251014834378,1007.4520833333333,1009.1135416666666
lk_jaffna,4,surface_pressure,2024,1007.4519444444445,1007.5083333333333,1.2924032629659767,1006.2520833333333,1008.6270833333333
lk_jaffna,4,surface_pressure,2025,1007.6856944444444,1007.5395833333334,1.0279526457586146,1006.8916666666667,1008.1416666666667
lk_jaffna,4,cloud_cover,2020,38.162499999999994,28.583333333333336,28.374170515497514,13.1875,63.677083333333336
lk_jaffna,4,cloud_cover,2021,39.20694444444443,27.583333333333332,27.601253605419387,18.5625,55.25
lk_jaffna,4,cloud_cover,2022,53.82916666666666,56.9375,29.368012640068155,25.71875,75.22916666666667
lk_jaffna,4,cloud_cover,2023,36.98611111111111,18.479166666666664,33.442177418996316,10.947916666666666,65.08333333333333
lk_jaffna,4,cloud_cover,2024,53.21805555555555,52.97916666666667,26.686551232458473,31.260416666666664,74.97916666666667
lk_jaffna,4,cloud_cover,2025,49.786111111111104,44.8125,27.784128967409615,26.270833333333332,76.8125
lk_jaffna,4,shortwave_radiation,2020,272.25416666666666,270.3958333333333,18.705097414896468,265.6979166666667,279.35416666666663
lk_jaffna,4,shortwave_radiation,2021,267.59583333333336,277.83333333333337,35.39528622736166,262.0208333333333,288.8125
lk_jaffna,4,shortwave_radiation,2022,242.75555555555553,254.64583333333331,50.08077973357505,232.875,269.5625
lk_jaffna,4,shortwave_radiation,2023,269.3333333333333,272.6666666666667,27.42945715342906,257.375,288.29166666666663
lk_jaffna,4,shortwave_radiation,2024,276.775,277.1041666666667,16.539383220604318,264.34375,290.7708333333333
lk_jaffna,4,shortwave_radiation,2025,258.7291666666667,266.6041666666667,30.76649276967954,249.80208333333331,279.21875
lk_jaffna,5,temperature_2m,2020,29.95430107526882,29.895833333333332,0.6490800861095578,29.67291666666667,30.397916666666667
lk_jaffna,5,temperature_2m,2021,29.0130376344086,28.96666666666667,0.5482619232624154,28.52916666666667,29.354166666666664
lk_jaffna,5,temperature_2m,2022,29.331586021505373,29.05,0.6746018837899163,28.758333333333333,30.081250000000004
lk_jaffna,5,temperature_2m,2023,29.08736559139785,29.3875,0.8075321658762156,28.989583333333332,29.50208333333333
lk_jaffna,5,temperature_2m,2024,29.623655913978492,29.587500000000002,1.3022356075834758,28.739583333333336,30.439583333333335
lk_jaffna,5,temperature_2m,2025,29.74220430107527,29.8125,0.5717184357992455,29.64166666666667,30.06041666666667
lk_jaffna,5,precipitation,2020,0.7451612903225806,0.1,1.9153483076936544,0.0,0.45
lk_jaffna,5,precipitation,2021,2.690322580645161,1.7999999999999998,2.9891308478898093,0.1,3.9000000000000004
lk_jaffna,5,precipitation,2022,0.9580645161290322,0.4,1.9369691433695047,0.0,0.75
lk_jaffna,5,precipitation,2023,4.0677419354838715,0.0,9.439469868475106,0.0,1.4500000000000002
lk_jaffna,5,precipitation,2024,7.212903225806451,1.7000000000000002,10.535392476014167,0.0,12.95
lk_jaffna,5,precipitation,2025,2.1193548387096777,0.2,4.966515838079294,0.0,1.4
lk_jaffna,5,wind_speed_10m,2020,5.555913978494624,5.202916666666667,3.000773691551764,3.0252083333333335,8.457708333333333
lk_jaffna,5,wind_speed_10m,2021,6.485094086021506,6.862916666666667,2.7445153760577776,3.6210416666666667,8.524583333333334
lk_jaffna,5,wind_speed_10m,2022,7.951182795698925,8.66375,2.2958154569196503,6.204791666666666,9.666458333333333
lk_jaffna,5,wind_speed_10m,2023,6.610120967741937,6.759583333333333,2.392222387995947,4.659375,8.485208333333333
lk_jaffna,5,wind_speed_10m,2024,5.816827956989246,6.5633333333333335,2.729764424947851,3.2625,7.68375
lk_jaffna,5,wind_speed_10m,2025,7.177620967741936,6.605416666666667,2.212537714664818,5.433958333333333,8.5775
lk_jaffna,5,relative_humidity_2m,2020,76.48655913978494,76.75,2.6369961142502825,75.20833333333334,78.0
lk_jaffna,5,relative_humidity_2m,2021,77.98924731182794,78.45833333333333,2.611782591155848,76.125,80.27083333333334
lk_jaffna,5,relative_humidity_2m,2022,78.2755376344086,78.54166666666667,1.4156727485347187,77.83333333333334,79.125
lk_jaffna,5,relative_humidity_2m,2023,80.99596774193549,80.33333333333333,2.3735218313952626,79.35416666666666,81.91666666666666
lk_jaffna,5,relative_humidity_2m,2024,80.07392473118277,81.16666666666667,4.55991123509258,75.39583333333333,83.08333333333334
lk_jaffna,5,relative_humidity_2m,2025,76.98790322580645,77.125,1.9754334249092034,76.04166666666667,77.70833333333334
lk_jaffna,5,surface_pressure,2020,1006.0163978494625,1006.7541666666666,2.0504468052730798,1005.0645833333333,1007.5895833333334
lk_jaffna,5,surface_pressure,2021,1006.1907258064516,1006.3249999999999,1.1594337846619522,1005.3791666666666,1007.01875
lk_jaffna,5,surface_pressure,2022,1004.5727150537637,1004.5416666666666,1.6472848166073397,1003.7958333333333,1006.0041666666666
lk_jaffna,5,surface_pressure,2023,1007.4049731182794,1007.1291666666666,1.326297154777853,1006.4562500000001,1008.5374999999999
lk_jaffna,5,surface_pressure,2024,1004.7536290322582,1004.9250000000001,2.253802533213964,1002.9229166666667,1006.8375000000001
lk_jaffna,5,surface_pressure,2025,1005.037634408602,1005.0208333333334,1.5427291698536674,1003.8083333333333,1006.3187499999999
lk_jaffna,5,cloud_cover,2020,72.06989247311827,76.0,25.381438216026655,53.85416666666667,93.625
lk_jaffna,5,cloud_cover,2021,74.38978494623656,86.70833333333333,26.671153156415098,53.541666666666664,98.77083333333333
lk_jaffna,5,cloud_cover,2022,64.10215053763442,64.625,24.123924939368525,46.77083333333333,83.10416666666667
lk_jaffna,5,cloud_cover,2023,65.73924731182797,89.83333333333333,37.631317864637566,25.0625,98.20833333333334
lk_jaffna,5,cloud_cover,2024,83.88440860215054,92.75,22.86817270529788,78.20833333333334,99.72916666666666
lk_jaffna,5,cloud_cover,2025,70.09274193548387,66.125,27.813960551906927,48.020833333333336,97.6875
lk_jaffna,5,shortwave_radiation,2020,247.5524193548387,260.25,39.41188890432897,218.5625,280.5416666666667
lk_jaffna,5,shortwave_radiation,2021,237.2822580645161,243.875,42.600291130000656,227.33333333333334,263.6875
lk_jaffna,5,shortwave_radiation,2022,264.4475806451613,273.1666666666667,30.2865270890916,257.22916666666663,281.7708333333333
lk_jaffna,5,shortwave_radiation,2023,241.72043010752688,276.9583333333333,66.96135407134551,211.41666666666666,287.4375
lk_jaffna,5,shortwave_radiation,2024,217.92741935483872,239.20833333333334,64.21915869496151,165.04166666666669,271.8125
lk_jaffna,5,shortwave_radiation,2025,247.0241935483871,263.9166666666667,45.173206750509245,231.58333333333334,279.375
lk_jaffna,6,temperature_2m,2020,29.43277777777778,29.40625,0.614245336955766,29.123958333333334,29.833333333333336
lk_jaffna,6,temperature_2m,2021,28.98486111111111,29.012500000000003,0.39393674999280215,28.709374999999998,29.183333333333334
lk_jaffna,6,temperature_2m,2022,28.72097222222222,28.68541666666667,0.4611765045607548,28.397916666666667,28.995833333333334
lk_jaffna,6,temperature_2m,2023,29.495416666666674,29.654166666666665,0.637292290179793,28.95104166666667,29.9875
lk_jaffna,6,temperature_2m,2024,28.826805555555552,28.85625,0.29555025985158595,28.74375,28.996875
lk_jaffna,6,temperature_2m,2025,29.36208333333333,29.4125,0.2647297427298716,29.201041666666665,29.48229166666667
lk_jaffna,6,precipitation,2020,1.8066666666666669,0.1,4.318918553441864,0.0,1.4
lk_jaffna,6,precipitation,2021,1.8666666666666665,0.25,3.629318672008357,0.0,1.475
lk_jaffna,6,precipitation,2022,0.7533333333333334,0.2,1.1196469065747017,0.0,0.95
lk_jaffna,6,precipitation,2023,1.8633333333333335,0.1,3.285021737537204,0.0,2.725
lk_jaffna,6,precipitation,2024,2.9066666666666667,0.75,5.564166965772012,0.17500000000000002,2.7750000000000004
lk_jaffna,6,precipitation,2025,0.4466666666666666,0.1,0.7137725578696733,0.0,0.55
lk_jaffna,6,wind_speed_10m,2020,7.379222222222222,7.429583333333333,2.0525426559674154,6.513958333333334,8.8084375
lk_jaffna,6,wind_speed_10m,2021,7.322402777777778,7.504791666666667,1.536458976459376,6.246770833333334,8.213645833333334
lk_jaffna,6,wind_speed_10m,2022,7.079986111111112,7.284791666666667,1.6175177412440163,5.824479166666667,8.314791666666668
lk_jaffna,6,wind_speed_10m,2023,7.47811111111111,7.582916666666667,1.2157138881424683,6.929791666666667,8.092604166666666
lk_jaffna,6,wind_speed_10m,2024,8.831555555555555,8.871875000000001,1.1866974951869638,8.305937499999999,9.778125
lk_jaffna,6,wind_speed_10m,2025,7.944138888888888,7.870208333333333,1.5014910929057659,7.032395833333333,8.7190625
lk_jaffna,6,relative_humidity_2m,2020,76.21805555555557,76.1875,2.285838548622883,74.64583333333333,77.98958333333334
lk_jaffna,6,relative_humidity_2m,2021,76.50555555555555,76.29166666666666,2.129256311329354,75.34375,77.71875
lk_jaffna,6,relative_humidity_2m,2022,78.27222222222223,78.60416666666666,2.2261059214322,77.59375,80.07291666666666
lk_jaffna,6,relative_humidity_2m,2023,78.25694444444443,79.1875,2.325960316788442,76.39583333333333,79.75
lk_jaffna,6,relative_humidity_2m,2024,81.13888888888889,81.20833333333333,2.5965857088781896,79.05208333333333,82.57291666666667
lk_jaffna,6,relative_humidity_2m,2025,76.13333333333334,76.16666666666667,1.5534228675296315,75.59375,77.36458333333333
lk_jaffna,6,surface_pressure,2020,1005.1372222222222,1004.6770833333333,1.449903770973445,1003.9968749999999,1006.021875
lk_jaffna,6,surface_pressure,2021,1006.4501388888889,1006.5916666666667,1.1016165430050873,1005.578125,1007.1291666666666
lk_jaffna,6,surface_pressure,2022,1005.1173611111112,1005.0854166666666,0.9258345640590334,1004.2614583333334,1005.8447916666667
lk_jaffna,6,surface_pressure,2023,1005.7734722222224,1005.6416666666667,0.9353000902279015,1005.0760416666667,1006.3333333333334
lk_jaffna,6,surface_pressure,2024,1005.7076388888889,1006.0437499999999,1.4786463320400278,1005.1322916666667,1006.7916666666666
lk_jaffna,6,surface_pressure,2025,1005.6624999999999,1006.2395833333333,1.475908058688342,1004.8052083333333,1006.7239583333334
lk_jaffna,6,cloud_cover,2020,81.31944444444444,87.0625,19.832030326816774,73.23958333333333,97.73958333333333
lk_jaffna,6,cloud_cover,2021,79.05,88.625,22.981049581051412,75.08333333333333,94.86458333333333
lk_jaffna,6,cloud_cover,2022,77.9513888888889,88.10416666666666,22.73492743965686,71.16666666666666,94.03125
lk_jaffna,6,cloud_cover,2023,73.88055555555556,77.64583333333333,19.505699424156592,61.79166666666667,89.1875
lk_jaffna,6,cloud_cover,2024,80.33611111111112,86.60416666666666,15.644495245340499,71.70833333333333,91.14583333333334
lk_jaffna,6,cloud_cover,2025,74.12916666666666,80.52083333333334,22.620622684660173,53.65625,92.84375
lk_jaffna,6,shortwave_radiation,2020,244.26250000000002,257.0416666666667,39.111633122972215,210.9375,275.96875
lk_jaffna,6,shortwave_radiation,2021,249.09999999999997,259.14583333333337,34.51353848970661,237.89583333333334,273.0208333333333
lk_jaffna,6,shortwave_radiation,2022,252.7861111111111,261.6875,34.30007374726311,246.60416666666669,273.21875
lk_jaffna,6,shortwave_radiation,2023,250.58750000000006,267.75,50.15418796712556,244.09375,284.1979166666667
lk_jaffna,6,shortwave_radiation,2024,234.4736111111111,248.5,35.97184117721526,215.8125,260.13541666666663
lk_jaffna,6,shortwave_radiation,2025,255.8236111111111,267.5625,25.849546921940505,237.75,273.8020833333333
lk_jaffna,7,temperature_2m,2020,28.48790322580645,28.55,0.36178626229009825,28.212500000000002,28.764583333333334
lk_jaffna,7,temperature_2m,2021,28.766263440860218,28.787499999999998,0.35166823794855295,28.552083333333332,28.93541666666667
lk_jaffna,7,temperature_2m,2022,28.515456989247312,28.45,0.5742539378406103,28.15833333333333,28.816666666666666
lk_jaffna,7,temperature_2m,2023,28.761424731182792,28.695833333333336,0.4222843079470884,28.510416666666664,29.085416666666667
lk_jaffna,7,temperature_2m,2024,29.14690860215054,29.120833333333334,0.24315863149739217,29.03541666666667,29.266666666666666
lk_jaffna,7,temperature_2m,2025,29.293279569892473,29.474999999999998,0.6805368569591281,28.65,29.8
lk_jaffna,7,precipitation,2020,3.1999999999999997,2.2,3.941488720437157,1.1,3.5
lk_jaffna,7,precipitation,2021,2.3,0.8,5.617354062783177,0.2,1.5
lk_jaffna,7,precipitation,2022,2.164516129032258,2.1,2.269441691561572,0.1,3.2
lk_jaffna,7,precipitation,2023,1.9064516129032258,0.6,3.053078826787911,0.1,2.85
lk_jaffna,7,precipitation,2024,1.0290322580645161,0.3,1.9420253256822884,0.0,1.25
lk_jaffna,7,precipitation,2025,1.4612903225806453,0.2,2.374963497172794,0.0,1.75
lk_jaffna,7,wind_speed_10m,2020,5.980752688172042,5.7437499999999995,2.0138202117198603,4.956041666666667,7.508125
lk_jaffna,7,wind_speed_10m,2021,6.74111559139785,6.8500000000000005,2.016489717291722,5.394791666666666,7.751458333333334
lk_jaffna,7,wind_speed_10m,2022,5.896102150537636,5.3775,2.6300537848948387,4.018333333333333,6.837708333333333
lk_jaffna,7,wind_speed_10m,2023,7.22475806451613,7.302083333333333,1.490121720008824,6.243541666666666,7.982708333333334
lk_jaffna,7,wind_speed_10m,2024,8.005752688172043,8.03125,0.9448734631341518,7.4025,8.691458333333333
lk_jaffna,7,wind_speed_10m,2025,6.8415591397849465,6.524583333333333,1.7950984316343972,5.991666666666666,7.6814583333333335
lk_jaffna,7,relative_humidity_2m,2020,78.96370967741935,79.125,1.5812757806229452,77.83333333333334,80.0
lk_jaffna,7,relative_humidity_2m,2021,76.48924731182794,76.5,1.8368327631444972,75.1875,78.0
lk_jaffna,7,relative_humidity_2m,2022,76.8521505376344,76.83333333333333,3.2686579586517004,76.29166666666667,78.75
lk_jaffna,7,relative_humidity_2m,2023,78.83870967741935,79.375,2.920250614235063,76.77083333333333,80.60416666666667
lk_jaffna,7,relative_humidity_2m,2024,77.02016129032258,76.66666666666667,1.9481969040171438,76.0,78.41666666666666
lk_jaffna,7,relative_humidity_2m,2025,74.07123655913978,74.16666666666667,2.0583275289050813,72.25,75.8125
lk_jaffna,7,surface_pressure,2020,1005.2989247311828,1005.025,1.0699758606127174,1004.4145833333333,1006.0958333333333
lk_jaffna,7,surface_pressure,2021,1005.5364247311828,1005.5875,1.2887197421376646,1004.4375,1006.2604166666667
lk_jaffna,7,surface_pressure,2022,1005.1860215053762,1005.4499999999999,1.2418295700310713,1004.0895833333334,1005.9416666666666
lk_jaffna,7,surface_pressure,2023,1006.4232526881722,1006.5875,1.1043033323145488,1006.0541666666668,1007.0020833333333
lk_jaffna,7,surface_pressure,2024,1005.159005376344,1004.975,1.1851165636402994,1004.3979166666666,1005.96875
lk_jaffna,7,surface_pressure,2025,1005.3581989247314,1005.7333333333332,1.1107031285025981,1004.5958333333333,1006.1375
lk_jaffna,7,cloud_cover,2020,87.29435483870968,95.125,15.460302118876251,82.39583333333334,98.0
lk_jaffna,7,cloud_cover,2021,75.56854838709677,79.33333333333333,21.796548604385084,61.5,93.60416666666667
lk_jaffna,7,cloud_cover,2022,86.26209677419354,87.625,14.348418231107116,83.1875,97.33333333333334
lk_jaffna,7,cloud_cover,2023,86.14247311827955,95.83333333333333,17.926869750466174,76.16666666666667,99.45833333333334
lk_jaffna,7,cloud_cover,2024,81.77284946236558,92.5,20.96381041397006,63.64583333333333,98.79166666666666
lk_jaffna,7,cloud_cover,2025,81.88844086021506,89.875,20.297228267879902,72.41666666666666,98.5
lk_jaffna,7,shortwave_radiation,2020,219.81048387096772,230.875,41.29738977984486,197.89583333333334,246.79166666666669
lk_jaffna,7,shortwave_radiation,2021,236.98790322580643,246.58333333333334,41.32323072318322,215.29166666666669,261.4583333333333
lk_jaffna,7,shortwave_radiation,2022,215.88844086021507,228.875,54.14632672287794,182.41666666666666,261.1041666666667
lk_jaffna,7,shortwave_radiation,2023,221.5994623655914,246.04166666666666,53.22103485114922,186.14583333333331,269.8125
lk_jaffna,7,shortwave_radiation,2024,236.23655913978496,246.33333333333334,41.90400790063166,216.97916666666669,270.75
lk_jaffna,7,shortwave_radiation,2025,240.41532258064512,261.4166666666667,49.76228036117644,217.4375,276.875
lk_jaffna,8,temperature_2m,2020,28.414919354838712,28.412499999999998,0.32364527870450716,28.19166666666667,28.620833333333337
lk_jaffna,8,temperature_2m,2021,28.435618279569887,28.316666666666666,0.6394884011248663,27.960416666666667,29.05833333333333
lk_jaffna,8,temperature_2m,2022,27.968010752688173,27.9375,0.45279659184255094,27.674999999999997,28.285416666666666
lk_jaffna,8,temperature_2m,2023,29.004032258064516,28.96666666666667,0.3687950912025555,28.758333333333333,29.3
lk_jaffna,8,temperature_2m,2024,28.64448924731183,28.59583333333333,0.32005386391426643,28.466666666666665,28.78333333333333
lk_jaffna,8,temperature_2m,2025,28.42956989247312,28.445833333333336,0.5262137148116854,28.1,28.808333333333337
lk_jaffna,8,precipitation,2020,1.5387096774193545,0.2,2.979561200283787,0.0,1.2999999999999998
lk_jaffna,8,precipitation,2021,1.4322580645161291,0.6000000000000001,2.240742004600886,0.0,1.9000000000000001
lk_jaffna,8,precipitation,2022,4.077419354838709,1.1,5.86098454058243,0.0,7.05
lk_jaffna,8,precipitation,2023,0.4838709677419355,0.0,0.9018857186264597,0.0,0.5
lk_jaffna,8,precipitation,2024,3.461290322580646,2.8000000000000003,3.962547784725953,0.5,4.7
lk_jaffna,8,precipitation,2025,1.7451612903225808,1.0,2.2858752823484516,0.15000000000000002,2.45
lk_jaffna,8,wind_speed_10m,2020,7.280094086021505,7.162083333333334,1.7961178838423453,6.412083333333333,7.584791666666666
lk_jaffna,8,wind_speed_10m,2021,6.605376344086021,6.821666666666666,1.5502819051993124,5.496874999999999,7.768750000000001
lk_jaffna,8,wind_speed_10m,2022,6.236021505376344,5.897916666666667,2.370982481245687,4.35,7.889374999999999
lk_jaffna,8,wind_speed_10m,2023,6.635255376344086,6.372083333333333,1.6394198410559475,5.511041666666667,7.875
lk_jaffna,8,wind_speed_10m,2024,6.619650537634408,7.262499999999999,2.3521417768961275,4.78625,8.445416666666667
lk_jaffna,8,wind_speed_10m,2025,6.420658602150537,6.867083333333333,1.5486196802485643,4.984583333333333,7.514166666666666
lk_jaffna,8,relative_humidity_2m,2020,78.70295698924733,78.91666666666667,1.6774561157629835,78.14583333333333,79.8125
lk_jaffna,8,relative_humidity_2m,2021,76.81989247311829,77.70833333333333,2.3746439084115893,75.5,78.375
lk_jaffna,8,relative_humidity_2m,2022,78.7002688172043,78.91666666666667,1.8977453531305386,77.95833333333334,79.95833333333334
lk_jaffna,8,relative_humidity_2m,2023,76.37365591397848,76.66666666666667,2.1501099205042755,75.10416666666666,77.79166666666667
lk_jaffna,8,relative_humidity_2m,2024,77.86559139784947,78.25,1.7161646271494742,76.0625,79.20833333333334
lk_jaffna,8,relative_humidity_2m,2025,77.29166666666667,77.20833333333333,2.2744555718123287,75.77083333333333,78.77083333333333
lk_jaffna,8,surface_pressure,2020,1005.9384408602152,1005.8874999999999,1.4478890723499354,1005.3958333333334,1007.0354166666666
lk_jaffna,8,surface_pressure,2021,1006.6184139784948,1006.8041666666667,1.316928056944816,1005.9458333333332,1007.5833333333333
lk_jaffna,8,surface_pressure,2022,1005.2706989247313,1005.7041666666668,1.3937079523099993,1003.9312500000001,1006.2270833333334
lk_jaffna,8,surface_pressure,2023,1007.5260752688175,1007.4125,0.9613346527178291,1006.8062500000001,1008.1208333333334
lk_jaffna,8,surface_pressure,2024,1006.6192204301077,1006.7708333333334,1.510890127869873,1005.3229166666666,1007.6666666666667
lk_jaffna,8,surface_pressure,2025,1006.5229838709677,1006.5666666666666,1.2161894378777005,1005.7229166666666,1007.4291666666667
lk_jaffna,8,cloud_cover,2020,81.55241935483869,94.375,21.887993410216637,67.16666666666666,98.41666666666666
lk_jaffna,8,cloud_cover,2021,89.54435483870965,95.625,12.671814266004482,82.60416666666666,98.77083333333334
lk_jaffna,8,cloud_cover,2022,87.49865591397848,94.79166666666667,14.97453271650432,81.14583333333333,98.79166666666666
lk_jaffna,8,cloud_cover,2023,66.90860215053763,61.666666666666664,24.43070893930793,48.3125,89.4375
lk_jaffna,8,cloud_cover,2024,79.15456989247312,80.95833333333333,16.369320451108024,70.14583333333334,91.95833333333334
lk_jaffna,8,cloud_cover,2025,80.41397849462366,85.83333333333333,19.975896747485173,67.14583333333334,96.72916666666666
lk_jaffna,8,shortwave_radiation,2020,237.53897849462368,250.45833333333334,45.29470236106315,205.0625,271.0208333333333
lk_jaffna,8,shortwave_radiation,2021,228.1115591397849,243.75,43.644008364255036,203.875,263.1875
lk_jaffna,8,shortwave_radiation,2022,231.95430107526883,245.20833333333334,47.05384198658942,203.33333333333331,265.25
lk_jaffna,8,shortwave_radiation,2023,276.33333333333337,278.8333333333333,14.812993232919487,265.5,289.20833333333337
lk_jaffna,8,shortwave_radiation,2024,237.9341397849462,243.29166666666666,31.273712807306442,217.77083333333331,260.0833333333333
lk_jaffna,8,shortwave_radiation,2025,240.67069892473123,249.45833333333334,47.27522885498829,203.95833333333334,276.10416666666663
lk_jaffna,9,temperature_2m,2020,27.86402777777778,27.916666666666664,0.37904030882638046,27.795833333333334,28.070833333333333
lk_jaffna,9,temperature_2m,2021,28.345000000000002,28.356249999999996,0.5414559714007381,28.097916666666666,28.61875
lk_jaffna,9,temperature_2m,2022,27.88,27.762500000000003,0.6358525215164079,27.559374999999996,28.21666666666667
lk_jaffna,9,temperature_2m,2023,28.313888888888886,28.360416666666666,0.37795821276995095,28.164583333333333,28.52916666666667
lk_jaffna,9,temperature_2m,2024,29.180555555555554,29.168750000000003,0.3413973099541554,28.964583333333334,29.38125
lk_jaffna,9,temperature_2m,2025,28.575416666666673,28.645833333333336,0.3355732036381931,28.375,28.831249999999997
lk_jaffna,9,precipitation,2020,3.7266666666666666,2.0500000000000003,4.533548000326496,0.7,5.5
lk_jaffna,9,precipitation,2021,3.536666666666667,1.35,4.719035796704103,0.22500000000000003,4.275
lk_jaffna,9,precipitation,2022,1.346666666666667,0.1,3.5025836112822475,0.0,1.125
lk_jaffna,9,precipitation,2023,2.9200000000000004,2.4,2.299085275375465,1.2,4.2
lk_jaffna,9,precipitation,2024,0.2733333333333333,0.1,0.39210601428284875,0.0,0.4
lk_jaffna,9,precipitation,2025,2.4066666666666663,1.15,2.6536810261419417,0.525,3.925
lk_jaffna,9,wind_speed_10m,2020,7.425222222222223,7.167916666666667,1.602440161872469,6.477291666666667,8.224375
lk_jaffna,9,wind_speed_10m,2021,6.332666666666666,6.458125000000001,2.1895742918434884,4.241562500000001,8.266145833333333
lk_jaffna,9,wind_speed_10m,2022,7.158458333333334,7.618541666666667,1.7243742588691076,6.499270833333333,8.326041666666667
lk_jaffna,9,wind_speed_10m,2023,8.581916666666668,8.496041666666667,1.4804896730254034,7.686770833333334,9.887708333333334
lk_jaffna,9,wind_speed_10m,2024,7.1946666666666665,7.3220833333333335,1.7729396479324186,6.731354166666666,8.216979166666667
lk_jaffna,9,wind_speed_10m,2025,6.558569444444444,6.422291666666666,1.692515636452914,5.374270833333334,7.862708333333334
lk_jaffna,9,relative_humidity_2m,2020,80.11111111111109,80.25,1.5596125939371315,79.22916666666666,80.92708333333334
lk_jaffna,9,relative_humidity_2m,2021,78.60416666666667,79.0,2.928439908370132,77.40625,80.45833333333334
lk_jaffna,9,relative_humidity_2m,2022,79.36527777777776,80.27083333333334,3.2065822832629576,77.28125,81.16666666666666
lk_jaffna,9,relative_humidity_2m,2023,79.50277777777775,79.47916666666667,1.2300093708434527,78.6875,80.0625
lk_jaffna,9,relative_humidity_2m,2024,76.14166666666665,76.08333333333334,1.7237564233082792,74.98958333333333,77.73958333333333
lk_jaffna,9,relative_humidity_2m,2025,77.31666666666666,77.16666666666666,1.6307773808525754,76.26041666666666,78.19791666666666
lk_jaffna,9,surface_pressure,2020,1006.38125,1006.4562500000001,1.1200827775838063,1005.8927083333333,1007.0489583333333
lk_jaffna,9,surface_pressure,2021,1006.2348611111112,1006.20625,1.0881224180722293,1005.71875,1006.8885416666667
lk_jaffna,9,surface_pressure,2022,1006.8491666666665,1006.6541666666667,1.1193677659296268,1005.9427083333333,1007.5958333333333
lk_jaffna,9,surface_pressure,2023,1007.1259722222221,1007.0333333333333,1.0542440020547774,1006.7718749999999,1007.9010416666667
lk_jaffna,9,surface_pressure,2024,1006.2313888888888,1006.0374999999999,1.1711805807585212,1005.5114583333333,1006.9989583333333
lk_jaffna,9,surface_pressure,2025,1006.8390277777779,1007.0270833333334,0.8494092234578685,1006.3916666666667,1007.346875
lk_jaffna,9,cloud_cover,2020,84.74444444444445,93.04166666666667,16.76701376627841,73.88541666666666,97.82291666666666
lk_jaffna,9,cloud_cover,2021,78.45694444444443,82.9375,20.453363933215158,70.14583333333333,97.69791666666666
lk_jaffna,9,cloud_cover,2022,69.55694444444444,73.58333333333334,25.001138583587235,52.30208333333333,93.27083333333333
lk_jaffna,9,cloud_cover,2023,74.53472222222223,75.47916666666666,19.343861962127264,62.479166666666664,92.08333333333333
lk_jaffna,9,cloud_cover,2024,69.90138888888889,73.89583333333333,22.202127034217924,55.520833333333336,88.38541666666667
lk_jaffna,9,cloud_cover,2025,76.00277777777777,81.3125,18.688442800745346,63.85416666666667,92.125
lk_jaffna,9,shortwave_radiation,2020,202.27777777777783,217.20833333333331,53.45897482316993,159.4375,248.1875
lk_jaffna,9,shortwave_radiation,2021,236.63333333333333,249.75,35.91994911261532,212.54166666666669,262.36458333333337
lk_jaffna,9,shortwave_radiation,2022,253.2541666666667,261.9583333333333,39.945903538794205,244.54166666666666,276.10416666666663
lk_jaffna,9,shortwave_radiation,2023,229.38888888888886,237.83333333333334,33.593095849611345,216.66666666666666,254.95833333333334
lk_jaffna,9,shortwave_radiation,2024,261.73611111111114,266.91666666666663,21.938661697454368,250.02083333333331,277.3020833333333
lk_jaffna,9,shortwave_radiation,2025,244.4722222222222,247.25,28.61234606567355,234.66666666666666,264.01041666666663
lk_jaffna,10,temperature_2m,2020,28.18521505376345,28.34166666666667,0.4285605735170204,28.004166666666666,28.472916666666666
lk_jaffna,10,temperature_2m,2021,27.30430107526882,27.266666666666666,0.7540189264980847,26.764583333333334,27.87291666666667
lk_jaffna,10,temperature_2m,2022,27.203360215053763,27.09166666666667,0.9211703878830154,26.583333333333336,27.8
lk_jaffna,10,temperature_2m,2023,27.805779569892472,27.6875,0.5422664173480714,27.316666666666666,28.329166666666666
lk_jaffna,10,temperature_2m,2024,27.67782258064516,27.47083333333333,0.7029035244579024,27.293750000000003,28.3
lk_jaffna,10,temperature_2m,2025,27.810618279569894,28.020833333333332,0.8106544843217829,27.275,28.429166666666667
lk_jaffna,10,precipitation,2020,1.7290322580645159,0.4,2.7793516688114033,0.0,2.35
lk_jaffna,10,precipitation,2021,11.235483870967741,9.3,10.413726466771209,3.3499999999999996,16.25
lk_jaffna,10,precipitation,2022,10.17741935483871,5.3,11.741939353656457,0.9,18.0
lk_jaffna,10,precipitation,2023,3.629032258064516,1.4000000000000001,4.923832758355839,0.55,4.6
lk_jaffna,10,precipitation,2024,8.05483870967742,6.300000000000001,7.096987093580741,3.0,10.7
lk_jaffna,10,precipitation,2025,8.361290322580649,1.9000000000000004,13.357137353473979,0.25,11.0
lk_jaffna,10,wind_speed_10m,2020,5.8519489247311824,5.8133333333333335,2.2021257811190478,4.672499999999999,6.751250000000001
lk_jaffna,10,wind_speed_10m,2021,5.296236559139784,4.917916666666667,2.4338054680944166,3.3012500000000005,6.729374999999999
lk_jaffna,10,wind_speed_10m,2022,4.163682795698924,4.10875,1.3445058042275433,3.190416666666667,5.165416666666667
lk_jaffna,10,wind_speed_10m,2023,4.814099462365593,4.024583333333333,2.4592175483665826,3.0752083333333333,5.993541666666666
lk_jaffna,10,wind_speed_10m,2024,4.666666666666666,4.317083333333334,1.6941298159625584,3.2841666666666667,5.532291666666666
lk_jaffna,10,wind_speed_10m,2025,4.525900537634408,3.860416666666667,1.8819087227957914,3.087708333333333,5.593541666666667
lk_jaffna,10,relative_humidity_2m,2020,77.7231182795699,77.91666666666667,1.8319296516260022,76.79166666666666,78.58333333333333
lk_jaffna,10,relative_humidity_2m,2021,82.67607526881721,82.33333333333333,3.169291851864374,80.6875,83.83333333333333
lk_jaffna,10,relative_humidity_2m,2022,81.29032258064515,82.08333333333333,5.381117146497089,77.72916666666666,84.9375
lk_jaffna,10,relative_humidity_2m,2023,80.45295698924731,80.79166666666667,2.601231500002822,79.875,82.45833333333334
lk_jaffna,10,relative_humidity_2m,2024,81.74865591397851,82.125,2.6991829154378624,79.72916666666667,83.85416666666666
lk_jaffna,10,relative_humidity_2m,2025,80.44489247311827,79.29166666666667,4.08685204254842,77.27083333333334,83.16666666666666
lk_jaffna,10,surface_pressure,2020,1006.5837365591398,1006.4958333333334,1.7432161352013344,1005.675,1007.7145833333334
lk_jaffna,10,surface_pressure,2021,1007.3774193548388,1007.0666666666666,2.488447328962442,1005.8354166666667,1009.09375
lk_jaffna,10,surface_pressure,2022,1008.2016129032259,1008.6875,1.729340579413359,1006.8645833333333,1009.65625
lk_jaffna,10,surface_pressure,2023,1010.0702956989248,1010.0791666666668,1.0899821300859998,1009.71875,1010.9708333333333
lk_jaffna,10,surface_pressure,2024,1008.1689516129031,1008.0708333333333,0.9282100448688411,1007.45,1008.8791666666666
lk_jaffna,10,surface_pressure,2025,1007.7869623655913,1007.7166666666667,1.5921184429870248,1006.5645833333333,1009.4916666666666
lk_jaffna,10,cloud_cover,2020,66.1989247311828,67.625,24.920732457387047,46.854166666666664,85.9375
lk_jaffna,10,cloud_cover,2021,79.51344086021507,78.5,17.537810961502174,65.625,97.35416666666666
lk_jaffna,10,cloud_cover,2022,75.60483870967744,85.54166666666667,26.205497706887975,62.70833333333333,98.64583333333334
lk_jaffna,10,cloud_cover,2023,60.81720430107526,63.375,24.443246523881395,39.25,83.20833333333334
lk_jaffna,10,cloud_cover,2024,73.70161290322581,74.20833333333333,21.118846618530405,61.354166666666664,90.83333333333333
lk_jaffna,10,cloud_cover,2025,71.09274193548387,80.45833333333333,28.342022176045926,54.020833333333336,94.64583333333334
lk_jaffna,10,shortwave_radiation,2020,238.46774193548387,244.875,32.55388287857416,219.27083333333334,256.9375
lk_jaffna,10,shortwave_radiation,2021,183.2325268817204,199.70833333333334,57.39927951359502,140.0,225.77083333333331
lk_jaffna,10,shortwave_radiation,2022,201.07930107526883,215.33333333333334,47.92272589085512,181.33333333333331,233.5
lk_jaffna,10,shortwave_radiation,2023,212.38844086021507,223.83333333333334,40.85915196663407,190.45833333333331,242.41666666666669
lk_jaffna,10,shortwave_radiation,2024,201.9758064516129,214.54166666666666,47.23078040201657,183.375,231.77083333333331
lk_jaffna,10,shortwave_radiation,2025,204.83602150537635,236.375,63.237934304699166,176.0,251.79166666666669
lk_jaffna,11,temperature_2m,2020,26.825416666666662,26.762500000000003,0.6577204607596723,26.35520833333333,27.28125
lk_jaffna,11,temperature_2m,2021,26.28388888888889,26.329166666666666,0.5781064401942996,25.895833333333332,26.696875000000002
lk_jaffna,11,temperature_2m,2022,26.231805555555557,26.3375,0.5210654463628911,25.953125,26.605208333333334
lk_jaffna,11,temperature_2m,2023,26.572916666666664,26.539583333333333,0.5722968172466548,26.080208333333335,27.036458333333336
lk_jaffna,11,temperature_2m,2024,26.530972222222218,26.641666666666666,0.7401093388770176,26.166666666666668,26.96666666666667
lk_jaffna,11,temperature_2m,2025,26.561944444444446,26.310416666666665,1.12217116315316,25.633333333333333,27.458333333333332
lk_jaffna,11,precipitation,2020,8.7,4.75,9.315948505209985,2.4000000000000004,12.1
lk_jaffna,11,precipitation,2021,18.30666666666667,15.049999999999999,15.571413536998811,9.025,23.05
lk_jaffna,11,precipitation,2022,9.190000000000001,2.0,15.510938298392906,0.15000000000000002,12.825
lk_jaffna,11,precipitation,2023,17.276666666666664,14.149999999999999,13.914608630260979,8.175,24.750000000000004
lk_jaffna,11,precipitation,2024,19.39666666666666,9.05,28.371373179526472,2.9749999999999996,23.075000000000003
lk_jaffna,11,precipitation,2025,20.513333333333332,7.05,35.55617928092769,1.35,21.575
lk_jaffna,11,wind_speed_10m,2020,5.308458333333333,4.9625,2.048727802816549,3.996354166666667,6.4134375
lk_jaffna,11,wind_speed_10m,2021,5.0600555555555555,4.725833333333333,1.7649380257771012,3.9292708333333337,6.6778125
lk_jaffna,11,wind_speed_10m,2022,4.670374999999999,4.593541666666667,1.7334337129353417,3.493645833333333,5.543125
lk_jaffna,11,wind_speed_10m,2023,4.165222222222223,4.1120833333333335,1.1060328933512638,3.2310416666666666,4.919375
lk_jaffna,11,wind_speed_10m,2024,5.888361111111112,5.715833333333332,2.1896280397060415,4.453333333333333,7.1496875
lk_jaffna,11,wind_speed_10m,2025,6.0869027777777776,6.03875,2.6039069288477297,4.2941666666666665,7.258125
lk_jaffna,11,relative_humidity_2m,2020,82.32777777777778,84.16666666666666,5.083754143752937,79.92708333333334,85.79166666666667
lk_jaffna,11,relative_humidity_2m,2021,85.575,85.33333333333333,3.26416013383387,83.84375,88.14583333333334
lk_jaffna,11,relative_humidity_2m,2022,81.18333333333334,82.54166666666666,6.783129639123037,77.80208333333334,87.59375
lk_jaffna,11,relative_humidity_2m,2023,86.24999999999999,86.64583333333334,3.150689427685915,84.875,88.07291666666666
lk_jaffna,11,relative_humidity_2m,2024,83.95555555555556,84.97916666666667,4.599825778254407,81.70833333333334,86.60416666666666
lk_jaffna,11,relative_humidity_2m,2025,83.1861111111111,84.60416666666666,5.468986197234619,78.25,88.28125
lk_jaffna,11,surface_pressure,2020,1009.6570833333332,1009.875,1.3358462983645956,1008.9333333333334,1010.5177083333333
lk_jaffna,11,surface_pressure,2021,1007.5211111111112,1007.7541666666666,1.6547059810674307,1006.596875,1008.6187500000001
lk_jaffna,11,surface_pressure,2022,1009.5731944444445,1009.5395833333333,1.0520970229753077,1008.853125,1010.2760416666667
lk_jaffna,11,surface_pressure,2023,1010.0663888888889,1010.2166666666667,0.8884556086010605,1009.415625,1010.5895833333334
lk_jaffna,11,surface_pressure,2024,1008.5324999999999,1009.2083333333334,1.8158529892433675,1008.1187500000001,1009.5989583333334
lk_jaffna,11,surface_pressure,2025,1009.8920833333334,1010.4166666666667,1.5875154047884334,1009.9312500000001,1010.6395833333333
lk_jaffna,11,cloud_cover,2020,79.41805555555554,85.64583333333333,20.427792779251906,66.76041666666667,99.15625
lk_jaffna,11,cloud_cover,2021,88.30833333333334,96.70833333333334,19.042723316340076,87.65625,99.71875
lk_jaffna,11,cloud_cover,2022,78.25416666666668,93.08333333333333,24.8821223606528,63.614583333333336,98.89583333333334
lk_jaffna,11,cloud_cover,2023,92.67777777777778,97.5,9.80367589138876,87.98958333333333,99.61458333333333
lk_jaffna,11,cloud_cover,2024,80.96249999999999,94.33333333333334,25.01307213315298,60.96875,99.67708333333333
lk_jaffna,11,cloud_cover,2025,75.82222222222222,87.52083333333333,25.251953410017833,49.458333333333336,97.32291666666667
lk_jaffna,11,shortwave_radiation,2020,165.24444444444444,181.25,61.23163941451778,133.8125,209.05208333333334
lk_jaffna,11,shortwave_radiation,2021,144.51805555555555,146.27083333333331,45.99664307067151,108.02083333333333,166.96875
lk_jaffna,11,shortwave_radiation,2022,176.3,184.4375,57.063782833796445,148.15625,220.83333333333334
lk_jaffna,11,shortwave_radiation,2023,143.30277777777778,157.33333333333331,54.14257193250202,98.22916666666666,187.04166666666666
lk_jaffna,11,shortwave_radiation,2024,147.1097222222222,165.625,68.15560490733073,102.625,198.0625
lk_jaffna,11,shortwave_radiation,2025,158.27083333333331,181.95833333333331,73.25293051001167,86.94791666666667,219.20833333333334
lk_jaffna,12,temperature_2m,2020,25.651881720430104,25.65833333333333,0.47463050773937954,25.293750000000003,26.014583333333334
lk_jaffna,12,temperature_2m,2021,26.29637096774194,26.27916666666667,0.6755773781787026,25.86875,26.837500000000002
lk_jaffna,12,temperature_2m,2022,25.86720430107527,25.97083333333333,0.7121577653832745,25.6625,26.231250000000003
lk_jaffna,12,temperature_2m,2023,26.4502688172043,26.358333333333334,0.5843195388455722,26.016666666666666,26.8875
lk_jaffna,12,temperature_2m,2024,26.475940860215054,26.55,0.6111897452667504,25.985416666666666,26.9875
lk_jaffna,12,temperature_2m,2025,25.538037634408607,25.504166666666666,0.4612668017810611,25.212500000000002,25.677083333333336
lk_jaffna,12,precipitation,2020,19.922580645161286,4.8,44.16421409299177,0.6000000000000001,12.100000000000001
lk_jaffna,12,precipitation,2021,2.1548387096774193,0.6000000000000001,3.354682171699471,0.0,2.95
lk_jaffna,12,precipitation,2022,5.351612903225805,2.5,7.757829205292845,0.30000000000000004,7.35
lk_jaffna,12,precipitation,2023,8.358064516129033,4.2,10.195547204328903,2.4000000000000004,9.399999999999999
lk_jaffna,12,precipitation,2024,6.099999999999999,1.1,13.498345577637776,0.6000000000000001,5.550000000000001
lk_jaffna,12,precipitation,2025,4.751612903225806,2.1,8.421514945572124,0.15000000000000002,5.5
lk_jaffna,12,wind_speed_10m,2020,6.335645161290324,5.81125,1.4699692135803233,5.397291666666667,7.390416666666666
lk_jaffna,12,wind_speed_10m,2021,5.380053763440861,5.353750000000001,1.7556574878391669,4.538125,6.655416666666667
lk_jaffna,12,wind_speed_10m,2022,6.0905913978494635,5.754583333333334,1.8288913256896362,4.6727083333333335,7.372916666666667
lk_jaffna,12,wind_speed_10m,2023,6.463010752688172,6.645833333333333,1.2941644250788944,6.263541666666667,7.226458333333333
lk_jaffna,12,wind_speed_10m,2024,5.346424731182796,5.241666666666666,2.040379210778082,3.5133333333333336,7.133958333333333
lk_jaffna,12,wind_speed_10m,2025,6.393629032258065,6.581666666666667,1.2463742285196373,5.8931249999999995,7.239791666666666
lk_jaffna,12,relative_humidity_2m,2020,82.01075268817205,82.95833333333333,7.030908676834259,77.97916666666667,87.47916666666666
lk_jaffna,12,relative_humidity_2m,2021,77.00537634408602,79.29166666666667,7.545208974226961,69.5,81.97916666666667
lk_jaffna,12,relative_humidity_2m,2022,81.31182795698925,81.66666666666667,5.7776896791601615,75.45833333333333,86.04166666666666
lk_jaffna,12,relative_humidity_2m,2023,84.81317204301072,86.04166666666667,4.590258290861416,82.22916666666667,87.75
lk_jaffna,12,relative_humidity_2m,2024,82.36021505376344,82.125,4.694442986362735,79.14583333333333,84.625
lk_jaffna,12,relative_humidity_2m,2025,79.47043010752685,80.875,6.379738557974016,74.875,84.8125
lk_jaffna,12,surface_pressure,2020,1009.965322580645,1010.3791666666666,1.97135193643548,1009.6666666666666,1011.1916666666667
lk_jaffna,12,surface_pressure,2021,1011.5864247311827,1011.7624999999999,1.1341107258950636,1010.3499999999999,1012.3708333333334
lk_jaffna,12,surface_pressure,2022,1009.4095430107527,1009.1125000000001,2.723301414530648,1007.79375,1010.2416666666666
lk_jaffna,12,surface_pressure,2023,1010.5581989247314,1011.0083333333333,2.0487633137069325,1009.9583333333334,1011.8791666666666
lk_jaffna,12,surface_pressure,2024,1009.3809139784944,1009.4666666666667,1.9824048872009226,1008.4083333333333,1010.6416666666667
lk_jaffna,12,surface_pressure,2025,1010.9866935483872,1011.0791666666668,0.9380846444640392,1010.5125,1011.6333333333334
lk_jaffna,12,cloud_cover,2020,76.73387096774195,90.70833333333333,23.656454852382165,54.04166666666667,99.54166666666667
lk_jaffna,12,cloud_cover,2021,48.57392473118281,40.166666666666664,25.699040977020722,31.5,63.16666666666667
lk_jaffna,12,cloud_cover,2022,71.69489247311827,71.04166666666667,23.26972825660413,55.208333333333336,92.27083333333333
lk_jaffna,12,cloud_cover,2023,72.82123655913979,79.95833333333333,22.84219514151202,52.1875,93.52083333333333
lk_jaffna,12,cloud_cover,2024,69.9731182795699,74.75,24.112140471147693,52.8125,92.25
lk_jaffna,12,cloud_cover,2025,60.74865591397849,59.083333333333336,24.499937367340028,42.10416666666667,85.64583333333334
lk_jaffna,12,shortwave_radiation,2020,147.22580645161293,167.95833333333334,55.759624619915456,106.6875,191.52083333333331
lk_jaffna,12,shortwave_radiation,2021,200.09139784946237,205.54166666666666,29.615726434449375,187.70833333333334,217.10416666666669
lk_jaffna,12,shortwave_radiation,2022,172.70564516129033,178.0,48.918551136666274,155.85416666666666,211.66666666666669
lk_jaffna,12,shortwave_radiation,2023,164.6263440860215,180.66666666666666,43.846691410758126,120.5,193.4375
lk_jaffna,12,shortwave_radiation,2024,184.81854838709677,200.33333333333334,44.6260640867883,156.6875,215.91666666666669
lk_jaffna,12,shortwave_radiation,2025,185.76612903225808,191.08333333333334,37.07331431043862,167.375,211.625
lk_matara,1,temperature_2m,2020,27.293413978494627,27.204166666666666,0.544122397162978,26.927083333333332,27.722916666666666
lk_matara,1,temperature_2m,2021,26.01290322580645,26.120833333333334,0.43107364193026865,25.647916666666664,26.333333333333336
lk_matara,1,temperature_2m,2022,26.377688172043012,26.474999999999998,0.4259474031648075,26.052083333333336,26.591666666666665
lk_matara,1,temperature_2m,2023,25.76948924731183,25.8625,0.4822442076442716,25.49375,26.127083333333335
lk_matara,1,temperature_2m,2024,26.704838709677418,26.820833333333336,0.533120722350727,26.516666666666666,27.039583333333333
lk_matara,1,temperature_2m,2025,25.869758064516123,26.041666666666668,0.6562175633446997,25.43958333333333,26.2125
lk_matara,1,precipitation,2020,0.3,0.0,0.5208966628164682,0.0,0.4
lk_matara,1,precipitation,2021,7.661290322580645,5.5,7.122250459854892,1.6,13.25
lk_matara,1,precipitation,2022,4.0354838709677425,1.2000000000000002,5.969843570652795,0.75,4.300000000000001
lk_matara,1,precipitation,2023,5.651612903225808,1.7,14.85406500968095,0.6000000000000001,4.1
lk_matara,1,precipitation,2024,5.9,1.9000000000000004,9.84438926495697,0.4,6.6000000000000005
lk_matara,1,precipitation,2025,11.183870967741937,7.0,12.542915577440347,2.35,15.85
lk_matara,1,wind_speed_10m,2020,2.764368279569893,2.71875,0.9016716719860542,2.0633333333333335,3.4212499999999997
lk_matara,1,wind_speed_10m,2021,1.826680107526882,1.7283333333333333,0.6228187444760545,1.449375,2.020833333333333
lk_matara,1,wind_speed_10m,2022,1.864879032258065,1.6320833333333333,0.6640627549546212,1.4608333333333334,2.0789583333333335
lk_matara,1,wind_speed_10m,2023,1.7250403225806452,1.4749999999999999,0.6898294823759548,1.268125,1.9470833333333333
lk_matara,1,wind_speed_10m,2024,2.2684677419354835,2.245416666666667,0.9471396106067398,1.4329166666666668,2.8822916666666663
lk_matara,1,wind_speed_10m,2025,1.944166666666667,1.7616666666666667,0.8662949656973614,1.2814583333333334,2.39625
lk_matara,1,relative_humidity_2m,2020,74.9704301075269,75.79166666666667,5.344629893428542,69.97916666666666,77.125
lk_matara,1,relative_humidity_2m,2021,85.25940860215054,86.25,4.603927340152646,84.10416666666667,88.0625
lk_matara,1,relative_humidity_2m,2022,81.7741935483871,81.54166666666667,3.56748391132835,79.83333333333334,84.625
lk_matara,1,relative_humidity_2m,2023,81.244623655914,81.54166666666667,4.424478703541064,79.9375,83.72916666666666
lk_matara,1,relative_humidity_2m,2024,81.72043010752687,83.29166666666667,5.734199239645602,78.0,86.0
lk_matara,1,relative_humidity_2m,2025,85.72849462365592,85.08333333333333,3.509640673673512,83.72916666666666,87.66666666666666
lk_matara,1,surface_pressure,2020,1010.6708333333333,1010.3874999999999,0.8106553133342551,1010.1354166666667,1011.16875
lk_matara,1,surface_pressure,2021,1009.2168010752687,1009.3416666666667,1.126956880291272,1008.5104166666666,1010.1166666666666
lk_matara,1,surface_pressure,2022,1010.2819892473118,1010.2291666666666,0.7533362425404687,1009.8375,1010.6958333333334
lk_matara,1,surface_pressure,2023,1010.6794354838711,1010.6458333333334,1.4392690143607552,1009.8895833333332,1011.7354166666667
lk_matara,1,surface_pressure,2024,1011.3127688172043,1011.0083333333333,1.0642055676152848,1010.4291666666666,1012.2291666666667
lk_matara,1,surface_pressure,2025,1009.4041666666667,1009.3874999999999,0.8844915101240419,1008.66875,1010.2791666666667
lk_matara,1,cloud_cover,2020,49.017473118279575,51.916666666666664,25.123810949829483,29.041666666666664,63.70833333333333
lk_matara,1,cloud_cover,2021,81.41935483870967,85.95833333333333,18.159032339191928,76.875,93.875
lk_matara,1,cloud_cover,2022,60.95967741935484,60.958333333333336,23.468365438904232,39.52083333333333,83.375
lk_matara,1,cloud_cover,2023,77.38978494623655,80.79166666666667,19.174106492012218,66.04166666666666,93.22916666666666
lk_matara,1,cloud_cover,2024,55.97849462365592,54.416666666666664,27.047615060039604,32.66666666666667,70.52083333333334
lk_matara,1,cloud_cover,2025,84.63709677419355,92.375,19.763243314049507,80.9375,98.14583333333333
lk_matara,1,shortwave_radiation,2020,250.98790322580646,251.125,18.74291901338141,242.83333333333331,262.47916666666663
lk_matara,1,shortwave_radiation,2021,193.78494623655914,207.375,48.404018113520806,162.79166666666666,227.875
lk_matara,1,shortwave_radiation,2022,244.0618279569892,248.91666666666666,27.104365489423092,234.52083333333334,265.1875
lk_matara,1,shortwave_radiation,2023,228.13978494623657,244.33333333333334,44.1721295735594,217.54166666666669,258.3958333333333
lk_matara,1,shortwave_radiation,2024,226.9112903225806,244.54166666666666,54.12819439501705,229.1875,256.60416666666663
lk_matara,1,shortwave_radiation,2025,171.43145161290326,179.125,63.96218279076799,137.8125,226.41666666666666
lk_matara,2,temperature_2m,2020,28.10342261904762,28.15833333333333,0.6846729694285714,27.76354166666667,28.664583333333333
lk_matara,2,temperature_2m,2021,26.804613095238096,26.852083333333333,0.36334483517181254,26.63125,27.110416666666666
lk_matara,2,temperature_2m,2022,26.893452380952386,26.90625,0.475392988519199,26.70104166666667,27.22083333333333
lk_matara,2,temperature_2m,2023,26.324404761904763,26.28333333333333,0.3940150151422587,26.07916666666667,26.548958333333335
lk_matara,2,temperature_2m,2024,28.09181547619048,28.166666666666664,0.6044188300320358,27.588541666666668,28.527083333333334
lk_matara,2,temperature_2m,2025,27.041369047619046,26.970833333333335,0.5824529606347153,26.635416666666664,27.321875000000002
lk_matara,2,precipitation,2020,0.5821428571428572,0.0,1.8223008597046821,0.0,0.1
lk_matara,2,precipitation,2021,1.857142857142857,0.75,2.826780470904635,0.275,2.075
lk_matara,2,precipitation,2022,2.064285714285714,1.15,2.523110115727147,0.30000000000000004,2.125
lk_matara,2,precipitation,2023,5.45,1.65,6.8246014671323625,0.75,11.274999999999999
lk_matara,2,precipitation,2024,0.8964285714285715,0.25,1.7992760154835001,0.0,0.7000000000000001
lk_matara,2,precipitation,2025,3.317857142857143,0.4,11.880393233653649,0.0,1.325
lk_matara,2,wind_speed_10m,2020,3.3888988095238095,3.2114583333333333,0.9638457684231291,2.8813541666666667,3.8390625
lk_matara,2,wind_speed_10m,2021,1.594017857142857,1.5437500000000002,0.5377984650124279,1.1948958333333333,1.7771875
lk_matara,2,wind_speed_10m,2022,1.800982142857143,1.694583333333333,0.48586986360616174,1.5106249999999999,1.9729166666666667
lk_matara,2,wind_speed_10m,2023,2.1107738095238098,2.0422916666666664,0.8244125271029119,1.5942708333333333,2.4402083333333335
lk_matara,2,wind_speed_10m,2024,3.234449404761905,3.2441666666666666,1.0433539054837098,2.4108333333333336,3.922604166666667
lk_matara,2,wind_speed_10m,2025,2.1653720238095238,2.1039583333333334,0.6196476512242817,1.7046875,2.5116666666666667
lk_matara,2,relative_humidity_2m,2020,69.05059523809524,68.75,4.9634123942638535,65.52083333333333,71.08333333333333
lk_matara,2,relative_humidity_2m,2021,80.08035714285714,80.29166666666666,3.1295733730581388,78.3125,82.53125
lk_matara,2,relative_humidity_2m,2022,79.11309523809523,78.33333333333333,3.103223656224703,76.79166666666667,80.98958333333333
lk_matara,2,relative_humidity_2m,2023,80.73809523809526,80.3125,5.5948248374535545,77.4375,85.125
lk_matara,2,relative_humidity_2m,2024,74.30505952380953,73.41666666666667,5.022788264605446,70.54166666666667,76.98958333333333
lk_matara,2,relative_humidity_2m,2025,76.73511904761905,76.25,4.420162462997773,74.28125,78.72916666666666
lk_matara,2,surface_pressure,2020,1010.8440476190475,1011.0458333333332,1.0635288703849315,1010.378125,1011.4979166666667
lk_matara,2,surface_pressure,2021,1010.1459821428573,1010.21875,0.7771860200438703,1009.5895833333333,1010.5510416666667
lk_matara,2,surface_pressure,2022,1009.3898809523811,1009.3187499999999,1.529095992148302,1008.484375,1010.553125
lk_matara,2,surface_pressure,2023,1010.4217261904762,1010.6979166666667,1.5073505414341655,1009.2875,1011.3854166666666
lk_matara,2,surface_pressure,2024,1011.4415178571429,1011.275,1.458073822652005,1010.815625,1012.5791666666667
lk_matara,2,surface_pressure,2025,1010.5218749999998,1010.5541666666667,0.9561560243233301,1009.7552083333334,1011.2104166666667
lk_matara,2,cloud_cover,2020,42.427083333333336,37.75,27.27361603850585,19.510416666666668,64.6875
lk_matara,2,cloud_cover,2021,62.08482142857143,66.625,24.30514942026518,34.89583333333333,83.39583333333333
lk_matara,2,cloud_cover,2022,65.14285714285715,69.77083333333333,27.77454478540466,40.729166666666664,89.92708333333333
lk_matara,2,cloud_cover,2023,65.19494047619048,72.91666666666666,27.197832643626754,45.270833333333336,85.59375
lk_matara,2,cloud_cover,2024,51.013392857142854,52.4375,20.848951101514977,36.95833333333333,64.625
lk_matara,2,cloud_cover,2025,55.78571428571429,54.10416666666667,27.40851250810801,41.27083333333333,74.38541666666667
lk_matara,2,shortwave_radiation,2020,267.24107142857144,278.22916666666663,36.81395668819064,260.1354166666667,281.71875
lk_matara,2,shortwave_radiation,2021,257.3184523809524,266.6458333333333,32.354212057248205,253.60416666666669,274.0625
lk_matara,2,shortwave_radiation,2022,251.94494047619042,267.0416666666667,39.64430660238592,252.72916666666669,276.1770833333333
lk_matara,2,shortwave_radiation,2023,245.40178571428572,254.33333333333331,40.35615492735008,212.55208333333331,278.67708333333337
lk_matara,2,shortwave_radiation,2024,266.97470238095235,265.5625,17.258732727544547,255.32291666666666,282.46875
lk_matara,2,shortwave_radiation,2025,267.20684523809524,278.625,42.21564806601455,258.1666666666667,287.9166666666667
lk_matara,3,temperature_2m,2020,28.14744623655914,28.204166666666666,0.450516264324108,27.870833333333334,28.485416666666666
lk_matara,3,temperature_2m,2021,26.94798387096774,27.116666666666664,0.629424037653177,26.489583333333336,27.4125
lk_matara,3,temperature_2m,2022,27.258870967741935,27.304166666666664,0.3272566630894466,26.989583333333332,27.508333333333333
lk_matara,3,temperature_2m,2023,26.83024193548387,26.825,0.4816373113675002,26.541666666666664,27.235416666666666
lk_matara,3,temperature_2m,2024,28.23360215053764,28.224999999999998,0.41502166315038314,27.9125,28.50625
lk_matara,3,temperature_2m,2025,27.016263440860218,27.066666666666666,0.5852383129248908,26.739583333333332,27.429166666666667
lk_matara,3,precipitation,2020,1.5322580645161292,0.4,2.2520194044122848,0.0,2.45
lk_matara,3,precipitation,2021,4.832258064516129,3.0,6.45576678104025,0.35000000000000003,6.35
lk_matara,3,precipitation,2022,3.719354838709678,2.0,5.067768697355127,1.3,3.0
lk_matara,3,precipitation,2023,4.216129032258064,3.3999999999999995,3.8855370091484613,1.5,6.0
lk_matara,3,precipitation,2024,2.5548387096774188,1.1,3.81233425516681,0.6000000000000001,2.75
lk_matara,3,precipitation,2025,4.641935483870967,1.9,6.659067712202582,1.0,4.45
lk_matara,3,wind_speed_10m,2020,2.698978494623656,2.5995833333333334,0.9809217771338529,1.9127083333333332,3.3902083333333333
lk_matara,3,wind_speed_10m,2021,2.269623655913979,2.3095833333333333,0.8866079721255381,1.4031250000000002,3.0460416666666665
lk_matara,3,wind_speed_10m,2022,2.345645161290322,1.8770833333333332,1.2626875724186966,1.3668749999999998,3.126875
lk_matara,3,wind_speed_10m,2023,2.328642473118279,1.9529166666666666,1.0805546574246943,1.3991666666666667,3.249166666666667
lk_matara,3,wind_speed_10m,2024,2.1882661290322583,2.06,0.7015174202647333,1.6252083333333336,2.6960416666666664
lk_matara,3,wind_speed_10m,2025,2.1398387096774196,2.1179166666666664,0.6861996345059194,1.7410416666666668,2.3902083333333337
lk_matara,3,relative_humidity_2m,2020,75.04032258064517,75.25,4.208628755733181,71.66666666666667,77.79166666666666
lk_matara,3,relative_humidity_2m,2021,80.5510752688172,80.58333333333333,5.613524402072576,77.54166666666667,84.77083333333333
lk_matara,3,relative_humidity_2m,2022,82.6733870967742,82.25,2.847393560715787,80.95833333333333,84.64583333333333
lk_matara,3,relative_humidity_2m,2023,83.27956989247312,83.79166666666667,3.3684812482708293,81.83333333333334,85.25
lk_matara,3,relative_humidity_2m,2024,77.20698924731184,77.79166666666667,4.834955233990831,72.95833333333334,81.0
lk_matara,3,relative_humidity_2m,2025,84.14247311827957,83.54166666666667,3.3670478021600854,82.47916666666667,86.3125
lk_matara,3,surface_pressure,2020,1010.1665322580644,1010.1958333333333,0.8055697919271055,1009.5999999999999,1010.7291666666667
lk_matara,3,surface_pressure,2021,1009.7134408602151,1009.3666666666667,1.3594349272348087,1008.8125,1010.6916666666667
lk_matara,3,surface_pressure,2022,1008.5461021505376,1008.6,0.9326137699214173,1007.7020833333333,1009.175
lk_matara,3,surface_pressure,2023,1010.2189516129033,1009.6958333333333,1.5774517361834097,1009.0166666666667,1010.4375
lk_matara,3,surface_pressure,2024,1010.9180107526884,1011.0333333333333,1.0729574625991565,1010.5520833333334,1011.4895833333334
lk_matara,3,surface_pressure,2025,1009.7123655913979,1009.4833333333332,1.2930219072500009,1008.6541666666667,1010.4395833333333
lk_matara,3,cloud_cover,2020,51.303763440860216,53.375,23.155668336395244,30.958333333333332,68.02083333333333
lk_matara,3,cloud_cover,2021,66.15322580645162,70.70833333333333,27.065146430129445,40.5,90.47916666666666
lk_matara,3,cloud_cover,2022,55.704301075268816,44.5,25.914148579971727,34.83333333333333,71.35416666666667
lk_matara,3,cloud_cover,2023,57.426075268817215,55.375,23.77556788879892,41.89583333333333,75.35416666666666
lk_matara,3,cloud_cover,2024,49.662634408602145,49.25,26.103303401613797,28.333333333333336,67.91666666666666
lk_matara,3,cloud_cover,2025,62.53629032258065,59.708333333333336,24.94809134579414,44.125,83.66666666666666
lk_matara,3,shortwave_radiation,2020,279.7446236559139,285.4166666666667,27.55804636046423,269.125,295.9375
lk_matara,3,shortwave_radiation,2021,243.87768817204298,268.4583333333333,50.498118244510444,216.47916666666669,281.10416666666663
lk_matara,3,shortwave_radiation,2022,253.2876344086022,268.5,39.33151383921181,248.27083333333334,278.3333333333333
lk_matara,3,shortwave_radiation,2023,253.4556451612903,268.5,32.93971228336145,241.33333333333331,272.8125
lk_matara,3,shortwave_radiation,2024,274.22983870967744,275.4166666666667,21.072133803406672,263.2291666666667,286.02083333333337
lk_matara,3,shortwave_radiation,2025,247.05376344086022,271.875,51.331291889363776,217.95833333333331,283.2291666666667
lk_matara,4,temperature_2m,2020,28.036666666666665,27.966666666666665,0.5111992885790024,27.70104166666667,28.419791666666665
lk_matara,4,temperature_2m,2021,27.33513888888889,27.339583333333334,0.41853129236459513,27.094791666666666,27.623958333333334
lk_matara,4,temperature_2m,2022,27.124444444444446,27.15416666666667,0.6147402471937191,26.79270833333333,27.59270833333333
lk_matara,4,temperature_2m,2023,27.463472222222226,27.454166666666666,0.6411670350433721,27.072916666666668,28.010416666666668
lk_matara,4,temperature_2m,2024,28.38638888888889,28.458333333333336,0.5356417058417287,28.290625000000002,28.619791666666668
lk_matara,4,temperature_2m,2025,27.31847222222222,27.287499999999998,0.6800318719758195,26.758333333333333,27.947916666666664
lk_matara,4,precipitation,2020,5.166666666666666,3.55,4.875153991083934,2.0,8.25
lk_matara,4,precipitation,2021,3.443333333333334,2.3,4.301297585559528,1.525,3.1750000000000003
lk_matara,4,precipitation,2022,6.12,5.95,3.8921140430539714,3.0250000000000004,8.6
lk_matara,4,precipitation,2023,5.4366666666666665,3.1,7.91787516486821,2.125,5.05
lk_matara,4,precipitation,2024,5.17,2.95,6.132454647202863,2.1,6.300000000000001
lk_matara,4,precipitation,2025,8.416666666666666,4.550000000000001,10.297441373980952,1.2750000000000001,12.7
lk_matara,4,wind_speed_10m,2020,2.5186805555555556,2.515416666666667,0.6891532636687947,2.073854166666667,2.9113541666666665
lk_matara,4,wind_speed_10m,2021,2.6547638888888887,2.4327083333333333,1.2804141193729937,1.7603125,3.6196875
lk_matara,4,wind_speed_10m,2022,2.485194444444445,2.3014583333333336,0.9662707506045181,1.6861458333333335,2.880520833333333
lk_matara,4,wind_speed_10m,2023,1.939638888888889,1.885625,0.7242729768445241,1.4454166666666666,2.3915625
lk_matara,4,wind_speed_10m,2024,2.231069444444444,2.2164583333333336,0.7099263162899255,1.5857291666666666,2.748333333333333
lk_matara,4,wind_speed_10m,2025,2.998916666666667,3.0581250000000004,0.8210719838030079,2.354895833333333,3.49
lk_matara,4,relative_humidity_2m,2020,80.97777777777779,81.89583333333333,4.562186499665121,77.51041666666667,84.58333333333333
lk_matara,4,relative_humidity_2m,2021,83.72500000000001,83.70833333333334,2.740527048899012,82.26041666666666,85.82291666666666
lk_matara,4,relative_humidity_2m,2022,85.44166666666668,85.5,2.731468385361597,84.08333333333333,87.20833333333334
lk_matara,4,relative_humidity_2m,2023,84.24444444444445,84.33333333333334,3.417362792368049,82.36458333333334,86.79166666666666
lk_matara,4,relative_humidity_2m,2024,83.44444444444443,83.3125,3.3584957843637033,81.70833333333334,85.97916666666667
lk_matara,4,relative_humidity_2m,2025,85.57083333333335,86.02083333333333,3.2897137011649176,82.97916666666667,88.04166666666667
lk_matara,4,surface_pressure,2020,1009.9466666666668,1009.9000000000001,0.7856626531773675,1009.39375,1010.5614583333333
lk_matara,4,surface_pressure,2021,1009.6919444444447,1009.94375,1.1317035977700347,1009.1041666666666,1010.53125
lk_matara,4,surface_pressure,2022,1008.7116666666665,1008.46875,1.4385690261200106,1007.5020833333333,1009.8000000000001
lk_matara,4,surface_pressure,2023,1009.0490277777777,1009.1395833333333,1.3826232785642725,1008.1354166666667,1010.0906249999999
lk_matara,4,surface_pressure,2024,1008.2322222222224,1008.2791666666667,0.9680324609568453,1007.340625,1008.9906249999999
lk_matara,4,surface_pressure,2025,1009.10125,1008.9208333333333,0.7169975095074096,1008.6010416666667,1009.5291666666666
lk_matara,4,cloud_cover,2020,52.87361111111112,53.375,25.82025411241643,31.75,73.0
lk_matara,4,cloud_cover,2021,55.5375,57.77083333333333,20.520184875103563,37.0625,67.90625
lk_matara,4,cloud_cover,2022,65.83055555555555,67.66666666666667,20.19657921384836,49.46875,83.3125
lk_matara,4,cloud_cover,2023,49.88194444444445,38.354166666666664,27.34025810124667,27.697916666666668,66.39583333333333
lk_matara,4,cloud_cover,2024,67.63194444444444,65.33333333333334,21.14785310645345,51.79166666666667,85.44791666666666
lk_matara,4,cloud_cover,2025,65.1875,68.66666666666666,28.845922667680583,35.6875,94.4375
lk_matara,4,shortwave_radiation,2020,263.32500000000005,261.75,24.237152954366017,250.94791666666669,273.0
lk_matara,4,shortwave_radiation,2021,264.45833333333337,267.5625,23.348789010907225,253.30208333333334,279.36458333333337
lk_matara,4,shortwave_radiation,2022,243.8472222222222,252.22916666666669,34.3815473272449,238.73958333333334,267.6770833333333
lk_matara,4,shortwave_radiation,2023,252.37638888888887,272.875,48.99083047576985,244.32291666666666,280.3333333333333
lk_matara,4,shortwave_radiation,2024,256.3861111111111,271.08333333333337,38.66256656406248,247.9375,277.875
lk_matara,4,shortwave_radiation,2025,238.83750000000003,258.625,45.84220701716903,219.40625,271.2604166666667
lk_matara,5,temperature_2m,2020,27.58561827956989,27.65416666666667,0.620894701207904,27.168750000000003,27.983333333333334
lk_matara,5,temperature_2m,2021,27.365725806451607,27.354166666666668,0.5688974774987322,27.03541666666667,27.710416666666667
lk_matara,5,temperature_2m,2022,26.895967741935486,26.912499999999998,0.7030978771484498,26.581250000000004,27.37291666666667
lk_matara,5,temperature_2m,2023,27.4244623655914,27.541666666666668,0.5807997977082301,26.916666666666664,27.870833333333337
lk_matara,5,temperature_2m,2024,27.652150537634412,27.6375,0.8932494201414487,26.893749999999997,28.091666666666665
lk_matara,5,temperature_2m,2025,27.53319892473118,27.55,0.6195647776782873,27.235416666666666,28.03333333333333
lk_matara,5,precipitation,2020,7.825806451612904,6.4,6.6271646899678744,2.8499999999999996,10.05
lk_matara,5,precipitation,2021,9.790322580645162,5.7,12.051704024430453,2.5,12.0
lk_matara,5,precipitation,2022,9.851612903225805,6.4,9.24430891477713,5.0,14.7
lk_matara,5,precipitation,2023,6.825806451612903,3.8000000000000007,6.987892755422791,2.3499999999999996,9.3
lk_matara,5,precipitation,2024,14.77741935483871,13.3,11.743046443957642,5.5,17.2
lk_matara,5,precipitation,2025,6.922580645161289,4.6,7.234625522555602,2.1500000000000004,9.0
lk_matara,5,wind_speed_10m,2020,4.356854838709677,4.609583333333333,1.7705110877998202,2.905416666666667,5.501041666666666
lk_matara,5,wind_speed_10m,2021,4.040362903225806,3.8995833333333336,2.3847130227171665,1.6314583333333332,6.255208333333334
lk_matara,5,wind_speed_10m,2022,5.571626344086021,5.545833333333333,0.9273655647483379,5.05125,6.183125
lk_matara,5,wind_speed_10m,2023,4.2038172043010755,4.105833333333333,1.0657380348802619,3.2695833333333333,4.966875
lk_matara,5,wind_speed_10m,2024,4.300000000000001,3.55125,2.474918388572155,2.38,6.511875
lk_matara,5,wind_speed_10m,2025,4.972405913978495,5.07625,1.450955738301536,4.02,5.787708333333333
lk_matara,5,relative_humidity_2m,2020,86.2983870967742,86.29166666666667,2.7063474936290817,84.3125,88.6875
lk_matara,5,relative_humidity_2m,2021,84.83333333333333,84.41666666666667,2.8101378969723174,82.75,86.625
lk_matara,5,relative_humidity_2m,2022,87.35887096774195,86.91666666666667,2.515960106374855,85.60416666666666,89.29166666666666
lk_matara,5,relative_humidity_2m,2023,86.45564516129029,86.45833333333333,2.821276132238195,84.1875,89.0
lk_matara,5,relative_humidity_2m,2024,87.60080645161288,87.20833333333333,3.2674526795566874,85.625,90.0
lk_matara,5,relative_humidity_2m,2025,85.46774193548387,85.66666666666667,3.376092238854986,83.27083333333334,87.6875
lk_matara,5,surface_pressure,2020,1008.1177419354838,1008.4291666666667,1.6307920166450396,1007.29375,1009.4083333333333
lk_matara,5,surface_pressure,2021,1008.245564516129,1008.2583333333333,0.7680354142556205,1007.8479166666666,1008.6395833333333
lk_matara,5,surface_pressure,2022,1007.7231182795698,1007.8083333333334,1.570589002037586,1006.7083333333333,1009.0208333333333
lk_matara,5,surface_pressure,2023,1009.4869623655915,1009.3958333333334,1.4430267115348547,1008.5999999999999,1010.675
lk_matara,5,surface_pressure,2024,1007.1185483870967,1007.3833333333333,1.2073778975099163,1006.0354166666666,1007.9145833333333
lk_matara,5,surface_pressure,2025,1007.7041666666668,1007.8416666666667,0.9088123100039996,1007.1125000000001,1008.1958333333333
lk_matara,5,cloud_cover,2020,81.56989247311827,90.33333333333333,20.48121143035048,74.0,96.45833333333333
lk_matara,5,cloud_cover,2021,83.70967741935482,90.33333333333333,15.51699517744713,69.14583333333334,96.66666666666667
lk_matara,5,cloud_cover,2022,79.96505376344085,85.625,19.931654335103502,66.14583333333334,96.52083333333334
lk_matara,5,cloud_cover,2023,72.23924731182797,91.66666666666667,31.617251224136034,41.3125,99.5625
lk_matara,5,cloud_cover,2024,91.27822580645163,94.95833333333333,11.788154105298876,89.83333333333333,99.02083333333334
lk_matara,5,cloud_cover,2025,82.57392473118279,88.20833333333333,16.744729372797277,75.35416666666666,95.8125
lk_matara,5,shortwave_radiation,2020,213.5403225806452,213.54166666666666,38.48986080394794,197.60416666666669,240.47916666666666
lk_matara,5,shortwave_radiation,2021,226.53494623655916,235.04166666666666,41.07697028813796,202.83333333333331,253.125
lk_matara,5,shortwave_radiation,2022,220.29166666666666,240.58333333333334,51.54943689745257,216.33333333333331,246.875
lk_matara,5,shortwave_radiation,2023,225.61021505376343,232.45833333333334,44.528562603623335,207.41666666666669,258.0208333333333
lk_matara,5,shortwave_radiation,2024,201.74865591397852,217.70833333333334,60.61870479330946,181.4375,239.8125
lk_matara,5,shortwave_radiation,2025,222.48252688172042,229.5,37.33253777394154,199.97916666666666,250.91666666666669
lk_matara,6,temperature_2m,2020,27.38819444444444,27.547916666666666,0.5348522320429522,26.898958333333336,27.746875
lk_matara,6,temperature_2m,2021,26.84819444444445,26.866666666666667,0.5702595733545861,26.509375,27.348958333333332
lk_matara,6,temperature_2m,2022,26.676805555555557,26.745833333333334,0.4337085070933702,26.414583333333333,26.890625
lk_matara,6,temperature_2m,2023,27.073194444444443,27.05625,0.3805585532085423,26.872916666666665,27.34583333333333
lk_matara,6,temperature_2m,2024,27.136805555555558,27.2125,0.4320869056444253,26.926041666666666,27.447916666666664
lk_matara,6,temperature_2m,2025,27.16347222222222,27.262499999999996,0.537553663156218,26.879166666666666,27.610416666666666
lk_matara,6,precipitation,2020,4.583333333333334,2.6,4.904050636328928,1.4,6.275
lk_matara,6,precipitation,2021,5.010000000000002,3.35,5.94807126084901,1.25,5.949999999999999
lk_matara,6,precipitation,2022,5.300000000000001,4.95,3.6796738985948196,2.8,6.8500000000000005
lk_matara,6,precipitation,2023,6.17,5.5,3.3056013068729264,3.9250000000000007,7.7
lk_matara,6,precipitation,2024,7.1033333333333335,5.2,6.611353001144858,3.6,8.25
lk_matara,6,precipitation,2025,4.713333333333333,2.6,4.889025947225447,1.75,5.625
lk_matara,6,wind_speed_10m,2020,5.116944444444445,5.143958333333334,0.8049245232855454,4.56375,5.6016666666666675
lk_matara,6,wind_speed_10m,2021,5.2301527777777785,5.273333333333333,0.5869679918117836,4.8946875,5.641979166666667
lk_matara,6,wind_speed_10m,2022,5.213569444444444,5.1425,0.8335127944932651,4.650104166666667,5.770208333333334
lk_matara,6,wind_speed_10m,2023,5.363972222222224,5.414166666666667,0.5794487419162297,4.991458333333333,5.6178125
lk_matara,6,wind_speed_10m,2024,4.850555555555556,4.92875,0.9736368020396924,4.101041666666667,5.3590625
lk_matara,6,wind_speed_10m,2025,5.332958333333332,5.264583333333333,0.47778062091230594,4.9625,5.592291666666667
lk_matara,6,relative_humidity_2m,2020,84.06805555555555,83.9375,3.589067240357999,81.42708333333334,87.15625
lk_matara,6,relative_humidity_2m,2021,84.83055555555555,85.45833333333333,3.209180984705067,82.05208333333333,87.80208333333333
lk_matara,6,relative_humidity_2m,2022,85.53333333333335,85.47916666666666,2.9258762645930214,83.27083333333333,87.35416666666667
lk_matara,6,relative_humidity_2m,2023,86.65694444444445,87.04166666666667,2.4694416700052084,84.45833333333334,88.125
lk_matara,6,relative_humidity_2m,2024,86.12916666666666,85.20833333333334,2.4825625105471056,84.3125,87.63541666666667
lk_matara,6,relative_humidity_2m,2025,84.8375,84.72916666666667,2.94776828857727,82.75,86.54166666666667
lk_matara,6,surface_pressure,2020,1007.9068055555556,1007.4770833333334,1.390164756411292,1006.9666666666667,1008.8052083333332
lk_matara,6,surface_pressure,2021,1009.1906944444444,1009.1041666666666,0.8316726868269977,1008.6833333333333,1009.7229166666666
lk_matara,6,surface_pressure,2022,1007.8594444444444,1008.0166666666667,0.7420111989805307,1007.4041666666666,1008.2145833333334
lk_matara,6,surface_pressure,2023,1008.8505555555554,1008.85,0.8758908528345151,1008.3802083333333,1009.3958333333333
lk_matara,6,surface_pressure,2024,1008.7315277777778,1008.7104166666667,1.2445978493766738,1008.1333333333333,1009.734375
lk_matara,6,surface_pressure,2025,1008.8083333333335,1009.15625,1.0729815988609748,1008.05625,1009.6031250000001
lk_matara,6,cloud_cover,2020,78.53611111111111,83.66666666666666,20.361036495030884,66.3125,96.1875
lk_matara,6,cloud_cover,2021,77.07500000000002,77.45833333333334,16.784027882305935,67.85416666666666,92.5
lk_matara,6,cloud_cover,2022,87.34583333333332,94.9375,15.269349534317087,79.48958333333334,98.9375
lk_matara,6,cloud_cover,2023,80.40833333333332,80.89583333333334,13.055242007321496,72.625,90.73958333333333
lk_matara,6,cloud_cover,2024,78.46805555555555,81.70833333333334,18.72307991927273,67.47916666666667,95.66666666666667
lk_matara,6,cloud_cover,2025,76.375,81.91666666666666,23.46135344271478,59.91666666666667,97.80208333333333
lk_matara,6,shortwave_radiation,2020,232.9625,233.89583333333331,27.641193936784962,216.17708333333334,250.875
lk_matara,6,shortwave_radiation,2021,237.0111111111111,242.85416666666666,31.292239524680667,221.48958333333331,261.03125
lk_matara,6,shortwave_radiation,2022,221.9472222222222,230.375,29.345712622077755,219.8125,237.875
lk_matara,6,shortwave_radiation,2023,231.67222222222227,232.64583333333334,12.682195814482748,226.59375,240.26041666666666
lk_matara,6,shortwave_radiation,2024,224.70833333333334,234.16666666666669,36.92770034380685,222.64583333333334,243.57291666666669
lk_matara,6,shortwave_radiation,2025,230.7513888888889,238.83333333333331,37.34311609071508,225.29166666666666,254.35416666666666
lk_matara,7,temperature_2m,2020,26.79798387096774,26.72083333333333,0.6074469102771509,26.300000000000004,27.31875
lk_matara,7,temperature_2m,2021,26.72258064516129,26.675,0.5209419599984028,26.268749999999997,27.164583333333333
lk_matara,7,temperature_2m,2022,26.776075268817205,26.829166666666666,0.4433980317007835,26.4125,27.145833333333336
lk_matara,7,temperature_2m,2023,26.89301075268817,26.945833333333336,0.571712003280796,26.470833333333335,27.320833333333333
lk_matara,7,temperature_2m,2024,27.294354838709673,27.295833333333334,0.504018054758064,27.02916666666667,27.639583333333334
lk_matara,7,temperature_2m,2025,27.0244623655914,27.054166666666664,0.5758746788656903,26.585416666666667,27.545833333333334
lk_matara,7,precipitation,2020,6.703225806451614,4.7,6.9565069717000805,2.05,8.85
lk_matara,7,precipitation,2021,5.532258064516129,3.7,5.702185960768273,1.55,6.25
lk_matara,7,precipitation,2022,3.6580645161290324,2.5000000000000004,3.6893336519890587,1.25,4.45
lk_matara,7,precipitation,2023,5.754838709677419,3.5,5.6204293258123625,1.85,6.199999999999999
lk_matara,7,precipitation,2024,4.858064516129033,3.9000000000000004,4.3806981326076615,1.6,6.150000000000001
lk_matara,7,precipitation,2025,3.535483870967741,2.8,3.2457714426719133,1.4500000000000002,4.6
lk_matara,7,wind_speed_10m,2020,4.6144220430107525,4.708333333333333,0.7839388740861528,4.1970833333333335,4.974166666666667
lk_matara,7,wind_speed_10m,2021,5.819637096774195,5.673749999999999,0.9971615836287487,5.095416666666667,6.244375
lk_matara,7,wind_speed_10m,2022,5.534099462365591,5.827916666666667,1.4087249048701997,4.786041666666667,6.444166666666667
lk_matara,7,wind_speed_10m,2023,5.34864247311828,5.275416666666667,0.9347568197807613,4.711666666666667,6.066041666666666
lk_matara,7,wind_speed_10m,2024,4.885470430107526,4.949583333333334,0.8007629734233064,4.417708333333334,5.386458333333333
lk_matara,7,wind_speed_10m,2025,5.946397849462365,5.720416666666666,0.8873647298346269,5.429166666666667,6.729583333333334
lk_matara,7,relative_humidity_2m,2020,85.33198924731181,85.16666666666667,2.5850908866949167,83.39583333333334,87.5
lk_matara,7,relative_humidity_2m,2021,84.50672043010753,84.29166666666667,2.6476556885594635,82.375,86.0625
lk_matara,7,relative_humidity_2m,2022,83.76478494623656,83.75,2.7367430542166105,81.97916666666666,85.60416666666666
lk_matara,7,relative_humidity_2m,2023,85.9018817204301,85.54166666666667,3.0552881521962894,84.04166666666667,88.04166666666667
lk_matara,7,relative_humidity_2m,2024,85.04166666666667,84.83333333333333,2.678014051355828,82.79166666666666,86.72916666666666
lk_matara,7,relative_humidity_2m,2025,83.43413978494623,82.58333333333333,2.3994061329670617,81.83333333333334,85.47916666666666
lk_matara,7,surface_pressure,2020,1007.6728494623655,1007.6208333333334,0.9187645633563096,1007.11875,1008.1645833333334
lk_matara,7,surface_pressure,2021,1008.4403225806453,1008.3041666666667,1.2872906999496412,1007.3333333333333,1009.5145833333333
lk_matara,7,surface_pressure,2022,1007.5494623655915,1007.525,1.077692441102981,1007.0145833333333,1007.9354166666667
lk_matara,7,surface_pressure,2023,1009.5430107526881,1009.4250000000001,0.7972096788817453,1009.1625,1010.1083333333333
lk_matara,7,surface_pressure,2024,1008.1655913978494,1008.0,0.9780176282576775,1007.41875,1008.5958333333333
lk_matara,7,surface_pressure,2025,1008.3995967741936,1008.5083333333333,0.8484908681214747,1007.8249999999999,1009.0270833333334
lk_matara,7,cloud_cover,2020,89.76075268817205,93.95833333333333,10.04992150180058,84.5,97.6875
lk_matara,7,cloud_cover,2021,85.18279569892472,89.875,15.881107302255678,79.35416666666667,97.47916666666666
lk_matara,7,cloud_cover,2022,87.41263440860214,95.54166666666667,13.766822011325537,82.0,97.95833333333334
lk_matara,7,cloud_cover,2023,78.70564516129032,85.20833333333333,19.085828729022907,65.14583333333333,96.85416666666666
lk_matara,7,cloud_cover,2024,80.89650537634408,87.625,16.95381413633565,64.89583333333334,95.4375
lk_matara,7,cloud_cover,2025,77.93682795698926,86.33333333333333,21.423420549218413,62.35416666666667,96.5
lk_matara,7,shortwave_radiation,2020,208.33333333333337,216.95833333333334,40.634906199619216,188.95833333333331,241.5
lk_matara,7,shortwave_radiation,2021,222.5201612903226,228.16666666666666,30.762519792022886,202.625,240.83333333333331
lk_matara,7,shortwave_radiation,2022,224.23387096774192,231.79166666666666,40.69975554660207,206.89583333333334,255.54166666666669
lk_matara,7,shortwave_radiation,2023,221.60618279569894,241.04166666666666,44.66407128486549,196.60416666666669,250.77083333333331
lk_matara,7,shortwave_radiation,2024,230.9516129032258,239.08333333333334,28.71948682058497,209.0625,252.10416666666669
lk_matara,7,shortwave_radiation,2025,234.15860215053763,247.33333333333334,35.554716926993834,218.66666666666666,255.83333333333331
lk_matara,8,temperature_2m,2020,26.873252688172037,26.90416666666667,0.6115513952402619,26.433333333333337,27.347916666666666
lk_matara,8,temperature_2m,2021,26.3375,26.45,0.44995241517956736,26.041666666666664,26.65
lk_matara,8,temperature_2m,2022,26.31881720430108,26.458333333333332,0.4939001423942992,26.054166666666664,26.666666666666668
lk_matara,8,temperature_2m,2023,27.246639784946236,27.416666666666668,0.4860905781633827,27.110416666666666,27.545833333333334
lk_matara,8,temperature_2m,2024,26.90940860215054,27.058333333333334,0.6009511825226642,26.495833333333337,27.364583333333336
lk_matara,8,temperature_2m,2025,26.878091397849463,26.854166666666668,0.3540178898982093,26.637500000000003,27.177083333333336
lk_matara,8,precipitation,2020,3.9161290322580644,1.5,4.96924519916882,0.7,6.8999999999999995
lk_matara,8,precipitation,2021,5.670967741935486,3.8,6.061418620993335,2.35,6.1
lk_matara,8,precipitation,2022,4.9709677419354845,2.2,6.320295011489422,1.3,5.4
lk_matara,8,precipitation,2023,3.6096774193548384,2.9,3.0656543443675743,1.6,4.1
lk_matara,8,precipitation,2024,10.712903225806452,5.8,12.679346511433042,2.0,15.85
lk_matara,8,precipitation,2025,2.441935483870968,1.9000000000000004,1.9193356825645669,1.2000000000000002,3.9
lk_matara,8,wind_speed_10m,2020,4.774825268817204,4.8341666666666665,0.862959819553771,4.265833333333333,5.346875
lk_matara,8,wind_speed_10m,2021,5.175752688172042,5.428333333333334,1.1379862077460827,4.818125,5.845
lk_matara,8,wind_speed_10m,2022,5.738655913978493,5.510833333333333,1.2115623030749916,5.086041666666667,6.499375
lk_matara,8,wind_speed_10m,2023,4.827674731182795,4.8133333333333335,0.7353048370608056,4.300625,5.305
lk_matara,8,wind_speed_10m,2024,4.387876344086021,4.59625,0.9108156979259916,3.7908333333333335,5.001250000000001
lk_matara,8,wind_speed_10m,2025,5.439126344086021,5.410833333333333,0.6394628311639878,4.9402083333333335,6.022500000000001
lk_matara,8,relative_humidity_2m,2020,84.34811827956992,83.83333333333333,3.2436288760497254,82.1875,87.08333333333333
lk_matara,8,relative_humidity_2m,2021,85.72580645161288,86.0,2.7237334423533492,83.47916666666666,87.5
lk_matara,8,relative_humidity_2m,2022,84.95161290322581,84.625,2.309729240339613,83.64583333333333,86.70833333333333
lk_matara,8,relative_humidity_2m,2023,83.20564516129032,82.45833333333333,2.7864573179410606,81.14583333333334,85.125
lk_matara,8,relative_humidity_2m,2024,85.35483870967742,85.70833333333333,3.883098928424705,82.0625,88.0625
lk_matara,8,relative_humidity_2m,2025,82.75403225806451,82.83333333333333,1.7902887090879216,81.70833333333334,84.10416666666666
lk_matara,8,surface_pressure,2020,1008.5317204301076,1008.4791666666666,0.9564484346394472,1008.0895833333333,1009.0562500000001
lk_matara,8,surface_pressure,2021,1009.3228494623656,1009.6374999999999,1.2751923742705853,1008.3770833333333,1010.0625
lk_matara,8,surface_pressure,2022,1007.95188172043,1007.775,0.8166764729496953,1007.4708333333333,1008.7416666666667
lk_matara,8,surface_pressure,2023,1010.043682795699,1010.1374999999999,0.9879926519396404,1009.3770833333333,1010.7875
lk_matara,8,surface_pressure,2024,1009.0075268817203,1009.3708333333334,1.617214762242881,1007.9791666666667,1010.1041666666667
lk_matara,8,surface_pressure,2025,1009.0712365591398,1009.1416666666668,0.9816524916673314,1008.5604166666667,1009.7166666666667
lk_matara,8,cloud_cover,2020,77.8991935483871,87.5,22.23160333462157,58.33333333333333,96.97916666666666
lk_matara,8,cloud_cover,2021,92.38306451612905,95.70833333333333,11.341471849880193,92.39583333333334,98.75
lk_matara,8,cloud_cover,2022,88.19354838709677,92.75,11.736973415332008,81.27083333333334,96.41666666666666
lk_matara,8,cloud_cover,2023,73.34005376344086,76.41666666666667,21.879060725674535,56.229166666666664,95.6875
lk_matara,8,cloud_cover,2024,84.11424731182797,89.875,17.59476645061289,78.39583333333333,98.95833333333334
lk_matara,8,cloud_cover,2025,77.44220430107528,85.45833333333333,18.959348804975388,62.27083333333333,92.83333333333334
lk_matara,8,shortwave_radiation,2020,243.20161290322582,252.41666666666666,40.90274726009171,212.04166666666669,277.2291666666667
lk_matara,8,shortwave_radiation,2021,220.6370967741935,227.66666666666666,36.641600007438775,205.58333333333331,246.89583333333331
lk_matara,8,shortwave_radiation,2022,236.89919354838713,250.16666666666666,44.82241551052695,232.0,264.625
lk_matara,8,shortwave_radiation,2023,253.12096774193546,259.75,33.27676511659225,247.70833333333334,271.8541666666667
lk_matara,8,shortwave_radiation,2024,217.1801075268817,226.33333333333334,44.51010131281372,206.85416666666669,239.16666666666666
lk_matara,8,shortwave_radiation,2025,248.6922043010753,251.33333333333334,31.777868852007494,243.27083333333334,261.54166666666663
lk_matara,9,temperature_2m,2020,26.175138888888892,26.125,0.40194612085164877,25.882291666666667,26.477083333333333
lk_matara,9,temperature_2m,2021,26.58333333333333,26.677083333333336,0.49343147128880827,26.237499999999997,26.961458333333333
lk_matara,9,temperature_2m,2022,26.42958333333333,26.385416666666664,0.5859019289969092,26.155208333333334,26.817708333333336
lk_matara,9,temperature_2m,2023,26.205416666666668,26.241666666666667,0.5159479497753576,25.776041666666664,26.583333333333332
lk_matara,9,temperature_2m,2024,27.04625,27.066666666666666,0.4312801574773828,26.77916666666667,27.378124999999997
lk_matara,9,temperature_2m,2025,27.089861111111112,27.175,0.6098063995951739,26.672916666666666,27.66979166666667
lk_matara,9,precipitation,2020,8.123333333333335,6.45,6.974272095664739,3.7,9.25
lk_matara,9,precipitation,2021,4.703333333333333,3.55,5.355080303550196,2.45,4.95
lk_matara,9,precipitation,2022,3.9466666666666663,2.05,5.3357437081947845,1.225,3.825
lk_matara,9,precipitation,2023,13.656666666666666,10.7,8.625091037333974,8.225000000000001,16.375
lk_matara,9,precipitation,2024,5.220000000000001,4.3,4.114432126568371,3.0250000000000004,5.325
lk_matara,9,precipitation,2025,4.133333333333333,3.6500000000000004,3.5466675308961007,1.525,5.875
lk_matara,9,wind_speed_10m,2020,4.782986111111112,4.767291666666667,0.8225620622811866,4.322604166666666,5.116562500000001
lk_matara,9,wind_speed_10m,2021,4.930944444444444,4.80875,0.8403716916582122,4.485729166666667,5.395520833333334
lk_matara,9,wind_speed_10m,2022,5.106736111111112,5.135625,0.6795659488756983,4.674479166666666,5.5534375
lk_matara,9,wind_speed_10m,2023,3.9593333333333334,4.238333333333333,1.0428849060193868,3.0771875,4.707395833333334
lk_matara,9,wind_speed_10m,2024,5.102361111111111,5.337291666666666,0.8009901404764512,4.81,5.68
lk_matara,9,wind_speed_10m,2025,5.178611111111111,5.030833333333334,0.6149870467647087,4.813124999999999,5.477083333333333
lk_matara,9,relative_humidity_2m,2020,87.34999999999998,87.83333333333333,2.1772948874279594,86.07291666666667,88.97916666666667
lk_matara,9,relative_humidity_2m,2021,85.41111111111111,86.1875,2.918118139112714,84.64583333333333,87.07291666666667
lk_matara,9,relative_humidity_2m,2022,84.29444444444445,84.25,3.341959623508287,82.08333333333333,86.8125
lk_matara,9,relative_humidity_2m,2023,88.15555555555557,88.29166666666667,2.9029631556418436,86.05208333333333,90.83333333333333
lk_matara,9,relative_humidity_2m,2024,85.29444444444445,85.72916666666666,2.40656164532427,83.46875,87.47916666666667
lk_matara,9,relative_humidity_2m,2025,81.92916666666665,81.125,3.935059375571356,78.75,84.94791666666667
lk_matara,9,surface_pressure,2020,1009.0556944444446,1009.1604166666667,0.8063375077502345,1008.5802083333333,1009.58125
lk_matara,9,surface_pressure,2021,1008.7619444444445,1008.7625,0.9032533082988103,1008.2041666666667,1009.4489583333333
lk_matara,9,surface_pressure,2022,1009.3502777777779,1009.3354166666667,0.9204798779003535,1008.8447916666667,1009.7322916666667
lk_matara,9,surface_pressure,2023,1010.0327777777779,1010.0604166666667,0.7701287812561217,1009.6708333333333,1010.6822916666666
lk_matara,9,surface_pressure,2024,1008.9709722222225,1009.0854166666667,0.9069227971165738,1008.3458333333333,1009.4697916666667
lk_matara,9,surface_pressure,2025,1009.2998611111111,1009.3416666666667,0.7894694882999505,1008.8989583333333,1009.89375
lk_matara,9,cloud_cover,2020,90.1986111111111,93.625,10.506279385651906,85.08333333333334,98.125
lk_matara,9,cloud_cover,2021,79.34166666666668,81.97916666666666,15.583104368592675,68.52083333333333,92.75
lk_matara,9,cloud_cover,2022,71.28333333333333,71.41666666666666,21.359161246572583,53.364583333333336,93.71875
lk_matara,9,cloud_cover,2023,87.20138888888889,94.72916666666666,14.638099478340871,79.46875,97.1875
lk_matara,9,cloud_cover,2024,81.87638888888891,86.625,16.877940652440547,72.63541666666666,96.03125
lk_matara,9,cloud_cover,2025,81.1611111111111,82.75,15.838689102247384,75.66666666666667,93.21875
lk_matara,9,shortwave_radiation,2020,205.7541666666667,214.77083333333331,42.500858327483186,168.55208333333334,237.29166666666666
lk_matara,9,shortwave_radiation,2021,235.32361111111112,240.4375,26.17211507843414,230.5,249.55208333333334
lk_matara,9,shortwave_radiation,2022,251.18888888888887,262.5625,36.866187065153085,241.08333333333334,272.6458333333333
lk_matara,9,shortwave_radiation,2023,193.35972222222225,213.5,50.273689974536495,159.45833333333334,231.33333333333334
lk_matara,9,shortwave_radiation,2024,237.13888888888886,251.75,34.059919334089734,228.61458333333331,258.57291666666663
lk_matara,9,shortwave_radiation,2025,240.9263888888889,249.25,37.03980346369283,222.97916666666666,266.0
lk_matara,10,temperature_2m,2020,26.813037634408595,26.933333333333334,0.46416459945615385,26.429166666666667,27.2125
lk_matara,10,temperature_2m,2021,26.602150537634408,26.766666666666666,0.6113565204539444,26.11875,27.025000000000002
lk_matara,10,temperature_2m,2022,26.118817204301074,26.191666666666666,0.4829187289857962,25.683333333333334,26.49375
lk_matara,10,temperature_2m,2023,25.997849462365597,25.979166666666668,0.4756743154310653,25.704166666666666,26.329166666666666
lk_matara,10,temperature_2m,2024,26.693817204301066,26.745833333333334,0.7133140824957392,25.93958333333333,27.322916666666664
lk_matara,10,temperature_2m,2025,26.778763440860214,26.879166666666666,0.7728317599655633,26.22083333333333,27.40833333333333
lk_matara,10,precipitation,2020,2.274193548387097,1.2,3.103757694788205,0.4,2.45
lk_matara,10,precipitation,2021,6.106451612903226,3.7,8.280979631415235,1.25,7.000000000000001
lk_matara,10,precipitation,2022,6.529032258064517,5.0,4.898380245781054,3.1500000000000004,8.649999999999999
lk_matara,10,precipitation,2023,15.312903225806451,12.3,14.663668070790562,5.300000000000001,17.9
lk_matara,10,precipitation,2024,6.732258064516127,3.3000000000000003,7.570441955252644,1.7000000000000002,7.699999999999999
lk_matara,10,precipitation,2025,8.058064516129033,3.9000000000000004,10.76914649027639,0.75,10.85
lk_matara,10,wind_speed_10m,2020,5.187311827956989,5.1925,1.031811271719799,4.696041666666667,5.812291666666667
lk_matara,10,wind_speed_10m,2021,4.308857526881719,3.945,1.2610626534119336,3.3497916666666665,5.318333333333333
lk_matara,10,wind_speed_10m,2022,4.504637096774195,4.62625,1.857671524350716,3.7254166666666664,5.828958333333333
lk_matara,10,wind_speed_10m,2023,2.0691666666666664,2.0004166666666667,0.659537093908099,1.632083333333333,2.3912500000000003
lk_matara,10,wind_speed_10m,2024,3.8806451612903228,3.7429166666666664,0.87828853484947,3.288125,4.524791666666667
lk_matara,10,wind_speed_10m,2025,3.8084408602150543,3.71625,0.9687417142282571,3.239583333333333,4.5024999999999995
lk_matara,10,relative_humidity_2m,2020,83.9690860215054,84.83333333333333,3.81549241612912,80.52083333333334,87.04166666666666
lk_matara,10,relative_humidity_2m,2021,85.2755376344086,85.29166666666667,3.5217524674591982,82.27083333333333,88.20833333333333
lk_matara,10,relative_humidity_2m,2022,86.17204301075269,86.70833333333333,2.8116972503664117,83.72916666666667,88.41666666666666
lk_matara,10,relative_humidity_2m,2023,89.39112903225804,89.58333333333333,2.609271162146723,88.39583333333334,91.1875
lk_matara,10,relative_humidity_2m,2024,86.49193548387099,85.54166666666667,3.2494554272180283,84.10416666666667,89.45833333333334
lk_matara,10,relative_humidity_2m,2025,84.53494623655918,84.95833333333333,4.309430560558137,80.66666666666666,87.58333333333333
lk_matara,10,surface_pressure,2020,1008.6352150537634,1008.6958333333333,0.9696391312250473,1007.8479166666666,1009.53125
lk_matara,10,surface_pressure,2021,1008.8728494623656,1008.8166666666666,1.7778009561101014,1007.7208333333333,1009.7895833333334
lk_matara,10,surface_pressure,2022,1009.4744623655913,1009.6916666666666,1.2908692618984476,1008.3958333333334,1010.5333333333333
lk_matara,10,surface_pressure,2023,1011.3904569892472,1011.4,0.7759896560113275,1010.7625,1012.1083333333333
lk_matara,10,surface_pressure,2024,1009.6971774193548,1009.6999999999999,0.7462943850383627,1009.0229166666668,1010.3979166666666
lk_matara,10,surface_pressure,2025,1009.0264784946237,1009.1166666666667,1.6498199075353162,1007.5625,1010.5208333333333
lk_matara,10,cloud_cover,2020,75.16801075268819,76.16666666666667,16.350166651202755,65.60416666666667,87.41666666666666
lk_matara,10,cloud_cover,2021,82.40591397849464,89.79166666666667,17.809621982381227,72.125,95.77083333333334
lk_matara,10,cloud_cover,2022,80.34274193548389,87.125,19.267379449273683,76.45833333333334,95.0625
lk_matara,10,cloud_cover,2023,84.59274193548389,93.04166666666667,20.710461855949482,82.66666666666667,97.54166666666666
lk_matara,10,cloud_cover,2024,80.19758064516128,90.91666666666667,21.63229102025364,67.14583333333334,97.375
lk_matara,10,cloud_cover,2025,77.14919354838712,88.875,24.603239996176082,65.3125,96.70833333333334
lk_matara,10,shortwave_radiation,2020,248.31586021505376,249.75,16.324972258333688,238.0625,257.89583333333337
lk_matara,10,shortwave_radiation,2021,214.06182795698922,232.25,46.74562748289315,183.5,250.58333333333331
lk_matara,10,shortwave_radiation,2022,214.04838709677426,217.66666666666666,38.046907112541305,197.04166666666666,244.20833333333331
lk_matara,10,shortwave_radiation,2023,186.29838709677418,203.20833333333334,63.40703140481414,147.91666666666669,234.14583333333334
lk_matara,10,shortwave_radiation,2024,206.25268817204307,224.33333333333334,56.40177562327963,181.85416666666666,242.8125
lk_matara,10,shortwave_radiation,2025,216.97983870967738,242.45833333333334,57.83807904696947,180.79166666666666,258.1875
lk_matara,11,temperature_2m,2020,26.607777777777773,26.59791666666667,0.46857641528400557,26.339583333333334,26.913541666666667
lk_matara,11,temperature_2m,2021,26.144305555555555,26.064583333333335,0.5224182589883257,25.74375,26.5
lk_matara,11,temperature_2m,2022,26.18791666666667,26.104166666666664,0.5162219419889127,25.866666666666667,26.614583333333332
lk_matara,11,temperature_2m,2023,26.259861111111107,26.275,0.47302280991903967,25.852083333333333,26.489583333333332
lk_matara,11,temperature_2m,2024,26.450555555555557,26.44375,0.5969086764920742,26.15625,26.984375
lk_matara,11,temperature_2m,2025,26.213611111111113,26.304166666666664,0.7936929100757228,25.6,26.660416666666666
lk_matara,11,precipitation,2020,7.563333333333334,5.5,7.817508348675377,2.0250000000000004,10.275
lk_matara,11,precipitation,2021,8.03,7.8,6.362126623418761,2.25,11.799999999999999
lk_matara,11,precipitation,2022,6.379999999999999,3.7500000000000004,7.523727982763644,0.6,9.025
lk_matara,11,precipitation,2023,14.353333333333332,11.65,10.382071195038616,8.3,19.2
lk_matara,11,precipitation,2024,10.293333333333335,7.05,12.52173099561066,2.4,10.0
lk_matara,11,precipitation,2025,16.57,5.6000000000000005,21.70917730616121,1.825,22.825
lk_matara,11,wind_speed_10m,2020,2.230583333333333,1.7552083333333335,1.145983472922157,1.3210416666666667,3.1680208333333333
lk_matara,11,wind_speed_10m,2021,3.8731527777777774,4.474583333333333,1.739901754129981,2.332604166666667,5.2908333333333335
lk_matara,11,wind_speed_10m,2022,2.306486111111111,1.89875,1.1601747987856093,1.3258333333333332,2.9914583333333336
lk_matara,11,wind_speed_10m,2023,1.7988888888888892,1.6285416666666666,0.6695075187691157,1.3028125,2.041354166666667
lk_matara,11,wind_speed_10m,2024,2.714291666666667,1.9379166666666665,2.095037122673093,1.3101041666666666,3.296666666666667
lk_matara,11,wind_speed_10m,2025,3.448666666666667,3.0318750000000003,2.0689273659078267,1.7098958333333334,4.666145833333333
lk_matara,11,relative_humidity_2m,2020,85.35277777777777,85.95833333333333,3.018634918110801,83.19791666666667,87.17708333333333
lk_matara,11,relative_humidity_2m,2021,86.52083333333336,87.58333333333333,4.033337340883351,85.30208333333334,89.48958333333333
lk_matara,11,relative_humidity_2m,2022,85.12222222222223,86.35416666666666,4.035313666333268,82.04166666666667,87.46875
lk_matara,11,relative_humidity_2m,2023,88.96805555555555,89.54166666666666,2.9265367343232773,87.98958333333333,91.13541666666667
lk_matara,11,relative_humidity_2m,2024,86.44027777777778,86.625,4.075242443563161,84.54166666666666,89.14583333333334
lk_matara,11,relative_humidity_2m,2025,85.05277777777776,85.77083333333333,4.820557994070996,82.25,88.34375
lk_matara,11,surface_pressure,2020,1009.6840277777777,1009.7583333333332,1.0674302915707028,1009.0062499999999,1010.6333333333333
lk_matara,11,surface_pressure,2021,1008.348888888889,1008.1708333333333,1.1427505202783357,1007.5927083333333,1009.1979166666667
lk_matara,11,surface_pressure,2022,1009.7283333333336,1009.6916666666666,0.8853522796061551,1009.2135416666667,1010.3614583333333
lk_matara,11,surface_pressure,2023,1010.242222222222,1010.5270833333334,0.9557177783754706,1009.63125,1011.0083333333333
lk_matara,11,surface_pressure,2024,1008.534861111111,1008.9708333333333,1.6819256530710565,1007.98125,1009.2093749999999
lk_matara,11,surface_pressure,2025,1010.0152777777779,1010.4000000000001,1.3788635780678566,1009.928125,1010.7197916666668
lk_matara,11,cloud_cover,2020,78.89444444444445,82.5625,18.634981618198616,65.36458333333333,95.13541666666667
lk_matara,11,cloud_cover,2021,83.10555555555557,87.72916666666666,16.376327902832745,74.73958333333333,98.77083333333333
lk_matara,11,cloud_cover,2022,78.39444444444443,83.5625,22.207013054426955,66.35416666666667,96.95833333333334
lk_matara,11,cloud_cover,2023,84.70972222222221,88.0625,13.936494252379815,76.51041666666666,95.29166666666667
lk_matara,11,cloud_cover,2024,77.34166666666667,89.45833333333333,24.649259934644498,54.989583333333336,97.9375
lk_matara,11,cloud_cover,2025,79.70555555555555,83.22916666666667,20.694598214862374,72.22916666666666,98.3125
lk_matara,11,shortwave_radiation,2020,217.44583333333333,229.66666666666669,36.38215135887377,210.5,238.07291666666666
lk_matara,11,shortwave_radiation,2021,187.57638888888886,206.75,50.71566379373292,145.625,224.8125
lk_matara,11,shortwave_radiation,2022,206.9055555555556,222.47916666666669,50.385168669985994,191.97916666666669,240.22916666666669
lk_matara,11,shortwave_radiation,2023,181.35138888888886,193.58333333333331,57.41890383523954,164.51041666666669,224.59375
lk_matara,11,shortwave_radiation,2024,191.15833333333333,198.39583333333331,55.93243627950529,157.20833333333334,238.45833333333334
lk_matara,11,shortwave_radiation,2025,185.54305555555553,211.3125,61.10923938595653,141.6875,230.29166666666669
lk_matara,12,temperature_2m,2020,26.27123655913978,26.195833333333336,0.5213601278532654,26.06875,26.541666666666664
lk_matara,12,temperature_2m,2021,26.325940860215052,26.316666666666666,0.4442556582694481,26.183333333333337,26.65416666666667
lk_matara,12,temperature_2m,2022,25.813575268817203,25.916666666666668,0.5327318306662533,25.620833333333337,26.147916666666667
lk_matara,12,temperature_2m,2023,26.64448924731183,26.4375,0.61485035357226,26.231249999999996,27.1625
lk_matara,12,temperature_2m,2024,26.833064516129035,26.795833333333334,0.38305535737023144,26.608333333333334,27.083333333333332
lk_matara,12,temperature_2m,2025,26.10430107526882,26.129166666666666,0.30461056625284577,25.90208333333333,26.28333333333333
lk_matara,12,precipitation,2020,5.732258064516127,2.2,7.578187430460057,0.7999999999999999,7.6
lk_matara,12,precipitation,2021,4.951612903225806,3.2,5.817151133658808,0.45000000000000007,5.85
lk_matara,12,precipitation,2022,9.70967741935484,3.4,19.06167804503248,0.6000000000000001,12.05
lk_matara,12,precipitation,2023,12.8,4.9,19.10991016898475,2.3499999999999996,15.65
lk_matara,12,precipitation,2024,3.235483870967742,1.6,3.9032933434128654,0.45,4.4
lk_matara,12,precipitation,2025,3.4419354838709677,2.0,4.385033195887148,1.0,4.35
lk_matara,12,wind_speed_10m,2020,2.1343145161290322,1.5516666666666667,1.322299315920609,1.318125,2.549375
lk_matara,12,wind_speed_10m,2021,1.836518817204301,1.74875,0.6042145148522865,1.4310416666666668,2.1870833333333333
lk_matara,12,wind_speed_10m,2022,2.6170564516129042,2.106666666666667,1.5489483437079197,1.4852083333333332,3.1793750000000003
lk_matara,12,wind_speed_10m,2023,2.7345564516129035,2.7120833333333336,1.2270355345127497,1.5447916666666668,3.6804166666666664
lk_matara,12,wind_speed_10m,2024,2.3411155913978487,2.0974999999999997,1.1920233750654845,1.414375,3.09375
lk_matara,12,wind_speed_10m,2025,1.7849865591397847,1.4616666666666667,0.8296767588156708,1.1520833333333333,2.185625
lk_matara,12,relative_humidity_2m,2020,84.34543010752687,83.29166666666667,3.0846317376616033,82.14583333333334,86.29166666666666
lk_matara,12,relative_humidity_2m,2021,83.15860215053762,84.66666666666667,4.915470892192855,80.3125,85.83333333333334
lk_matara,12,relative_humidity_2m,2022,85.02688172043011,85.70833333333333,4.268743369214208,84.1875,87.60416666666667
lk_matara,12,relative_humidity_2m,2023,86.10215053763442,87.20833333333333,4.347703719026274,82.41666666666666,89.10416666666666
lk_matara,12,relative_humidity_2m,2024,83.875,83.95833333333333,3.500628250492781,81.79166666666667,86.45833333333334
lk_matara,12,relative_humidity_2m,2025,85.11827956989247,85.04166666666667,2.079415671300517,83.4375,86.27083333333334
lk_matara,12,surface_pressure,2020,1009.5228494623656,1009.6541666666667,1.109083847275187,1008.84375,1010.3708333333333
lk_matara,12,surface_pressure,2021,1010.8360215053764,1010.8583333333332,0.80876388046012,1010.2479166666667,1011.3729166666667
lk_matara,12,surface_pressure,2022,1009.2493279569893,1008.9250000000001,2.4096543610619694,1007.3104166666667,1010.3395833333334
lk_matara,12,surface_pressure,2023,1010.0405913978494,1010.1333333333333,1.0214986311322423,1009.5,1010.53125
lk_matara,12,surface_pressure,2024,1009.2969086021506,1009.1875,1.3462641070746935,1008.7312499999999,1009.83125
lk_matara,12,surface_pressure,2025,1010.0022849462365,1010.0916666666667,0.7223874052898391,1009.5395833333333,1010.3020833333334
lk_matara,12,cloud_cover,2020,70.9206989247312,72.70833333333333,22.20839679696662,57.45833333333333,91.70833333333334
lk_matara,12,cloud_cover,2021,55.86290322580645,49.541666666666664,26.64353205149819,37.97916666666667,75.125
lk_matara,12,cloud_cover,2022,77.29166666666666,88.25,23.883123496790844,59.79166666666667,98.89583333333334
lk_matara,12,cloud_cover,2023,79.63709677419357,85.41666666666667,18.94560071072761,67.6875,96.39583333333334
lk_matara,12,cloud_cover,2024,70.64650537634408,78.16666666666667,24.564632413721693,58.04166666666667,89.0
lk_matara,12,cloud_cover,2025,69.65725806451614,72.125,22.405523639183208,50.854166666666664,91.04166666666666
lk_matara,12,shortwave_radiation,2020,211.0994623655914,229.58333333333334,51.104259441211425,199.75,248.625
lk_matara,12,shortwave_radiation,2021,218.3373655913979,234.25,49.78610075218115,217.25,244.25
lk_matara,12,shortwave_radiation,2022,194.16666666666666,211.45833333333334,57.61829116566936,183.04166666666669,237.77083333333331
lk_matara,12,shortwave_radiation,2023,181.88844086021504,190.125,50.6327044744349,150.875,227.375
lk_matara,12,shortwave_radiation,2024,219.15994623655914,221.875,30.991611575595233,208.875,241.45833333333331
lk_matara,12,shortwave_radiation,2025,214.24059139784944,234.75,44.170275939629754,198.97916666666666,242.97916666666666
lk_trincomalee,1,temperature_2m,2020,26.31774193548388,26.383333333333336,0.49769488057017286,26.0625,26.664583333333333
lk_trincomalee,1,temperature_2m,2021,25.550672043010746,25.604166666666668,0.4603881926516944,25.2375,25.881249999999998
lk_trincomalee,1,temperature_2m,2022,25.63158602150538,25.625,0.6322576521086477,25.24375,26.054166666666667
lk_trincomalee,1,temperature_2m,2023,25.174731182795696,25.25,0.4352042085117423,24.947916666666664,25.454166666666666
lk_trincomalee,1,temperature_2m,2024,26.326075268817206,26.5125,0.5130834165064266,25.9375,26.695833333333333
lk_trincomalee,1,temperature_2m,2025,25.54193548387097,25.616666666666664,0.4501632104795935,25.304166666666667,25.85
lk_trincomalee,1,precipitation,2020,1.3161290322580645,0.4,1.756340281037732,0.0,2.1500000000000004
lk_trincomalee,1,precipitation,2021,13.345161290322583,6.1,18.65952551575517,1.1,16.45
lk_trincomalee,1,precipitation,2022,4.46774193548387,3.2,6.105537764836892,0.05,4.4
lk_trincomalee,1,precipitation,2023,5.9387096774193555,0.8999999999999999,12.290366889542799,0.0,4.5
lk_trincomalee,1,precipitation,2024,4.332258064516129,1.1,6.904220308225695,0.15000000000000002,5.300000000000001
lk_trincomalee,1,precipitation,2025,8.425806451612905,4.2,12.738680406330305,0.45,10.0
lk_trincomalee,1,wind_speed_10m,2020,4.406532258064517,4.040416666666666,1.0409135354469088,3.505208333333333,5.452500000000001
lk_trincomalee,1,wind_speed_10m,2021,3.9847446236559136,4.152916666666667,0.9426507190952925,3.2120833333333336,4.773958333333333
lk_trincomalee,1,wind_speed_10m,2022,3.899543010752688,3.73375,1.1623333082144327,3.0731249999999997,4.89
lk_trincomalee,1,wind_speed_10m,2023,4.6950672043010755,4.56,0.7429472098848123,4.34875,5.164791666666666
lk_trincomalee,1,wind_speed_10m,2024,4.025685483870968,3.921666666666667,1.0115432982873427,3.3033333333333337,4.8497916666666665
lk_trincomalee,1,wind_speed_10m,2025,4.712190860215054,4.671666666666667,1.004819733278513,3.850625,5.491458333333332
lk_trincomalee,1,relative_humidity_2m,2020,76.24327956989247,77.66666666666667,7.6179695637873825,70.02083333333333,83.25
lk_trincomalee,1,relative_humidity_2m,2021,82.83333333333333,86.29166666666667,8.666225950332834,78.1875,88.45833333333334
lk_trincomalee,1,relative_humidity_2m,2022,81.49193548387096,82.375,5.486351113120601,77.02083333333334,86.33333333333334
lk_trincomalee,1,relative_humidity_2m,2023,76.7231182795699,75.66666666666667,7.723727484091249,70.91666666666667,81.14583333333333
lk_trincomalee,1,relative_humidity_2m,2024,78.78763440860214,79.95833333333333,8.461714942787827,71.77083333333334,87.33333333333334
lk_trincomalee,1,relative_humidity_2m,2025,81.9475806451613,83.25,7.793337370955964,77.79166666666667,88.64583333333333
lk_trincomalee,1,surface_pressure,2020,1011.5190860215054,1011.525,0.7398047588671671,1010.8729166666667,1011.9895833333334
lk_trincomalee,1,surface_pressure,2021,1009.5983870967742,1009.6208333333334,1.3080558257618007,1008.6604166666666,1010.9229166666667
lk_trincomalee,1,surface_pressure,2022,1010.7720430107524,1010.6,1.1342608508266638,1010.0562500000001,1011.7770833333334
lk_trincomalee,1,surface_pressure,2023,1011.4208333333333,1011.6541666666667,1.7100871755990033,1010.4083333333333,1012.6395833333333
lk_trincomalee,1,surface_pressure,2024,1011.8471774193548,1011.6083333333332,1.201334321382836,1010.7604166666667,1012.7041666666667
lk_trincomalee,1,surface_pressure,2025,1010.2377688172043,1010.1208333333334,0.934756439536254,1009.325,1011.10625
lk_trincomalee,1,cloud_cover,2020,49.80913978494623,46.25,21.230971257379178,33.91666666666667,60.16666666666667
lk_trincomalee,1,cloud_cover,2021,78.97043010752688,85.04166666666667,19.659171104411925,59.125,97.25
lk_trincomalee,1,cloud_cover,2022,56.32123655913978,58.791666666666664,24.782204528457967,32.479166666666664,75.8125
lk_trincomalee,1,cloud_cover,2023,74.40725806451613,78.75,21.08234162598848,53.41666666666667,92.5625
lk_trincomalee,1,cloud_cover,2024,59.37096774193548,58.625,26.07710556384304,35.58333333333333,80.33333333333334
lk_trincomalee,1,cloud_cover,2025,83.68010752688171,90.5,15.338108356346147,74.66666666666667,96.60416666666666
lk_trincomalee,1,shortwave_radiation,2020,220.36559139784944,217.91666666666666,26.09551922850467,205.9375,232.0625
lk_trincomalee,1,shortwave_radiation,2021,170.739247311828,184.70833333333334,52.632205638187926,132.27083333333334,210.47916666666666
lk_trincomalee,1,shortwave_radiation,2022,210.05510752688176,214.125,48.56581109963912,194.4375,243.77083333333331
lk_trincomalee,1,shortwave_radiation,2023,196.84139784946234,205.95833333333334,47.141730524767254,185.41666666666669,224.20833333333334
lk_trincomalee,1,shortwave_radiation,2024,188.28629032258064,199.75,49.920959217602125,174.58333333333334,213.3125
lk_trincomalee,1,shortwave_radiation,2025,164.43145161290326,178.91666666666666,50.65244860400966,140.29166666666666,202.4375
lk_trincomalee,2,temperature_2m,2020,26.632440476190474,26.69375,0.3422615213555094,26.528125000000003,26.861458333333335
lk_trincomalee,2,temperature_2m,2021,25.78392857142858,25.777083333333334,0.5729855057248155,25.54895833333333,26.208333333333332
lk_trincomalee,2,temperature_2m,2022,25.967113095238098,26.064583333333335,0.6118139259167118,25.650000000000002,26.39270833333333
lk_trincomalee,2,temperature_2m,2023,25.618154761904766,25.722916666666666,0.4778978292940597,25.379166666666666,25.938541666666666
lk_trincomalee,2,temperature_2m,2024,27.22782738095238,27.222916666666663,0.43494337288614715,26.920833333333334,27.54375
lk_trincomalee,2,temperature_2m,2025,26.38467261904762,26.264583333333334,0.5846931390359261,25.992708333333333,26.706250000000004
lk_trincomalee,2,precipitation,2020,1.2642857142857145,0.2,3.0325657497332235,0.0,1.2500000000000002
lk_trincomalee,2,precipitation,2021,1.5571428571428572,0.0,2.1572322067062677,0.0,3.2
lk_trincomalee,2,precipitation,2022,5.803571428571429,0.5,13.743994840652922,0.0,3.2
lk_trincomalee,2,precipitation,2023,4.496428571428571,0.85,9.795822319776676,0.0,3.9
lk_trincomalee,2,precipitation,2024,0.9535714285714286,0.30000000000000004,1.261240466060106,0.0,1.825
lk_trincomalee,2,precipitation,2025,2.892857142857143,0.2,6.906836579389405,0.0,0.9250000000000002
lk_trincomalee,2,wind_speed_10m,2020,4.963511904761904,4.774583333333333,0.9722990011255042,4.284479166666666,5.600416666666667
lk_trincomalee,2,wind_speed_10m,2021,4.235238095238095,4.044791666666667,1.1493080895606587,3.4188541666666667,5.135104166666667
lk_trincomalee,2,wind_speed_10m,2022,3.830491071428572,3.7960416666666665,0.9555018897342071,3.1990624999999997,4.5653125
lk_trincomalee,2,wind_speed_10m,2023,4.2099851190476185,4.0962499999999995,0.9560068680270033,3.7657291666666666,4.379791666666667
lk_trincomalee,2,wind_speed_10m,2024,4.606160714285714,4.560833333333333,1.1523524224020756,3.5794791666666668,5.450416666666667
lk_trincomalee,2,wind_speed_10m,2025,4.085476190476191,3.9391666666666665,0.8623596214434329,3.348020833333333,4.625520833333333
lk_trincomalee,2,relative_humidity_2m,2020,73.23214285714286,73.8125,6.632623618232871,68.15625,75.63541666666666
lk_trincomalee,2,relative_humidity_2m,2021,77.20535714285714,77.125,6.317728995609384,73.45833333333334,80.96875
lk_trincomalee,2,relative_humidity_2m,2022,77.12797619047619,74.20833333333334,7.78148000983393,71.36458333333333,82.91666666666667
lk_trincomalee,2,relative_humidity_2m,2023,78.37797619047618,79.6875,7.3110890233419425,73.1875,83.41666666666667
lk_trincomalee,2,relative_humidity_2m,2024,77.05357142857143,76.6875,4.178345625176702,74.58333333333333,79.08333333333333
lk_trincomalee,2,relative_humidity_2m,2025,75.20386904761905,73.52083333333334,7.093332986017864,69.25,79.28125
lk_trincomalee,2,surface_pressure,2020,1011.9837797619048,1012.2645833333333,0.9945720351146475,1011.5520833333334,1012.6854166666667
lk_trincomalee,2,surface_pressure,2021,1010.8705357142857,1010.8479166666667,1.0900627462941483,1010.3854166666666,1011.484375
lk_trincomalee,2,surface_pressure,2022,1009.9447916666668,1009.9583333333334,1.6641596209751928,1008.7635416666667,1011.3625
lk_trincomalee,2,surface_pressure,2023,1011.0075892857143,1011.38125,1.896625310622346,1009.8947916666666,1011.9385416666667
lk_trincomalee,2,surface_pressure,2024,1012.2632440476191,1012.3354166666668,1.4734712790026003,1011.3010416666666,1013.590625
lk_trincomalee,2,surface_pressure,2025,1011.2041666666664,1011.2020833333333,0.8801742953094331,1010.5572916666666,1011.7739583333333
lk_trincomalee,2,cloud_cover,2020,52.70684523809524,51.125,21.552549911390546,33.35416666666667,69.03125
lk_trincomalee,2,cloud_cover,2021,55.78124999999999,52.08333333333333,22.658996481039882,43.916666666666664,70.3125
lk_trincomalee,2,cloud_cover,2022,60.680059523809526,59.35416666666667,29.665303438238173,34.791666666666664,90.61458333333333
lk_trincomalee,2,cloud_cover,2023,56.53422619047619,53.91666666666667,24.880206957486397,38.739583333333336,76.23958333333333
lk_trincomalee,2,cloud_cover,2024,42.330357142857146,38.125,18.114809923122362,29.145833333333336,56.75
lk_trincomalee,2,cloud_cover,2025,50.05952380952381,51.9375,26.138070766340874,29.885416666666664,65.23958333333333
lk_trincomalee,2,shortwave_radiation,2020,238.7797619047619,237.85416666666669,22.296342988050743,220.25,252.84375
lk_trincomalee,2,shortwave_radiation,2021,232.00446428571425,227.83333333333334,31.67868180781804,212.19791666666666,256.0
lk_trincomalee,2,shortwave_radiation,2022,222.17708333333334,246.95833333333331,62.94846063749819,198.69791666666669,271.1875
lk_trincomalee,2,shortwave_radiation,2023,228.03869047619054,238.35416666666669,39.3145650068575,205.47916666666669,257.5104166666667
lk_trincomalee,2,shortwave_radiation,2024,247.92261904761907,250.64583333333331,18.967530038652786,238.94791666666666,262.6458333333333
lk_trincomalee,2,shortwave_radiation,2025,246.26190476190476,249.45833333333334,31.19594266285824,231.39583333333334,272.0833333333333
lk_trincomalee,3,temperature_2m,2020,27.720161290322576,27.708333333333332,0.5035431139065687,27.633333333333336,28.104166666666664
lk_trincomalee,3,temperature_2m,2021,27.293817204301078,27.316666666666666,0.7019606066224094,26.9,27.49375
lk_trincomalee,3,temperature_2m,2022,27.362768817204298,27.179166666666664,0.9162561804929436,26.820833333333333,28.09791666666667
lk_trincomalee,3,temperature_2m,2023,27.064919354838704,26.8875,0.6713203668489713,26.554166666666667,27.733333333333334
lk_trincomalee,3,temperature_2m,2024,27.94569892473118,27.991666666666664,0.47392603231930264,27.702083333333334,28.266666666666666
lk_trincomalee,3,temperature_2m,2025,27.33024193548387,27.433333333333334,0.6617605654597521,26.96666666666667,27.918750000000003
lk_trincomalee,3,precipitation,2020,0.12903225806451613,0.0,0.3908909041212537,0.0,0.0
lk_trincomalee,3,precipitation,2021,1.2354838709677418,0.3,2.112273401984502,0.0,1.2
lk_trincomalee,3,precipitation,2022,1.4870967741935486,0.4,3.0995421097837306,0.05,1.3
lk_trincomalee,3,precipitation,2023,2.032258064516129,1.0,3.0566198211722035,0.35000000000000003,2.4000000000000004
lk_trincomalee,3,precipitation,2024,0.9290322580645163,0.0,1.5862310778250641,0.0,1.35
lk_trincomalee,3,precipitation,2025,2.564516129032258,0.8999999999999999,6.1987928065119675,0.0,1.6
lk_trincomalee,3,wind_speed_10m,2020,3.636666666666667,3.657083333333333,0.5673398370824498,3.2685416666666667,4.034375
lk_trincomalee,3,wind_speed_10m,2021,3.3263844086021503,3.49375,0.7221924277008412,2.9274999999999998,3.816041666666666
lk_trincomalee,3,wind_speed_10m,2022,3.420524193548387,3.2608333333333337,1.1689859286913997,2.658125,3.8652083333333334
lk_trincomalee,3,wind_speed_10m,2023,3.5082795698924736,3.34375,1.0049352161606282,2.756666666666667,4.234999999999999
lk_trincomalee,3,wind_speed_10m,2024,3.4008333333333334,3.3645833333333335,0.48830719023688063,3.080625,3.716666666666667
lk_trincomalee,3,wind_speed_10m,2025,3.1459811827956994,3.03125,0.9683875818399821,2.5352083333333333,3.4085416666666664
lk_trincomalee,3,relative_humidity_2m,2020,72.11559139784946,71.66666666666667,3.77442216692115,70.125,74.04166666666666
lk_trincomalee,3,relative_humidity_2m,2021,76.25940860215053,76.58333333333333,5.8702572432179805,72.91666666666667,80.20833333333334
lk_trincomalee,3,relative_humidity_2m,2022,78.49865591397848,78.58333333333333,3.7383535794605764,75.47916666666667,80.39583333333334
lk_trincomalee,3,relative_humidity_2m,2023,79.74596774193549,80.25,3.298838088776374,78.45833333333334,82.33333333333334
lk_trincomalee,3,relative_humidity_2m,2024,75.81854838709677,76.29166666666667,3.9356888601694777,72.83333333333333,78.52083333333334
lk_trincomalee,3,relative_humidity_2m,2025,79.73924731182795,80.41666666666667,4.79429840460037,77.79166666666667,82.02083333333333
lk_trincomalee,3,surface_pressure,2020,1010.2805107526881,1010.3583333333332,0.8225344661646032,1009.6979166666667,1010.8104166666667
lk_trincomalee,3,surface_pressure,2021,1009.6631720430108,1009.5666666666666,1.7756679418700352,1008.3854166666667,1011.3104166666667
lk_trincomalee,3,surface_pressure,2022,1008.1506720430107,1008.4666666666667,1.3278668743820705,1006.9770833333334,1008.9250000000001
lk_trincomalee,3,surface_pressure,2023,1010.2278225806452,1009.5,2.0773724130432507,1008.65625,1011.2895833333333
lk_trincomalee,3,surface_pressure,2024,1010.9143817204301,1010.9125,1.0382459604701073,1010.3916666666667,1011.3645833333333
lk_trincomalee,3,surface_pressure,2025,1009.5592741935484,1009.4875000000001,1.4519729193145792,1008.65625,1010.20625
lk_trincomalee,3,cloud_cover,2020,54.4771505376344,50.125,28.46569540105198,29.604166666666664,81.10416666666666
lk_trincomalee,3,cloud_cover,2021,55.973118279569896,51.916666666666664,26.71186392938239,31.291666666666668,81.9375
lk_trincomalee,3,cloud_cover,2022,51.69623655913979,43.25,34.639003374936195,22.416666666666668,82.45833333333334
lk_trincomalee,3,cloud_cover,2023,56.53225806451612,59.958333333333336,24.463279619282098,35.916666666666664,74.64583333333333
lk_trincomalee,3,cloud_cover,2024,43.12903225806452,43.458333333333336,25.629578079843153,18.479166666666664,61.979166666666664
lk_trincomalee,3,cloud_cover,2025,55.729838709677416,43.875,28.28601414439337,33.85416666666667,85.9375
lk_trincomalee,3,shortwave_radiation,2020,274.59005376344084,273.4166666666667,19.47685026861125,266.6041666666667,289.2916666666667
lk_trincomalee,3,shortwave_radiation,2021,243.47177419354836,252.75,44.00491395526498,230.89583333333331,277.9375
lk_trincomalee,3,shortwave_radiation,2022,253.16935483870967,267.625,51.502602342875946,239.72916666666669,284.375
lk_trincomalee,3,shortwave_radiation,2023,256.0604838709678,258.2083333333333,32.316703266822294,241.22916666666666,281.0
lk_trincomalee,3,shortwave_radiation,2024,275.9516129032258,287.5,26.092741240812085,262.6875,294.125
lk_trincomalee,3,shortwave_radiation,2025,258.95161290322585,273.0416666666667,51.89330232328187,255.27083333333331,285.8125
lk_trincomalee,4,temperature_2m,2020,28.925138888888892,29.00625,0.4351909280279214,28.646874999999998,29.18958333333333
lk_trincomalee,4,temperature_2m,2021,28.346388888888885,28.40625,0.8589899099462857,27.849999999999998,28.87291666666667
lk_trincomalee,4,temperature_2m,2022,27.80152777777778,27.924999999999997,0.7859552623967502,27.286458333333332,28.284374999999997
lk_trincomalee,4,temperature_2m,2023,28.480694444444442,28.570833333333333,0.7405013796496877,28.12291666666667,28.927083333333332
lk_trincomalee,4,temperature_2m,2024,29.431944444444447,29.50625,0.6614779520878531,29.138541666666665,29.891666666666666
lk_trincomalee,4,temperature_2m,2025,28.30402777777778,28.37708333333333,0.760438598592028,27.54375,28.98125
lk_trincomalee,4,precipitation,2020,0.7866666666666666,0.4,1.0241003901939507,0.0,1.375
lk_trincomalee,4,precipitation,2021,2.086666666666667,0.75,4.239448023060301,0.125,1.5
lk_trincomalee,4,precipitation,2022,3.6100000000000003,1.9,3.9725219992446563,0.7000000000000001,5.45
lk_trincomalee,4,precipitation,2023,2.47,0.85,3.5044946509619175,0.1,4.5
lk_trincomalee,4,precipitation,2024,1.2000000000000002,0.30000000000000004,2.359573310345867,0.0,0.875
lk_trincomalee,4,precipitation,2025,3.8,2.45,4.254976802076234,0.725,5.55
lk_trincomalee,4,wind_speed_10m,2020,3.1171249999999997,3.1185416666666663,0.5088530218724989,2.765833333333333,3.555208333333333
lk_trincomalee,4,wind_speed_10m,2021,2.564888888888889,2.3635416666666664,0.6903665156465267,2.0692708333333334,2.8433333333333333
lk_trincomalee,4,wind_speed_10m,2022,2.464458333333333,2.404375,0.4115161428180047,2.1731249999999998,2.682916666666667
lk_trincomalee,4,wind_speed_10m,2023,2.8847222222222224,2.960208333333333,0.5244386747097223,2.4975,3.234375
lk_trincomalee,4,wind_speed_10m,2024,3.403583333333334,3.4004166666666666,0.39767220480096965,3.1532291666666667,3.697916666666667
lk_trincomalee,4,wind_speed_10m,2025,2.6272500000000005,2.3274999999999997,0.9674063732455811,2.08875,2.6289583333333333
lk_trincomalee,4,relative_humidity_2m,2020,75.25,75.54166666666666,3.050755983189334,73.64583333333333,77.16666666666666
lk_trincomalee,4,relative_humidity_2m,2021,76.12638888888888,76.25,5.043281105307535,74.63541666666666,79.30208333333333
lk_trincomalee,4,relative_humidity_2m,2022,80.79583333333332,80.66666666666666,2.91966902122254,78.0,83.0625
lk_trincomalee,4,relative_humidity_2m,2023,77.34583333333335,76.64583333333334,4.654581411150397,73.9375,80.0625
lk_trincomalee,4,relative_humidity_2m,2024,76.73472222222222,76.5625,3.8130159240973778,74.29166666666667,78.30208333333333
lk_trincomalee,4,relative_humidity_2m,2025,78.21666666666667,77.5625,4.319557013969703,75.70833333333333,82.20833333333334
lk_trincomalee,4,surface_pressure,2020,1009.4530555555555,1009.3395833333334,0.8097155599313387,1008.7770833333333,1010.16875
lk_trincomalee,4,surface_pressure,2021,1008.6834722222222,1008.8333333333334,1.3850639549001031,1008.153125,1009.515625
lk_trincomalee,4,surface_pressure,2022,1007.8486111111112,1007.3125,1.5461635771004254,1006.6989583333334,1008.9572916666667
lk_trincomalee,4,surface_pressure,2023,1008.4319444444444,1008.4458333333334,1.6335790093989762,1007.4760416666667,1009.3291666666667
lk_trincomalee,4,surface_pressure,2024,1007.6841666666667,1007.79375,1.1724060386829294,1006.6208333333334,1008.703125
lk_trincomalee,4,surface_pressure,2025,1007.9994444444442,1007.9229166666667,0.8951643006508025,1007.3322916666666,1008.4041666666667
lk_trincomalee,4,cloud_cover,2020,42.90138888888888,39.166666666666664,23.925632314009167,20.59375,60.447916666666664
lk_trincomalee,4,cloud_cover,2021,43.70000000000001,34.27083333333333,23.71515239388383,28.15625,69.91666666666667
lk_trincomalee,4,cloud_cover,2022,59.14305555555555,63.625,27.290761113636208,37.541666666666664,82.97916666666666
lk_trincomalee,4,cloud_cover,2023,41.415277777777774,26.791666666666664,31.04999692154936,18.625,70.125
lk_trincomalee,4,cloud_cover,2024,52.099999999999994,48.52083333333333,29.414581834883744,29.75,74.55208333333333
lk_trincomalee,4,cloud_cover,2025,60.00277777777778,60.75,24.889225204692703,35.86458333333333,78.84375
lk_trincomalee,4,shortwave_radiation,2020,275.9916666666666,273.89583333333337,14.11293647876443,267.89583333333337,283.7395833333333
lk_trincomalee,4,shortwave_radiation,2021,275.40416666666664,278.77083333333337,23.856667476700718,268.4375,293.3541666666667
lk_trincomalee,4,shortwave_radiation,2022,256.20694444444445,263.08333333333337,27.22294801939237,242.84375,277.3645833333333
lk_trincomalee,4,shortwave_radiation,2023,272.5208333333333,280.45833333333337,34.86159647469358,259.51041666666663,293.5729166666667
lk_trincomalee,4,shortwave_radiation,2024,280.1944444444444,287.60416666666663,26.237949554169663,276.63541666666663,297.51041666666663
lk_trincomalee,4,shortwave_radiation,2025,259.5555555555555,271.33333333333337,26.49877403848684,242.47916666666669,278.7916666666667
lk_trincomalee,5,temperature_2m,2020,29.302553763440866,29.3625,0.7425569542779034,28.93541666666667,29.883333333333333
lk_trincomalee,5,temperature_2m,2021,28.534139784946234,28.383333333333336,0.7889231844228888,27.96875,29.24375
lk_trincomalee,5,temperature_2m,2022,29.06854838709678,28.945833333333336,0.5784216218128824,28.674999999999997,29.633333333333336
lk_trincomalee,5,temperature_2m,2023,28.779166666666665,29.133333333333336,1.146763259013046,27.710416666666667,29.704166666666666
lk_trincomalee,5,temperature_2m,2024,29.13454301075269,28.900000000000002,1.4848225956931702,28.020833333333336,29.95
lk_trincomalee,5,temperature_2m,2025,29.29516129032258,29.375,0.722934555313569,28.856250000000003,29.93125
lk_trincomalee,5,precipitation,2020,1.535483870967742,0.2,2.602376911863047,0.0,1.4000000000000001
lk_trincomalee,5,precipitation,2021,1.8354838709677421,0.8,2.1555429922406675,0.15000000000000002,3.25
lk_trincomalee,5,precipitation,2022,0.2548387096774194,0.1,0.3491310257171075,0.0,0.4
lk_trincomalee,5,precipitation,2023,4.141935483870967,1.0,9.217185911601883,0.0,3.25
lk_trincomalee,5,precipitation,2024,5.635483870967741,1.7999999999999998,10.570321609332952,0.1,4.1
lk_trincomalee,5,precipitation,2025,0.6419354838709678,0.3,1.000591223077099,0.0,0.8500000000000001
lk_trincomalee,5,wind_speed_10m,2020,4.191532258064516,3.623333333333333,2.2801756561718673,2.289791666666667,5.670208333333334
lk_trincomalee,5,wind_speed_10m,2021,4.585094086021505,3.639583333333333,2.4541994166596117,2.5577083333333333,6.225625
lk_trincomalee,5,wind_speed_10m,2022,6.436397849462364,7.2058333333333335,1.8069718074249403,5.741458333333334,7.5929166666666665
lk_trincomalee,5,wind_speed_10m,2023,3.972970430107527,3.3608333333333333,1.8460449958337342,2.6731249999999998,4.982916666666666
lk_trincomalee,5,wind_speed_10m,2024,4.4497715053763445,3.3562499999999997,2.4885256326833574,2.553541666666667,6.817083333333333
lk_trincomalee,5,wind_speed_10m,2025,5.265564516129031,5.1745833333333335,2.235220990577317,3.2666666666666666,6.679791666666667
lk_trincomalee,5,relative_humidity_2m,2020,75.67204301075267,74.5,5.455902150842691,72.22916666666666,78.54166666666666
lk_trincomalee,5,relative_humidity_2m,2021,76.40725806451614,75.45833333333333,5.073062365891025,72.9375,81.375
lk_trincomalee,5,relative_humidity_2m,2022,72.36021505376344,72.125,2.0349250483028305,70.85416666666666,73.875
lk_trincomalee,5,relative_humidity_2m,2023,77.46505376344085,76.41666666666667,5.7668743617683,73.5,83.35416666666666
lk_trincomalee,5,relative_humidity_2m,2024,78.65725806451614,79.08333333333333,6.495980859252544,74.39583333333333,82.66666666666666
lk_trincomalee,5,relative_humidity_2m,2025,73.31586021505377,72.91666666666667,3.833420503138538,70.125,76.1875
lk_trincomalee,5,surface_pressure,2020,1006.2786290322582,1007.0333333333333,2.0965585066209282,1005.4729166666667,1007.8208333333332
lk_trincomalee,5,surface_pressure,2021,1006.6444892473119,1006.6583333333333,0.9391783662245394,1005.9416666666666,1007.3812499999999
lk_trincomalee,5,surface_pressure,2022,1005.1430107526882,1005.4125,1.686105180441061,1004.3666666666667,1006.4770833333334
lk_trincomalee,5,surface_pressure,2023,1007.6815860215054,1007.4333333333334,1.3937446122606105,1006.6854166666667,1008.94375
lk_trincomalee,5,surface_pressure,2024,1005.2266129032258,1005.3083333333334,2.0045453781192135,1003.5,1007.0520833333333
lk_trincomalee,5,surface_pressure,2025,1005.599059139785,1005.3583333333332,1.362174914360057,1004.7083333333334,1006.625
lk_trincomalee,5,cloud_cover,2020,71.05107526881719,75.54166666666667,25.816532865116244,46.41666666666667,94.29166666666667
lk_trincomalee,5,cloud_cover,2021,78.13440860215054,86.83333333333333,24.726114806715724,64.14583333333333,98.625
lk_trincomalee,5,cloud_cover,2022,72.98118279569891,79.04166666666667,19.727814657152305,54.895833333333336,88.60416666666666
lk_trincomalee,5,cloud_cover,2023,61.2271505376344,85.125,39.83811837645678,20.25,98.60416666666666
lk_trincomalee,5,cloud_cover,2024,81.69220430107525,90.66666666666667,23.700190647721616,77.02083333333333,99.52083333333333
lk_trincomalee,5,cloud_cover,2025,70.69892473118279,84.08333333333333,24.54940386825591,50.58333333333333,90.85416666666666
lk_trincomalee,5,shortwave_radiation,2020,246.68010752688173,258.9166666666667,43.5328265708455,228.08333333333331,277.58333333333337
lk_trincomalee,5,shortwave_radiation,2021,237.6868279569892,234.83333333333334,33.86666712968842,215.25,263.4375
lk_trincomalee,5,shortwave_radiation,2022,251.56048387096774,252.33333333333334,28.20183914804385,238.875,271.22916666666663
lk_trincomalee,5,shortwave_radiation,2023,244.7190860215054,277.4166666666667,61.96365886077562,221.04166666666669,289.5625
lk_trincomalee,5,shortwave_radiation,2024,224.98924731182797,232.95833333333334,55.77396508633407,178.08333333333331,268.97916666666663
lk_trincomalee,5,shortwave_radiation,2025,251.55241935483878,271.1666666666667,39.064294355442414,235.52083333333331,275.3125
lk_trincomalee,6,temperature_2m,2020,29.48944444444444,29.710416666666667,0.9436593536517056,29.014583333333334,30.192708333333332
lk_trincomalee,6,temperature_2m,2021,29.256111111111107,29.441666666666666,0.6218847008074246,28.888541666666665,29.698958333333334
lk_trincomalee,6,temperature_2m,2022,29.040416666666665,29.1,0.6038888084802224,28.811458333333334,29.466666666666665
lk_trincomalee,6,temperature_2m,2023,29.919722222222223,30.004166666666663,0.5616249401829521,29.55104166666667,30.265625
lk_trincomalee,6,temperature_2m,2024,29.31083333333333,29.272916666666667,0.45197470091610115,28.964583333333334,29.545833333333334
lk_trincomalee,6,temperature_2m,2025,29.689444444444447,29.89166666666667,0.615757069661245,29.472916666666666,30.098958333333336
lk_trincomalee,6,precipitation,2020,1.8266666666666664,0.2,5.325794959818016,0.0,0.475
lk_trincomalee,6,precipitation,2021,0.6166666666666667,0.0,1.2528817357109812,0.0,0.575
lk_trincomalee,6,precipitation,2022,0.8366666666666668,0.1,2.168979313955718,0.0,0.625
lk_trincomalee,6,precipitation,2023,0.30333333333333334,0.1,0.9215741156167052,0.0,0.275
lk_trincomalee,6,precipitation,2024,0.4033333333333333,0.1,0.9764408746100275,0.0,0.275
lk_trincomalee,6,precipitation,2025,0.25999999999999995,0.05,0.6201223461043242,0.0,0.1
lk_trincomalee,6,wind_speed_10m,2020,5.774791666666668,6.009791666666667,1.4595890191301542,5.24875,6.763645833333333
lk_trincomalee,6,wind_speed_10m,2021,5.766263888888888,5.9775,1.6086956796706045,4.168541666666666,7.188645833333333
lk_trincomalee,6,wind_speed_10m,2022,5.585444444444445,5.977083333333333,1.3686924550672843,4.490833333333334,6.719895833333333
lk_trincomalee,6,wind_speed_10m,2023,6.273444444444445,6.460624999999999,0.919881971578277,5.733541666666667,6.921458333333334
lk_trincomalee,6,wind_speed_10m,2024,5.905555555555555,6.386666666666667,1.7284181156858158,4.496041666666667,7.149895833333334
lk_trincomalee,6,wind_speed_10m,2025,6.389180555555556,6.506458333333333,1.2038304500362775,5.705416666666667,7.05875
lk_trincomalee,6,relative_humidity_2m,2020,69.61944444444444,68.875,5.206393125206912,66.15625,72.40625
lk_trincomalee,6,relative_humidity_2m,2021,68.05416666666666,67.29166666666666,3.9183193810651327,65.40625,69.91666666666667
lk_trincomalee,6,relative_humidity_2m,2022,69.44583333333334,68.85416666666666,3.2431247274941937,67.66666666666667,70.26041666666667
lk_trincomalee,6,relative_humidity_2m,2023,67.92222222222223,67.77083333333333,3.043756826589883,66.58333333333333,69.65625
lk_trincomalee,6,relative_humidity_2m,2024,71.33055555555555,71.1875,3.729075294798755,69.72916666666667,73.59375
lk_trincomalee,6,relative_humidity_2m,2025,67.2875,66.5625,3.2442173356126522,64.52083333333333,68.67708333333334
lk_trincomalee,6,surface_pressure,2020,1005.612638888889,1005.1479166666668,1.4631077360488782,1004.5333333333333,1006.359375
lk_trincomalee,6,surface_pressure,2021,1006.8863888888889,1006.9333333333333,1.0505557125808551,1005.9791666666667,1007.4989583333332
lk_trincomalee,6,surface_pressure,2022,1005.473611111111,1005.4541666666667,0.9032059845057618,1004.5677083333334,1006.1864583333333
lk_trincomalee,6,surface_pressure,2023,1006.12125,1006.0166666666667,0.9405485873228141,1005.4635416666666,1006.6291666666667
lk_trincomalee,6,surface_pressure,2024,1006.2406944444443,1006.4499999999999,1.4320060695756143,1005.70625,1007.3302083333333
lk_trincomalee,6,surface_pressure,2025,1006.1691666666667,1006.55,1.3207830676827264,1005.5708333333333,1007.0979166666667
lk_trincomalee,6,cloud_cover,2020,79.37361111111112,86.25,23.197280079377805,71.78125,97.72916666666667
lk_trincomalee,6,cloud_cover,2021,74.95416666666667,83.16666666666667,19.54343376687892,62.67708333333333,91.54166666666667
lk_trincomalee,6,cloud_cover,2022,84.80694444444444,90.9375,17.95304540961131,80.45833333333334,97.96875
lk_trincomalee,6,cloud_cover,2023,75.4125,87.14583333333333,23.02598365178313,64.13541666666667,93.46875
lk_trincomalee,6,cloud_cover,2024,80.3486111111111,85.58333333333334,19.469605829738555,72.125,94.03125
lk_trincomalee,6,cloud_cover,2025,79.94444444444444,86.0,20.025344135037788,67.95833333333333,95.16666666666667
lk_trincomalee,6,shortwave_radiation,2020,239.49444444444444,246.91666666666669,35.33333796446872,223.36458333333334,268.58333333333337
lk_trincomalee,6,shortwave_radiation,2021,255.5055555555555,263.5833333333333,30.853466425756974,252.64583333333331,271.71875
lk_trincomalee,6,shortwave_radiation,2022,242.78611111111113,250.5,31.427303020775465,225.53125,264.1145833333333
lk_trincomalee,6,shortwave_radiation,2023,255.29722222222225,261.1458333333333,31.775634380665668,245.8125,278.8333333333333
lk_trincomalee,6,shortwave_radiation,2024,235.06805555555556,243.6875,34.22866620885804,217.9375,257.01041666666663
lk_trincomalee,6,shortwave_radiation,2025,242.2541666666667,254.54166666666666,41.67045722700512,228.61458333333331,271.375
lk_trincomalee,7,temperature_2m,2020,28.43225806451613,28.445833333333336,0.8216387530064873,27.8875,28.8625
lk_trincomalee,7,temperature_2m,2021,28.87876344086022,29.016666666666666,0.5693983939767666,28.497916666666665,29.302083333333336
lk_trincomalee,7,temperature_2m,2022,28.611290322580643,28.829166666666666,0.9653973907995012,27.84166666666667,29.366666666666664
lk_trincomalee,7,temperature_2m,2023,29.629301075268817,29.879166666666666,0.6812829025956659,29.195833333333336,30.095833333333335
lk_trincomalee,7,temperature_2m,2024,30.01962365591398,30.058333333333334,0.5052515801059134,29.708333333333336,30.40833333333333
lk_trincomalee,7,temperature_2m,2025,29.730376344086025,29.916666666666668,0.8229978465924546,29.28541666666667,30.327083333333334
lk_trincomalee,7,precipitation,2020,2.6580645161290324,0.6000000000000001,4.576954896984704,0.0,2.8500000000000005
lk_trincomalee,7,precipitation,2021,1.3193548387096774,0.2,2.2262703272272377,0.0,1.95
lk_trincomalee,7,precipitation,2022,1.7483870967741937,0.6,2.2908325950393285,0.1,3.1
lk_trincomalee,7,precipitation,2023,0.2709677419354839,0.1,0.3866036285284941,0.0,0.4
lk_trincomalee,7,precipitation,2024,0.20967741935483872,0.1,0.3534165047170995,0.0,0.2
lk_trincomalee,7,precipitation,2025,0.4064516129032258,0.1,0.7719825057909745,0.0,0.6000000000000001
lk_trincomalee,7,wind_speed_10m,2020,4.563817204301075,4.69,1.5415304185168273,3.272916666666667,5.652916666666666
lk_trincomalee,7,wind_speed_10m,2021,5.813830645161293,6.425833333333333,1.877719750971102,4.2058333333333335,7.1325
lk_trincomalee,7,wind_speed_10m,2022,4.992083333333334,4.06625,2.279854184847502,3.064166666666667,6.942916666666667
lk_trincomalee,7,wind_speed_10m,2023,6.174099462365591,6.21375,1.3089369454049333,5.010416666666666,6.765833333333333
lk_trincomalee,7,wind_speed_10m,2024,6.52127688172043,6.517916666666667,0.9887259439849048,5.893541666666666,7.164166666666667
lk_trincomalee,7,wind_speed_10m,2025,6.073077956989247,6.18625,1.6692990450551342,5.22875,7.404375
lk_trincomalee,7,relative_humidity_2m,2020,73.79838709677418,72.95833333333333,5.070453820069518,69.97916666666666,77.125
lk_trincomalee,7,relative_humidity_2m,2021,70.18682795698926,69.08333333333333,3.6049873980063993,67.29166666666666,72.39583333333333
lk_trincomalee,7,relative_humidity_2m,2022,71.67607526881723,72.125,6.79224358215538,65.45833333333334,77.08333333333334
lk_trincomalee,7,relative_humidity_2m,2023,66.40456989247312,65.375,3.68802481432315,64.08333333333334,68.6875
lk_trincomalee,7,relative_humidity_2m,2024,65.80913978494624,65.54166666666667,2.6783332943015883,63.770833333333336,67.75
lk_trincomalee,7,relative_humidity_2m,2025,65.52284946236558,64.95833333333333,3.1826504268527516,63.33333333333333,68.20833333333333
lk_trincomalee,7,surface_pressure,2020,1005.6692204301074,1005.4499999999999,1.0248196981322213,1004.8104166666667,1006.3645833333333
lk_trincomalee,7,surface_pressure,2021,1005.9232526881722,1006.0208333333334,1.2009004020679468,1004.9916666666667,1006.5916666666667
lk_trincomalee,7,surface_pressure,2022,1005.4389784946238,1005.6875,1.1732322934257,1004.4875,1006.3520833333332
lk_trincomalee,7,surface_pressure,2023,1006.8092741935485,1006.8625000000001,0.9515099535771029,1006.3729166666667,1007.34375
lk_trincomalee,7,surface_pressure,2024,1005.5610215053761,1005.4041666666667,1.1069485649514148,1004.7708333333333,1006.3104166666667
lk_trincomalee,7,surface_pressure,2025,1005.7123655913979,1005.975,1.0464083655262129,1005.03125,1006.3791666666666
lk_trincomalee,7,cloud_cover,2020,87.80913978494624,93.5,12.998520990446108,81.4375,97.9375
lk_trincomalee,7,cloud_cover,2021,80.24193548387096,82.75,18.41430483647194,68.22916666666666,97.72916666666667
lk_trincomalee,7,cloud_cover,2022,85.91532258064518,87.08333333333333,12.41408662545598,80.25,96.77083333333334
lk_trincomalee,7,cloud_cover,2023,79.94623655913978,86.95833333333333,21.78261760690944,64.75,98.8125
lk_trincomalee,7,cloud_cover,2024,78.74731182795696,89.0,20.66398654072049,61.0625,95.45833333333334
lk_trincomalee,7,cloud_cover,2025,79.24059139784946,88.66666666666667,21.28254509350582,63.91666666666667,98.1875
lk_trincomalee,7,shortwave_radiation,2020,228.77956989247312,239.625,35.22766102234347,217.125,248.89583333333331
lk_trincomalee,7,shortwave_radiation,2021,232.89112903225802,240.66666666666666,41.50870986999819,224.5,262.8125
lk_trincomalee,7,shortwave_radiation,2022,222.8252688172043,235.08333333333334,48.670667191160796,181.29166666666669,262.125
lk_trincomalee,7,shortwave_radiation,2023,225.61021505376345,245.83333333333334,55.170579909448136,194.47916666666666,265.4375
lk_trincomalee,7,shortwave_radiation,2024,246.3494623655914,253.625,34.69962655468568,226.5,273.625
lk_trincomalee,7,shortwave_radiation,2025,237.70564516129033,263.3333333333333,52.01034322822761,215.83333333333334,273.125
lk_trincomalee,8,temperature_2m,2020,29.18548387096774,29.429166666666664,0.7337261187417106,28.847916666666666,29.739583333333332
lk_trincomalee,8,temperature_2m,2021,28.647177419354847,28.695833333333336,0.7950784575022954,28.3,29.16875
lk_trincomalee,8,temperature_2m,2022,28.04811827956989,28.258333333333336,0.9036857647819474,27.27916666666667,28.84583333333333
lk_trincomalee,8,temperature_2m,2023,29.811559139784944,29.95,0.5350068250661698,29.541666666666664,30.170833333333334
lk_trincomalee,8,temperature_2m,2024,28.561155913978492,28.608333333333334,0.6289802769319679,28.074999999999996,28.87708333333333
lk_trincomalee,8,temperature_2m,2025,29.023252688172043,29.208333333333332,0.7299470222671006,28.822916666666664,29.34791666666667
lk_trincomalee,8,precipitation,2020,0.3580645161290323,0.0,0.8377645626102787,0.0,0.2
lk_trincomalee,8,precipitation,2021,1.232258064516129,0.1,2.82882626976563,0.0,0.5
lk_trincomalee,8,precipitation,2022,1.8903225806451616,0.5,3.6160157483718343,0.05,1.85
lk_trincomalee,8,precipitation,2023,1.296774193548387,0.1,3.0236273878646425,0.0,0.85
lk_trincomalee,8,precipitation,2024,3.42258064516129,0.4,6.482371463048553,0.1,2.75
lk_trincomalee,8,precipitation,2025,1.196774193548387,0.1,3.072402303406651,0.0,0.45
lk_trincomalee,8,wind_speed_10m,2020,5.528319892473118,5.40875,1.7689719383199163,3.9983333333333335,6.832083333333333
lk_trincomalee,8,wind_speed_10m,2021,5.402889784946238,5.422083333333333,1.6706116053192495,4.467083333333333,6.647916666666666
lk_trincomalee,8,wind_speed_10m,2022,5.503293010752689,5.090416666666667,2.044789452381319,4.291875,7.371458333333334
lk_trincomalee,8,wind_speed_10m,2023,4.44258064516129,4.02125,1.2339895936974685,3.59,5.005
lk_trincomalee,8,wind_speed_10m,2024,4.357822580645161,3.9516666666666667,1.7572632200150218,2.908958333333333,6.191041666666667
lk_trincomalee,8,wind_speed_10m,2025,5.35505376344086,5.272083333333334,1.5880518825703913,3.9660416666666665,6.874375000000001
lk_trincomalee,8,relative_humidity_2m,2020,67.61155913978493,66.33333333333333,4.375084484591335,64.58333333333333,70.5625
lk_trincomalee,8,relative_humidity_2m,2021,69.93279569892474,69.25,4.931670579156136,66.14583333333333,71.70833333333334
lk_trincomalee,8,relative_humidity_2m,2022,72.96370967741936,72.79166666666667,5.238465525070073,68.70833333333334,75.875
lk_trincomalee,8,relative_humidity_2m,2023,66.12903225806451,64.66666666666667,4.349121277236348,62.8125,67.79166666666666
lk_trincomalee,8,relative_humidity_2m,2024,73.64919354838712,73.79166666666667,5.181282800387044,70.27083333333334,77.4375
lk_trincomalee,8,relative_humidity_2m,2025,67.74327956989247,66.375,5.2194558657057515,64.52083333333333,69.08333333333333
lk_trincomalee,8,surface_pressure,2020,1006.2306451612903,1006.2083333333334,1.2498210744104952,1005.7354166666667,1007.0479166666667
lk_trincomalee,8,surface_pressure,2021,1006.9490591397849,1007.1333333333333,1.3060882673566268,1006.325,1007.8854166666666
lk_trincomalee,8,surface_pressure,2022,1005.6125000000001,1005.7875,1.163238514919703,1004.6937499999999,1006.3895833333333
lk_trincomalee,8,surface_pressure,2023,1007.6952956989246,1007.625,0.9316513502117098,1006.9812499999999,1008.2854166666666
lk_trincomalee,8,surface_pressure,2024,1006.9989247311828,1007.0208333333334,1.4861112283522482,1005.95,1008.0458333333333
lk_trincomalee,8,surface_pressure,2025,1006.7608870967741,1006.8000000000001,1.1236646794430851,1006.0333333333333,1007.6229166666667
lk_trincomalee,8,cloud_cover,2020,75.53494623655914,80.25,22.487823600223987,65.22916666666666,93.41666666666666
lk_trincomalee,8,cloud_cover,2021,92.36290322580643,96.45833333333333,9.574598637441696,90.25,98.97916666666666
lk_trincomalee,8,cloud_cover,2022,88.22580645161291,94.33333333333333,13.860731628323284,78.14583333333333,98.10416666666666
lk_trincomalee,8,cloud_cover,2023,67.60618279569891,71.58333333333333,25.827839556318942,42.5,91.52083333333333
lk_trincomalee,8,cloud_cover,2024,80.87768817204302,81.79166666666667,14.14729040721893,70.375,94.1875
lk_trincomalee,8,cloud_cover,2025,77.79838709677418,80.41666666666667,21.24347420705714,67.0625,96.95833333333333
lk_trincomalee,8,shortwave_radiation,2020,252.05241935483875,268.875,42.82382077647973,243.89583333333331,279.6458333333333
lk_trincomalee,8,shortwave_radiation,2021,229.2661290322581,235.41666666666666,38.667119665419,217.33333333333331,259.22916666666663
lk_trincomalee,8,shortwave_radiation,2022,239.2688172043011,254.83333333333334,38.91148228420964,210.04166666666669,269.35416666666663
lk_trincomalee,8,shortwave_radiation,2023,275.1263440860215,276.125,12.512477494110481,266.625,283.25
lk_trincomalee,8,shortwave_radiation,2024,233.1491935483871,240.45833333333334,32.59227068070363,214.52083333333334,259.97916666666663
lk_trincomalee,8,shortwave_radiation,2025,252.63172043010752,260.9583333333333,35.93487727430324,247.14583333333331,277.04166666666663
lk_trincomalee,9,temperature_2m,2020,27.959583333333335,27.9375,0.7311767450290418,27.572916666666668,28.619791666666668
lk_trincomalee,9,temperature_2m,2021,28.555555555555554,28.418750000000003,0.7750496935413191,28.014583333333334,29.301041666666666
lk_trincomalee,9,temperature_2m,2022,28.454722222222227,28.73125,0.8637929903284035,27.92395833333333,28.996875000000003
lk_trincomalee,9,temperature_2m,2023,28.63236111111111,28.564583333333335,0.7023553382956808,28.14270833333333,29.012500000000003
lk_trincomalee,9,temperature_2m,2024,29.508333333333336,29.762500000000003,0.8379712890225145,29.271875,30.132291666666667
lk_trincomalee,9,temperature_2m,2025,29.190833333333337,29.27708333333333,0.5200429635213284,28.81041666666667,29.614583333333332
lk_trincomalee,9,precipitation,2020,1.9866666666666668,0.4,3.770551348445525,0.0,2.375
lk_trincomalee,9,precipitation,2021,2.81,0.8,5.019297244394498,0.025,3.6
lk_trincomalee,9,precipitation,2022,0.6333333333333334,0.0,1.2761292047149604,0.0,0.6499999999999999
lk_trincomalee,9,precipitation,2023,1.1166666666666667,0.55,1.3756712050369506,0.2,1.7
lk_trincomalee,9,precipitation,2024,0.8333333333333334,0.1,2.3927092324944894,0.0,0.17500000000000002
lk_trincomalee,9,precipitation,2025,0.7166666666666668,0.1,1.265478874422325,0.0,0.65
lk_trincomalee,9,wind_speed_10m,2020,5.727000000000001,5.952916666666666,1.678478315742454,4.336458333333334,7.059791666666667
lk_trincomalee,9,wind_speed_10m,2021,5.1178888888888885,5.06375,1.8881706451528986,3.5582291666666666,6.7993749999999995
lk_trincomalee,9,wind_speed_10m,2022,5.510902777777778,5.643958333333333,1.3949675264837262,4.237708333333333,6.271666666666667
lk_trincomalee,9,wind_speed_10m,2023,5.514694444444444,5.514375,1.458224638532764,4.503645833333334,6.802708333333333
lk_trincomalee,9,wind_speed_10m,2024,6.150680555555555,6.6675,1.4355386940079091,5.845104166666666,7.046145833333333
lk_trincomalee,9,wind_speed_10m,2025,5.3880833333333324,5.355,1.4599150765203233,4.018541666666667,6.6781250000000005
lk_trincomalee,9,relative_humidity_2m,2020,73.4986111111111,73.27083333333333,3.5975640194723133,70.51041666666666,75.82291666666667
lk_trincomalee,9,relative_humidity_2m,2021,71.86527777777778,71.41666666666667,5.777718084259129,65.76041666666667,76.375
lk_trincomalee,9,relative_humidity_2m,2022,69.47222222222221,68.41666666666666,4.679328232506791,67.09375,71.90625
lk_trincomalee,9,relative_humidity_2m,2023,70.79583333333333,71.47916666666667,4.1502168098745775,68.13541666666667,73.13541666666667
lk_trincomalee,9,relative_humidity_2m,2024,67.87638888888888,66.25,6.0503404179477664,63.604166666666664,70.15625
lk_trincomalee,9,relative_humidity_2m,2025,67.28611111111111,66.5,4.448227257498773,63.791666666666664,70.82291666666666
lk_trincomalee,9,surface_pressure,2020,1006.8444444444444,1006.8499999999999,1.0144232439568572,1006.3395833333333,1007.3375000000001
lk_trincomalee,9,surface_pressure,2021,1006.5140277777778,1006.4583333333333,1.0178292552682655,1006.0302083333333,1007.0489583333333
lk_trincomalee,9,surface_pressure,2022,1007.1215277777778,1006.8916666666667,1.0158920895978825,1006.4229166666667,1007.7364583333333
lk_trincomalee,9,surface_pressure,2023,1007.5865277777779,1007.6520833333334,0.9974810727934063,1007.0520833333334,1008.2854166666667
lk_trincomalee,9,surface_pressure,2024,1006.5444444444445,1006.4458333333334,1.1353115834180316,1005.6864583333333,1007.359375
lk_trincomalee,9,surface_pressure,2025,1007.0131944444443,1007.15625,0.8290428944567929,1006.7489583333333,1007.4697916666667
lk_trincomalee,9,cloud_cover,2020,85.60694444444444,90.14583333333334,16.02634431443833,80.32291666666667,97.90625
lk_trincomalee,9,cloud_cover,2021,81.95694444444445,91.125,19.27185492269901,69.8125,96.11458333333334
lk_trincomalee,9,cloud_cover,2022,68.90694444444443,71.02083333333333,23.61943513118693,55.40625,84.05208333333333
lk_trincomalee,9,cloud_cover,2023,79.51805555555556,89.125,19.04208538277193,65.89583333333334,93.5
lk_trincomalee,9,cloud_cover,2024,69.58194444444443,72.9375,20.799919996361638,50.364583333333336,84.92708333333333
lk_trincomalee,9,cloud_cover,2025,80.36527777777776,86.625,17.944384078015492,66.4375,96.64583333333333
lk_trincomalee,9,shortwave_radiation,2020,204.5791666666667,216.41666666666669,47.10114522964856,165.41666666666666,237.71875
lk_trincomalee,9,shortwave_radiation,2021,241.60138888888886,249.72916666666666,38.90200178315084,229.90625,268.3645833333333
lk_trincomalee,9,shortwave_radiation,2022,257.3333333333333,270.4166666666667,38.81403681689124,247.48958333333334,282.4479166666667
lk_trincomalee,9,shortwave_radiation,2023,229.75555555555556,232.5625,31.502785510037725,218.61458333333331,251.42708333333334
lk_trincomalee,9,shortwave_radiation,2024,257.9277777777778,264.14583333333337,22.284813194325917,250.11458333333334,272.84375
lk_trincomalee,9,shortwave_radiation,2025,246.59444444444443,248.91666666666666,31.387145291145206,228.58333333333334,270.9270833333333
lk_trincomalee,10,temperature_2m,2020,28.733870967741936,28.9375,0.6000335078755823,28.4125,29.106249999999996
lk_trincomalee,10,temperature_2m,2021,27.358198924731187,27.041666666666668,1.0937980062856039,26.6625,28.44375
lk_trincomalee,10,temperature_2m,2022,26.902956989247315,26.7375,1.091802999093313,26.191666666666666,27.51666666666667
lk_trincomalee,10,temperature_2m,2023,27.34825268817204,27.558333333333334,0.7235992008458517,26.72291666666667,27.789583333333333
lk_trincomalee,10,temperature_2m,2024,27.632661290322584,27.641666666666666,0.9088206495883989,27.125,28.145833333333336
lk_trincomalee,10,temperature_2m,2025,27.440053763440865,27.295833333333334,1.0928416478994172,26.824999999999996,28.077083333333334
lk_trincomalee,10,precipitation,2020,1.3129032258064515,0.1,2.351133334583398,0.0,1.25
lk_trincomalee,10,precipitation,2021,5.8999999999999995,2.0,7.6408987254990715,0.0,10.3
lk_trincomalee,10,precipitation,2022,8.070967741935483,3.6999999999999993,11.51940952041053,0.45000000000000007,11.400000000000002
lk_trincomalee,10,precipitation,2023,10.480645161290326,3.4,19.942407399890968,0.75,7.2
lk_trincomalee,10,precipitation,2024,4.464516129032258,4.0,4.265719821014719,0.8,7.799999999999999
lk_trincomalee,10,precipitation,2025,8.77741935483871,2.3,18.2598048488553,0.45,7.3
lk_trincomalee,10,wind_speed_10m,2020,5.216841397849462,4.866666666666666,2.013419699485278,3.5497916666666667,6.773124999999999
lk_trincomalee,10,wind_speed_10m,2021,4.016505376344087,3.1629166666666664,1.914357545256696,2.4247916666666667,5.817083333333334
lk_trincomalee,10,wind_speed_10m,2022,3.833212365591398,3.785833333333333,1.6922126930549954,2.6108333333333333,4.775625
lk_trincomalee,10,wind_speed_10m,2023,2.7350806451612906,2.34125,0.9249138124221087,2.1643749999999997,2.7837500000000004
lk_trincomalee,10,wind_speed_10m,2024,3.4543548387096767,3.265,1.213848800374351,2.6364583333333336,4.550625
lk_trincomalee,10,wind_speed_10m,2025,3.5008602150537635,2.827916666666667,1.5454467393777391,2.2641666666666667,4.868541666666666
lk_trincomalee,10,relative_humidity_2m,2020,69.32258064516128,68.04166666666667,4.882223609948527,65.75,72.08333333333333
lk_trincomalee,10,relative_humidity_2m,2021,78.95833333333333,80.625,7.544904154706256,72.35416666666667,83.83333333333334
lk_trincomalee,10,relative_humidity_2m,2022,79.65860215053763,81.95833333333333,7.904408780299087,72.0625,84.66666666666667
lk_trincomalee,10,relative_humidity_2m,2023,80.1989247311828,80.5,4.692385844788126,76.33333333333333,83.58333333333333
lk_trincomalee,10,relative_humidity_2m,2024,79.00537634408605,79.75,4.875139384705901,75.77083333333333,82.16666666666666
lk_trincomalee,10,relative_humidity_2m,2025,79.7204301075269,81.79166666666667,6.638370448856294,76.14583333333333,83.375
lk_trincomalee,10,surface_pressure,2020,1006.657123655914,1006.5208333333334,1.5471674362738355,1005.5729166666667,1007.6770833333334
lk_trincomalee,10,surface_pressure,2021,1007.4643817204302,1007.225,2.3170942447918024,1005.9854166666667,1009.0041666666666
lk_trincomalee,10,surface_pressure,2022,1008.232123655914,1008.5458333333332,1.6546291662236705,1007.0541666666667,1009.51875
lk_trincomalee,10,surface_pressure,2023,1010.2588709677418,1010.1750000000001,0.9491423650285571,1009.8666666666666,1011.06875
lk_trincomalee,10,surface_pressure,2024,1008.3647849462365,1008.1708333333332,0.8920202042570775,1007.5916666666667,1009.0208333333333
lk_trincomalee,10,surface_pressure,2025,1007.8974462365592,1007.8708333333334,1.6776746464184855,1006.5729166666667,1009.6291666666667
lk_trincomalee,10,cloud_cover,2020,69.41263440860214,74.16666666666667,23.998300853332783,59.583333333333336,85.25
lk_trincomalee,10,cloud_cover,2021,81.7997311827957,82.08333333333333,14.160854278849493,76.52083333333334,93.77083333333334
lk_trincomalee,10,cloud_cover,2022,82.58467741935482,89.25,21.991326899060958,79.16666666666666,98.0625
lk_trincomalee,10,cloud_cover,2023,69.01209677419355,71.70833333333333,20.14986442362138,52.45833333333333,86.52083333333333
lk_trincomalee,10,cloud_cover,2024,75.17607526881721,78.20833333333333,20.936623695529796,57.35416666666667,93.27083333333334
lk_trincomalee,10,cloud_cover,2025,70.2271505376344,79.375,26.474504766443413,48.708333333333336,93.22916666666667
lk_trincomalee,10,shortwave_radiation,2020,248.9139784946237,245.20833333333334,21.02176984337119,235.10416666666666,264.9791666666667
lk_trincomalee,10,shortwave_radiation,2021,205.06317204301078,216.66666666666666,45.208305006350244,171.0625,236.47916666666666
lk_trincomalee,10,shortwave_radiation,2022,211.26747311827953,217.04166666666666,50.589572393687064,195.91666666666669,253.125
lk_trincomalee,10,shortwave_radiation,2023,222.6747311827957,224.375,28.10821190175956,212.125,242.22916666666666
lk_trincomalee,10,shortwave_radiation,2024,211.38306451612905,221.54166666666666,42.131127177422435,194.8125,241.5
lk_trincomalee,10,shortwave_radiation,2025,218.95430107526883,238.83333333333334,57.44898336104342,197.91666666666669,262.0
lk_trincomalee,11,temperature_2m,2020,26.461527777777782,26.679166666666667,0.8103975031960932,25.95104166666667,26.878125
lk_trincomalee,11,temperature_2m,2021,26.193472222222223,26.177083333333332,0.64910017599275,25.586458333333333,26.648958333333333
lk_trincomalee,11,temperature_2m,2022,26.061944444444443,26.191666666666666,0.564765799853839,25.510416666666668,26.59583333333333
lk_trincomalee,11,temperature_2m,2023,26.272916666666667,26.299999999999997,0.506013585354404,26.026041666666668,26.56354166666667
lk_trincomalee,11,temperature_2m,2024,26.288888888888888,26.260416666666664,0.8797744217727743,25.755208333333332,26.939583333333335
lk_trincomalee,11,temperature_2m,2025,26.211527777777786,26.02916666666667,1.2697589123774404,25.045833333333334,27.109375
lk_trincomalee,11,precipitation,2020,11.18,5.9,17.50283523830669,1.775,13.55
lk_trincomalee,11,precipitation,2021,12.483333333333333,11.05,11.260706272127269,2.625,17.95
lk_trincomalee,11,precipitation,2022,8.453333333333333,2.25,10.805417968374215,0.30000000000000004,15.475000000000001
lk_trincomalee,11,precipitation,2023,15.169999999999996,12.65,11.348891788522183,7.8500000000000005,20.075000000000003
lk_trincomalee,11,precipitation,2024,20.176666666666666,12.0,26.375899178440623,3.3500000000000005,21.325
lk_trincomalee,11,precipitation,2025,24.18333333333333,7.249999999999999,42.15907546042917,0.825,28.525
lk_trincomalee,11,wind_speed_10m,2020,3.6521944444444445,3.5429166666666667,1.3458203574573449,2.7773958333333333,4.2
lk_trincomalee,11,wind_speed_10m,2021,3.9005694444444448,3.876458333333334,0.9513411238603935,3.1922916666666663,4.395729166666667
lk_trincomalee,11,wind_speed_10m,2022,3.1425833333333335,3.085416666666667,1.0484880580409137,2.275729166666667,3.5481249999999998
lk_trincomalee,11,wind_speed_10m,2023,2.5380416666666665,2.392291666666667,0.8917221364608005,1.9264583333333334,3.1248958333333334
lk_trincomalee,11,wind_speed_10m,2024,3.7669444444444453,3.378333333333334,1.8330421442384455,2.676875,4.046354166666667
lk_trincomalee,11,wind_speed_10m,2025,4.208361111111111,3.486041666666667,2.248734906510179,2.8023958333333336,4.4539583333333335
lk_trincomalee,11,relative_humidity_2m,2020,84.21666666666665,84.39583333333333,4.482557190434633,82.44791666666667,87.25
lk_trincomalee,11,relative_humidity_2m,2021,84.37361111111113,85.4375,5.166637506097415,81.16666666666667,88.41666666666667
lk_trincomalee,11,relative_humidity_2m,2022,82.0888888888889,81.72916666666667,6.344125836622945,77.21875,88.21875
lk_trincomalee,11,relative_humidity_2m,2023,87.80138888888888,87.66666666666667,2.605386112953976,86.69791666666667,88.86458333333334
lk_trincomalee,11,relative_humidity_2m,2024,85.74444444444444,85.75,4.799484294082472,82.26041666666667,88.9375
lk_trincomalee,11,relative_humidity_2m,2025,84.50833333333331,86.125,7.260383632982785,78.79166666666667,91.14583333333334
lk_trincomalee,11,surface_pressure,2020,1009.4352777777777,1009.7520833333333,1.3064164032368288,1008.7104166666668,1010.2979166666667
lk_trincomalee,11,surface_pressure,2021,1007.5238888888889,1007.60625,1.3885607562576028,1006.6833333333334,1008.4947916666666
lk_trincomalee,11,surface_pressure,2022,1009.382777777778,1009.3270833333333,1.023278348829213,1008.7104166666667,1010.0333333333333
lk_trincomalee,11,surface_pressure,2023,1009.9063888888887,1010.0770833333333,0.8597478394168002,1009.2333333333333,1010.4187499999999
lk_trincomalee,11,surface_pressure,2024,1008.1093055555556,1008.91875,2.099886446520926,1007.5041666666666,1009.2875
lk_trincomalee,11,surface_pressure,2025,1009.4508333333335,1010.05,1.8361284857253197,1009.2677083333333,1010.33125
lk_trincomalee,11,cloud_cover,2020,80.27083333333331,82.75,18.55255798553163,66.72916666666666,97.41666666666666
lk_trincomalee,11,cloud_cover,2021,84.76666666666667,93.97916666666667,18.84678278286158,73.86458333333334,99.15625
lk_trincomalee,11,cloud_cover,2022,79.03888888888888,89.60416666666667,23.18100144999729,63.791666666666664,95.52083333333334
lk_trincomalee,11,cloud_cover,2023,86.82916666666667,90.77083333333334,12.767498650526177,76.35416666666666,97.65625
lk_trincomalee,11,cloud_cover,2024,76.75277777777778,84.60416666666666,25.714127389080588,60.60416666666667,98.94791666666667
lk_trincomalee,11,cloud_cover,2025,75.44444444444443,83.8125,23.540916052862478,57.83333333333333,96.46875
lk_trincomalee,11,shortwave_radiation,2020,177.27222222222224,196.91666666666669,60.65675022107485,151.61458333333334,220.59375
lk_trincomalee,11,shortwave_radiation,2021,169.32361111111115,170.27083333333331,44.85328184382452,130.1875,201.21875
lk_trincomalee,11,shortwave_radiation,2022,185.93472222222223,198.625,54.219678616252246,146.32291666666666,234.4375
lk_trincomalee,11,shortwave_radiation,2023,168.86111111111111,179.3125,44.10565800085493,141.36458333333334,203.88541666666669
lk_trincomalee,11,shortwave_radiation,2024,162.44027777777777,177.5625,65.74873773548103,129.58333333333331,211.75
lk_trincomalee,11,shortwave_radiation,2025,167.35416666666669,191.10416666666669,81.24992024016126,95.48958333333333,229.83333333333334
lk_trincomalee,12,temperature_2m,2020,25.563844086021508,25.6125,0.6567327475711696,24.94375,26.095833333333335
lk_trincomalee,12,temperature_2m,2021,26.18185483870968,26.150000000000002,0.6140292213789896,25.741666666666667,26.677083333333336
lk_trincomalee,12,temperature_2m,2022,25.56747311827957,25.71666666666667,0.9942749425034917,25.566666666666666,26.125
lk_trincomalee,12,temperature_2m,2023,26.27822580645161,26.195833333333336,0.5689951238943358,25.93541666666667,26.66875
lk_trincomalee,12,temperature_2m,2024,26.355107526881724,26.34583333333333,0.7286900900326749,26.043749999999996,26.96458333333333
lk_trincomalee,12,temperature_2m,2025,25.542741935483875,25.5125,0.6679371294969111,25.079166666666666,26.085416666666667
lk_trincomalee,12,precipitation,2020,17.5258064516129,5.8,31.144180491620318,2.1500000000000004,15.15
lk_trincomalee,12,precipitation,2021,2.8000000000000003,1.0,3.86962530485834,0.0,4.1
lk_trincomalee,12,precipitation,2022,7.032258064516129,2.3000000000000003,11.50247472204059,0.8,7.75
lk_trincomalee,12,precipitation,2023,11.203225806451613,6.0,11.220115384759277,3.7,11.2
lk_trincomalee,12,precipitation,2024,10.319354838709678,1.9000000000000004,28.543153520647046,0.1,13.1
lk_trincomalee,12,precipitation,2025,7.5516129032258075,5.0,9.67280969066527,1.25,8.55
lk_trincomalee,12,wind_speed_10m,2020,4.328319892473117,3.921666666666667,1.313812454394683,3.403125,4.861041666666667
lk_trincomalee,12,wind_speed_10m,2021,3.9058736559139775,4.0737499999999995,1.0752195423689594,3.598958333333333,4.648333333333333
lk_trincomalee,12,wind_speed_10m,2022,4.439798387096773,4.053333333333334,1.9325524011598736,2.993958333333333,5.504791666666666
lk_trincomalee,12,wind_speed_10m,2023,4.369274193548387,4.5125,1.3082987785942044,4.005416666666666,5.212083333333333
lk_trincomalee,12,wind_speed_10m,2024,3.731841397849463,3.72,1.1986580738234132,2.6483333333333334,4.442916666666667
lk_trincomalee,12,wind_speed_10m,2025,4.297795698924732,4.4437500000000005,0.9794853748077945,3.8670833333333334,4.833333333333334
lk_trincomalee,12,relative_humidity_2m,2020,84.2728494623656,84.75,6.477765020859581,81.875,89.4375
lk_trincomalee,12,relative_humidity_2m,2021,79.39381720430109,81.16666666666667,7.469303219939452,75.89583333333334,85.47916666666666
lk_trincomalee,12,relative_humidity_2m,2022,82.43010752688173,82.0,4.731596745901994,79.125,85.875
lk_trincomalee,12,relative_humidity_2m,2023,86.56989247311829,86.83333333333333,4.151115243621929,84.54166666666667,89.72916666666666
lk_trincomalee,12,relative_humidity_2m,2024,82.36962365591398,83.125,5.53998242926879,78.20833333333334,86.52083333333334
lk_trincomalee,12,relative_humidity_2m,2025,83.2056451612903,81.95833333333333,5.8924969504135705,80.5625,88.5625
lk_trincomalee,12,surface_pressure,2020,1009.6038978494623,1009.9833333333332,1.8037249059764233,1009.1979166666667,1010.8395833333334
lk_trincomalee,12,surface_pressure,2021,1011.2106182795698,1011.3416666666667,1.0433468886176052,1010.2645833333333,1011.9333333333334
lk_trincomalee,12,surface_pressure,2022,1009.118682795699,1008.85,2.735651301811237,1007.0500000000001,1010.1479166666666
lk_trincomalee,12,surface_pressure,2023,1010.2602150537635,1010.4250000000001,1.8040225881364653,1009.7125,1011.4770833333332
lk_trincomalee,12,surface_pressure,2024,1009.1568548387096,1009.1875,1.730452516680265,1008.0416666666667,1010.2229166666666
lk_trincomalee,12,surface_pressure,2025,1010.5079301075269,1010.5791666666668,0.7972343360762187,1010.1270833333333,1011.1041666666667
lk_trincomalee,12,cloud_cover,2020,79.13844086021507,93.29166666666667,23.452509112923423,56.5625,97.9375
lk_trincomalee,12,cloud_cover,2021,52.79838709677419,48.25,25.499859514805,30.020833333333332,71.45833333333334
lk_trincomalee,12,cloud_cover,2022,77.70026881720432,84.20833333333333,20.68558839034941,60.25,98.58333333333334
lk_trincomalee,12,cloud_cover,2023,79.0268817204301,84.95833333333333,19.783763183301375,64.08333333333334,96.8125
lk_trincomalee,12,cloud_cover,2024,71.80107526881721,72.79166666666667,26.09661250029287,56.27083333333333,95.5625
lk_trincomalee,12,cloud_cover,2025,66.0483870967742,66.70833333333333,21.404092982088777,53.33333333333333,85.35416666666666
lk_trincomalee,12,shortwave_radiation,2020,150.54704301075267,156.125,61.24501750514482,97.79166666666666,209.35416666666669
lk_trincomalee,12,shortwave_radiation,2021,198.36155913978493,205.20833333333334,33.89286529567861,181.375,222.0625
lk_trincomalee,12,shortwave_radiation,2022,162.06182795698925,175.95833333333334,60.50468097801108,118.35416666666666,210.125
lk_trincomalee,12,shortwave_radiation,2023,162.41532258064515,178.45833333333334,44.269057786448094,146.9375,195.66666666666669
lk_trincomalee,12,shortwave_radiation,2024,184.96236559139786,193.5,51.44439234777935,168.64583333333334,222.66666666666669
lk_trincomalee,12,shortwave_radiation,2025,179.741935483871,186.66666666666666,40.758199611531865,161.58333333333331,209.45833333333334
