path,sha256,bytes,metadata_sha256,location_id,latitude,longitude,year,start,end,hours,window_start,window_end
/Users/vidura/Code/big-weather/data/regional-2020-2025/raw/weather/location_id=bd_chattogram/year=2026/weather-2026-04-28-2026-05-04.parquet,4c86a249a3916b17c574b597b4442c4542c4dce4911538eff99cd48343dd5760,54657,a3b91a310d0ab8cb1e37f2cad5d8a331dbe8d68c5320009a48cb5a5ad1c7c763,bd_chattogram,22.3569,91.7832,2026,2026-04-28,2026-05-04,168,2026-04-28,2026-05-04
/Users/vidura/Code/big-weather/data/regional-2020-2025/raw/weather/location_id=bd_chattogram/year=2026/weather-2026-05-05-2026-05-11.parquet,89d19f1de778e78537492dec2ce0e0eaad819c861f27f421f6a0f597d5723908,53203,2c213fcb05a7054ae7bdb7cf78bb9085fe27a6e47924fad4c242193f8f47505a,bd_chattogram,22.3569,91.7832,2026,2026-05-05,2026-05-11,168,2026-05-05,2026-05-11
/Users/vidura/Code/big-weather/data/regional-2020-2025/raw/weather/location_id=bd_chattogram/year=2026/weather-2026-05-12-2026-05-18.parquet,6ebb69a468e66392398e50147238a513fee6e2bcadf8ee2ee683652a0235d620,52057,271485f5d4fa168d68eb81de0ce35984f505c7d9477f1f8d0f816fda98e24669,bd_chattogram,22.3569,91.7832,2026,2026-05-12,2026-05-18,168,2026-05-12,2026-05-18
/Users/vidura/Code/big-weather/data/regional-2020-2025/raw/weather/location_id=bd_chattogram/year=2026/weather-2026-05-19-2026-05-25.parquet,3f71445a981985a92440f815ff6491efdc759ffc48a8f999625dc5ccccf75461,51877,9f0f551b46e4ebe440cb78484d10e6c73f1dda37a25bddc92b5f381f2ccef38b,bd_chattogram,22.3569,91.7832,2026,2026-05-19,2026-05-25,168,2026-05-19,2026-05-25
/Users/vidura/Code/big-weather/data/regional-2020-2025/raw/weather/location_id=bd_chattogram/year=2026/weather-2026-05-26-2026-06-01.parquet,1dfea60800a2746941287a38c541c5a584683ad906fbff9e30d33ba890b6e4db,52713,cb8d97a530b68ceb8989f7e1e11a7c8bc89c466e9987ff6cdaeee924d8ce996a,bd_chattogram,22.3569,91.7832,2026,2026-05-26,2026-06-01,168,2026-05-26,2026-06-01
/Users/vidura/Code/big-weather/data/regional-2020-2025/raw/weather/location_id=bd_chattogram/year=2026/weather-2026-06-02-2026-06-08.parquet,9d166ed794603fa7e6ce7d2dbb05178b46f244e536f215b1bebc7c3469a3fff8,53526,7cdb236ed1e4ae92c166705d6bc89126c58cd945a5e9099acdbd47e101499a6e,bd_chattogram,22.3569,91.7832,2026,2026-06-02,2026-06-08,168,2026-06-02,2026-06-08
/Users/vidura/Code/big-weather/data/regional-2020-2025/raw/weather/location_id=bd_chattogram/year=2026/weather-2026-06-09-2026-06-15.parquet,6d5f2b17d92fd795fb8d6ceba7761920b17e194aec02f5028ec7451aea1534d2,52998,5d650aed70524b5cbac204c5c679d467c4a860050644c59fe20f6ecfe5e14093,bd_chattogram,22.3569,91.7832,2026,2026-06-09,2026-06-15,168,2026-06-09,2026-06-15
/Users/vidura/Code/big-weather/data/regional-2020-2025/raw/weather/location_id=bd_chattogram/year=2026/weather-2026-06-16-2026-06-22.parquet,081101b2cd6e7d27457bf1628229bc4b331fd4b6e8be1df3e65e267a792fd62f,51467,b72d83b9c130c581af8f674846043b9d44f8787e0389ec65af706347874fe0c0,bd_chattogram,22.3569,91.7832,2026,2026-06-16,2026-06-22,168,2026-06-16,2026-06-22
/Users/vidura/Code/big-weather/data/regional-2020-2025/raw/weather/location_id=bd_chattogram/year=2026/weather-2026-06-23-2026-06-29.parquet,8c693183b1ab719c5585d1d29c8497c26ac33dbace4b73dd84f4f5f2801c8eb9,52215,40031e7f43a120238fc47321e545ba5eb7fec7bcfcda9d235acd28cbf8af3b53,bd_chattogram,22.3569,91.7832,2026,2026-06-23,2026-06-29,168,2026-06-23,2026-06-29
/Users/vidura/Code/big-weather/data/regional-2020-2025/raw/weather/location_id=bd_chattogram/year=2026/weather-2026-06-30-2026-07-06.parquet,f99e351d5487ec9028cfac8bd4d989198d501c3d5e532113199b954c85428738,52855,3a2a0356308dc0725afab8b7d2e1af03ad84acbc7f21aa3b006eb8a72a828d12,bd_chattogram,22.3569,91.7832,2026,2026-06-30,2026-07-06,168,2026-06-30,2026-07-06
/Users/vidura/Code/big-weather/data/regional-2020-2025/raw/weather/location_id=bd_chattogram/year=2026/weather-2026-07-07-2026-07-13.parquet,bbfc096c8cac3c3527de42d38abbf08d6186725ded869fd88ad97d0c53740f84,51240,f7e56e4f0ca6264c3dd9ff35c276c156faa8fcd78b6f1d3ba58110ce6e8311b1,bd_chattogram,22.3569,91.7832,2026,2026-07-07,2026-07-13,168,2026-07-07,2026-07-13
/Users/vidura/Code/big-weather/data/regional-2020-2025/raw/weather/location_id=bd_chattogram/year=2026/weather-2026-07-14-2026-07-20.parquet,86c4362615c109a41c974934bec7cab9bd3964682d942da1140d4236d329d113,52413,3b6ae683c18007899819ffe3754277de0de96ffb4ba4b50b492670eb0fa89ac8,bd_chattogram,22.3569,91.7832,2026,2026-07-14,2026-07-20,168,2026-07-14,2026-07-20
/Users/vidura/Code/big-weather/data/regional-2020-2025/raw/weather/location_id=bd_chattogram/year=2026/weather-2026-07-21-2026-07-27.parquet,cbb6adcd4555850a349b1a8fd7fdf69d524a8720d83acb434fdb42170ffbf765,52613,906e7b8f1797f2e3f422f4fec99b52073b8a1ba68cc6e4c43be97db88207945b,bd_chattogram,22.3569,91.7832,2026,2026-07-21,2026-07-27,168,2026-07-21,2026-07-27
/Users/vidura/Code/big-weather/data/regional-2020-2025/raw/weather/location_id=bd_chattogram/year=2026/weather-2026-07-28-2026-08-03.parquet,aff0b5ed8b78f2e0cf0b348867ee572271c00b9fcad05be57a1bd81ffa9235fe,51378,e7751046415d6a63fd654e87b83dddde5d7f3dcc7fd4496e785ba6936654697f,bd_chattogram,22.3569,91.7832,2026,2026-07-28,2026-08-03,168,2026-07-28,2026-08-03
/Users/vidura/Code/big-weather/data/regional-2020-2025/raw/weather/location_id=bd_chattogram/year=2026/weather-2026-08-04-2026-08-10.parquet,79aaa69daca1e1096db7ad7e781aa795da17e5d483f95cc8fb8987b007df6c50,51772,a127d2e3eeb221d8f4377e9b91c9a974c3d9f21454fd1483af315225915200ce,bd_chattogram,22.3569,91.7832,2026,2026-08-04,2026-08-10,168,2026-08-04,2026-08-10
/Users/vidura/Code/big-weather/data/regional-2020-2025/raw/weather/location_id=bd_chattogram/year=2026/weather-2026-08-11-2026-08-17.parquet,b85e1875ef98de2b34b0909edf5154ec35e634be07e0b388cbb4c4a24183e19f,52568,0d5c6d6ff7e429fb1e1cbbab18749600749c1378f1b058ad772f0b40cf33ad66,bd_chattogram,22.3569,91.7832,2026,2026-08-11,2026-08-17,168,2026-08-11,2026-08-17
/Users/vidura/Code/big-weather/data/regional-2020-2025/raw/weather/location_id=bd_chattogram/year=2026/weather-2026-08-18-2026-08-24.parquet,1e3df169f343b5c9793e6ef6e837394e9b23c7f7d4b93146268c8e0f0d9436ba,52613,23d640dd1c3f65ca910e3ef9264afa8ecbc5f528f52d0006f9eb6262f66a9aaa,bd_chattogram,22.3569,91.7832,2026,2026-08-18,2026-08-24,168,2026-08-18,2026-08-24
/Users/vidura/Code/big-weather/data/regional-2020-2025/raw/weather/location_id=bd_chattogram/year=2026/weather-2026-08-25-2026-08-31.parquet,10ba9b8f739663b2fe7b82417ff3fd289dab54203015d5f7be0d6a48caa2e74f,52373,ec6a7732927aeee4fc60beed153b19140fdc09e17e2e85711ca9ab9f3ae54037,bd_chattogram,22.3569,91.7832,2026,2026-08-25,2026-08-31,168,2026-08-25,2026-08-31
/Users/vidura/Code/big-weather/data/regional-2020-2025/raw/weather/location_id=bd_dhaka/year=2026/weather-2026-04-28-2026-05-04.parquet,1c14a8d0b8f0eda9c0ad585a239008df1537f43488eb962af4f406433feb34e6,54293,9584abe874a525dab8e40fdceaaf40e648496beb56eaaa9e7640db214ce90d34,bd_dhaka,23.8103,90.4125,2026,2026-04-28,2026-05-04,168,2026-04-28,2026-05-04
/Users/vidura/Code/big-weather/data/regional-2020-2025/raw/weather/location_id=bd_dhaka/year=2026/weather-2026-05-05-2026-05-11.parquet,20f6ae6a3046aa363cda212acb4806902de39cde201ca8493845d558b0354f11,53537,3f738cc2fb1811dea04dca7efa7d92ef54cbc776c3f2f1155de79385aa5b412a,bd_dhaka,23.8103,90.4125,2026,2026-05-05,2026-05-11,168,2026-05-05,2026-05-11
/Users/vidura/Code/big-weather/data/regional-2020-2025/raw/weather/location_id=bd_dhaka/year=2026/weather-2026-05-12-2026-05-18.parquet,336263fcda81cdeb23f95d05f31b2a5b175974b634996c12c2c4f01efcfaf865,52985,2f3039d77101d89c984fe38ae34e3164d70b5807d3d20bf118436afa5843fb3f,bd_dhaka,23.8103,90.4125,2026,2026-05-12,2026-05-18,168,2026-05-12,2026-05-18
/Users/vidura/Code/big-weather/data/regional-2020-2025/raw/weather/location_id=bd_dhaka/year=2026/weather-2026-05-19-2026-05-25.parquet,09d4b474550cd3f28a48c12f439ff59186b3d33306a875cf8589b8d1f46fb535,52936,428250e711be3b43079450a8a2f50fa5d0135db9d298bd322de670aadd93cd2d,bd_dhaka,23.8103,90.4125,2026,2026-05-19,2026-05-25,168,2026-05-19,2026-05-25
/Users/vidura/Code/big-weather/data/regional-2020-2025/raw/weather/location_id=bd_dhaka/year=2026/weather-2026-05-26-2026-06-01.parquet,cba651611e67707e158d1b6ebd6f0026fe01e36e61a265be32f0c1fbd15bfc1d,53669,b62b0acf2d2fdf89795a61118f9f8f4b06ddb3a602c9f7c12859116da7faf384,bd_dhaka,23.8103,90.4125,2026,2026-05-26,2026-06-01,168,2026-05-26,2026-06-01
/Users/vidura/Code/big-weather/data/regional-2020-2025/raw/weather/location_id=bd_dhaka/year=2026/weather-2026-06-02-2026-06-08.parquet,8fda19fd045ed9bcd2020be7173c6584cafddacbd343a24efbf7567d0791419e,53321,44f688fe700149471de1959d34ab844c9534c7e479e5e114ecb50ae831dd4cd1,bd_dhaka,23.8103,90.4125,2026,2026-06-02,2026-06-08,168,2026-06-02,2026-06-08
/Users/vidura/Code/big-weather/data/regional-2020-2025/raw/weather/location_id=bd_dhaka/year=2026/weather-2026-06-09-2026-06-15.parquet,fdaa349aca3ceaf30c6d3a10c8ac3f94ceb11a4e6b1cba9769f967ee495d0aba,53260,7a5d4b49e937342126f5ab4ec16b342fb1ddeedf67425d9ef132c5ce1eba4eb5,bd_dhaka,23.8103,90.4125,2026,2026-06-09,2026-06-15,168,2026-06-09,2026-06-15
/Users/vidura/Code/big-weather/data/regional-2020-2025/raw/weather/location_id=bd_dhaka/year=2026/weather-2026-06-16-2026-06-22.parquet,f827a3b8d520844d296259dd41e597f331f11d1080ed9228933ca26186cc1634,52653,89a03ae1675ba20bc5aa1583efb64e06208ad93aa7ee86f892f4bb09232aac95,bd_dhaka,23.8103,90.4125,2026,2026-06-16,2026-06-22,168,2026-06-16,2026-06-22
/Users/vidura/Code/big-weather/data/regional-2020-2025/raw/weather/location_id=bd_dhaka/year=2026/weather-2026-06-23-2026-06-29.parquet,ceca58348f53e888b236d0ac701101885afcfb5de1fbf193a50c1a6f1dbc6620,52579,8569b707e904dd06817f22d5c951b26fd53b50e002a8bb7f0077bb906d5e0924,bd_dhaka,23.8103,90.4125,2026,2026-06-23,2026-06-29,168,2026-06-23,2026-06-29
/Users/vidura/Code/big-weather/data/regional-2020-2025/raw/weather/location_id=bd_dhaka/year=2026/weather-2026-06-30-2026-07-06.parquet,03cc686459a94fa57f261ca8864b0b7b70ef1f34459e5c47097bb689a8cfc626,53632,73f26f6fed03c055bd2a0a82275ca28dc506735bc47b156e1a765c3ea75d4eff,bd_dhaka,23.8103,90.4125,2026,2026-06-30,2026-07-06,168,2026-06-30,2026-07-06
/Users/vidura/Code/big-weather/data/regional-2020-2025/raw/weather/location_id=bd_dhaka/year=2026/weather-2026-07-07-2026-07-13.parquet,2455f6d4dea60dc556a3f6c789912f65b17f1f6c42973e3bdd3effd73885510a,51526,29bbe40d9fe8e2ffd0ba0003942c211273a7c76c2587efa057a900be171c2906,bd_dhaka,23.8103,90.4125,2026,2026-07-07,2026-07-13,168,2026-07-07,2026-07-13
/Users/vidura/Code/big-weather/data/regional-2020-2025/raw/weather/location_id=bd_dhaka/year=2026/weather-2026-07-14-2026-07-20.parquet,0e5ee5f3c89875cb7f51b699c04eb1e4b2826dcc49891d446215b5208b03fa80,52895,2310fdcd51ccbe3394286cc5136b04c3e3548efaaf57f7641e5269a4d000d70b,bd_dhaka,23.8103,90.4125,2026,2026-07-14,2026-07-20,168,2026-07-14,2026-07-20
/Users/vidura/Code/big-weather/data/regional-2020-2025/raw/weather/location_id=bd_dhaka/year=2026/weather-2026-07-21-2026-07-27.parquet,0fd3f3d3fa6f1e510c5623dab48a32aee0a3d9dc7e697451f876057a5b471eb5,53271,9984fd0f767363cd10abccd53237e70658bb37da3a3972bc036ba35693fd3dfd,bd_dhaka,23.8103,90.4125,2026,2026-07-21,2026-07-27,168,2026-07-21,2026-07-27
/Users/vidura/Code/big-weather/data/regional-2020-2025/raw/weather/location_id=bd_dhaka/year=2026/weather-2026-07-28-2026-08-03.parquet,ff4ba4eeac9e9f6b83f528b1a09ffa93277a979931101620a0e829d22b9b54dd,52241,de2d07719cbcb5c013cf6f16445d82d32d6c1302e90d30e4e5e1b0a6d6566122,bd_dhaka,23.8103,90.4125,2026,2026-07-28,2026-08-03,168,2026-07-28,2026-08-03
/Users/vidura/Code/big-weather/data/regional-2020-2025/raw/weather/location_id=bd_dhaka/year=2026/weather-2026-08-04-2026-08-10.parquet,0efcf73524b05ef90a8f4bedc00eb86a47609d8d03bc90dc41fcbaf46e67af45,53438,833885f00cc4305c53f4ad88f2e5460f026fbb3450c27bfbc34ea8d0c00a9d2d,bd_dhaka,23.8103,90.4125,2026,2026-08-04,2026-08-10,168,2026-08-04,2026-08-10
/Users/vidura/Code/big-weather/data/regional-2020-2025/raw/weather/location_id=bd_dhaka/year=2026/weather-2026-08-11-2026-08-17.parquet,3fa7329612cf8ad0a84974a31265ca36f6ad930dcf6236e28499b01bd2c9f143,53160,719e92b4b4ee68c346dbc0af8490fb7ff2302f26ca0e7d3b44f8ed59721715ce,bd_dhaka,23.8103,90.4125,2026,2026-08-11,2026-08-17,168,2026-08-11,2026-08-17
/Users/vidura/Code/big-weather/data/regional-2020-2025/raw/weather/location_id=bd_dhaka/year=2026/weather-2026-08-18-2026-08-24.parquet,3252c8dc06855115e1e9732578ec8676e41877a01deabab05d1b02e7ed71afce,52446,a6d2850e78ed5cdaf450ae5f0221e6282c4ff4a50f2e2034cc8350d1d4023e44,bd_dhaka,23.8103,90.4125,2026,2026-08-18,2026-08-24,168,2026-08-18,2026-08-24
/Users/vidura/Code/big-weather/data/regional-2020-2025/raw/weather/location_id=bd_dhaka/year=2026/weather-2026-08-25-2026-08-31.parquet,0447b35597b4bf228259009eabfe7de87ee52706aea7af750a5976e17fd457c2,52716,91e5c4d0a1371c5bc123541bbc3d99a6fdddecfab54ab27303070d501fd8eda7,bd_dhaka,23.8103,90.4125,2026,2026-08-25,2026-08-31,168,2026-08-25,2026-08-31
/Users/vidura/Code/big-weather/data/regional-2020-2025/raw/weather/location_id=bd_rangamati/year=2026/weather-2026-04-28-2026-05-04.parquet,f19fade37139f1015a94ac9f6ca5061c26e9419720d78314b4e3ef5171a7ac1a,54690,c84f72d82a626bd275805bb50c4ca7f1bc399ceac67d19b1f609b8e101314d0c,bd_rangamati,22.7324,92.2985,2026,2026-04-28,2026-05-04,168,2026-04-28,2026-05-04
/Users/vidura/Code/big-weather/data/regional-2020-2025/raw/weather/location_id=bd_rangamati/year=2026/weather-2026-05-05-2026-05-11.parquet,2025c8d3520c04edac5013a699e498b2d05665797253fb226670c8e916d907eb,53531,8d64999045ba581ba15813a61efbb1766a17e3087da04109881659c1eb71f33d,bd_rangamati,22.7324,92.2985,2026,2026-05-05,2026-05-11,168,2026-05-05,2026-05-11
/Users/vidura/Code/big-weather/data/regional-2020-2025/raw/weather/location_id=bd_rangamati/year=2026/weather-2026-05-12-2026-05-18.parquet,7aaa16e42ac0ea1939cfb7a3b36c3131ed038e0268c2939936b636e08a6b23a7,52307,38b45f29316a288d00c982cbc82a3565b7ceb3a355e8555caddee53fe0081fee,bd_rangamati,22.7324,92.2985,2026,2026-05-12,2026-05-18,168,2026-05-12,2026-05-18
/Users/vidura/Code/big-weather/data/regional-2020-2025/raw/weather/location_id=bd_rangamati/year=2026/weather-2026-05-19-2026-05-25.parquet,d6360858079cbec6d3bae71655deb2d67962190da7b660475dc58d16b9b98555,52510,d5c97f5dff56824e746c21cb3e16802ec2c83b7feb98eaf37cc358bdec113863,bd_rangamati,22.7324,92.2985,2026,2026-05-19,2026-05-25,168,2026-05-19,2026-05-25
/Users/vidura/Code/big-weather/data/regional-2020-2025/raw/weather/location_id=bd_rangamati/year=2026/weather-2026-05-26-2026-06-01.parquet,1f7a508e744c6774f74b352b634bb18d4d9d7c1de12c7978acbda16c7c665c91,53329,dbae290b9f27524e8956809ebed9a6916e182a74fa92ea72c74895d17c66903f,bd_rangamati,22.7324,92.2985,2026,2026-05-26,2026-06-01,168,2026-05-26,2026-06-01
/Users/vidura/Code/big-weather/data/regional-2020-2025/raw/weather/location_id=bd_rangamati/year=2026/weather-2026-06-02-2026-06-08.parquet,5e08aa5d5eac218c12b041b3c1e610282f8e09e5c2678533c4e544c6ae3a5bf2,53701,b1a334dec17f25eda9c96b0a8d6dd1ae08cbef619fb928be551d7c1cdc199419,bd_rangamati,22.7324,92.2985,2026,2026-06-02,2026-06-08,168,2026-06-02,2026-06-08
/Users/vidura/Code/big-weather/data/regional-2020-2025/raw/weather/location_id=bd_rangamati/year=2026/weather-2026-06-09-2026-06-15.parquet,d5e709f1918fa0e77adb71a762b51088b0cccea938557ac41dc02a730a28698b,53410,7bd2b3c86c46a845cf0db5200408b3bbeaf404014d0ec1927d358f3b3371ddff,bd_rangamati,22.7324,92.2985,2026,2026-06-09,2026-06-15,168,2026-06-09,2026-06-15
/Users/vidura/Code/big-weather/data/regional-2020-2025/raw/weather/location_id=bd_rangamati/year=2026/weather-2026-06-16-2026-06-22.parquet,529d5a33fc1d080947d2ae8583bb07392d935689708a4a4f697be1d593d1dc10,51907,243e469b60fcade4e04a0bef9fb3545faf2144cb814bdeaa9fd8b169334467de,bd_rangamati,22.7324,92.2985,2026,2026-06-16,2026-06-22,168,2026-06-16,2026-06-22
/Users/vidura/Code/big-weather/data/regional-2020-2025/raw/weather/location_id=bd_rangamati/year=2026/weather-2026-06-23-2026-06-29.parquet,f8301f37309b52580bea182c44a207b085fa34a72ed4656f2802b6cff9117003,52563,198cd822cbbcce5451e234837227157bc6a35c95a1b8795a8093a64ed75e7507,bd_rangamati,22.7324,92.2985,2026,2026-06-23,2026-06-29,168,2026-06-23,2026-06-29
/Users/vidura/Code/big-weather/data/regional-2020-2025/raw/weather/location_id=bd_rangamati/year=2026/weather-2026-06-30-2026-07-06.parquet,754a5ff520a65a90c702db8d8f413d3ef21e2f7a9335eaeb0caad2ed8838a729,53188,35af7b0cbb7f48609f6a9febaf3342dbf1b1934c58558b200a32ff2601281852,bd_rangamati,22.7324,92.2985,2026,2026-06-30,2026-07-06,168,2026-06-30,2026-07-06
/Users/vidura/Code/big-weather/data/regional-2020-2025/raw/weather/location_id=bd_rangamati/year=2026/weather-2026-07-07-2026-07-13.parquet,26f17efd71a2f5ae51038b02ecf6791fafc81c3a6d88a41fd743ff86de28f4c7,50802,03febefdb7284c4a89e22413913e61a6d1dd9792d2075a4e9d71479a8e293ad3,bd_rangamati,22.7324,92.2985,2026,2026-07-07,2026-07-13,168,2026-07-07,2026-07-13
/Users/vidura/Code/big-weather/data/regional-2020-2025/raw/weather/location_id=bd_rangamati/year=2026/weather-2026-07-14-2026-07-20.parquet,b4dc06b6f9898dbaf68f4e187e77e6c2ef3cde36d481023f097d38b72afcbf66,53217,0f12c0788141ddb249162406e80b45a536479eb1ae407c4114861b67982c1ca8,bd_rangamati,22.7324,92.2985,2026,2026-07-14,2026-07-20,168,2026-07-14,2026-07-20
/Users/vidura/Code/big-weather/data/regional-2020-2025/raw/weather/location_id=bd_rangamati/year=2026/weather-2026-07-21-2026-07-27.parquet,e0f6aedd4ebc07d72aab0afd433ff1b78ada021d161b61267f4254bc1cb716bb,53032,1da6c971eb0738973d33ec5a11df02f658f190b9737b798dc8ae9dd5fe545785,bd_rangamati,22.7324,92.2985,2026,2026-07-21,2026-07-27,168,2026-07-21,2026-07-27
/Users/vidura/Code/big-weather/data/regional-2020-2025/raw/weather/location_id=bd_rangamati/year=2026/weather-2026-07-28-2026-08-03.parquet,1465c9b13598647b07d74805043d58b7f8974a0cea648aa88fae7d96f002e4f2,51602,e4573fb88a29c567ebf4a825dfeb8f1cd8ffa9be6728ed9a1a45e519a1a52301,bd_rangamati,22.7324,92.2985,2026,2026-07-28,2026-08-03,168,2026-07-28,2026-08-03
/Users/vidura/Code/big-weather/data/regional-2020-2025/raw/weather/location_id=bd_rangamati/year=2026/weather-2026-08-04-2026-08-10.parquet,16b86672ef7e6cac5d876b7aa777cff6caa89b9bbe450c9bc812fe6f7393bef5,52742,f7e3534519d1880b6d2437f23bbc2d27b40b61455b775b61adfe778bd77ba719,bd_rangamati,22.7324,92.2985,2026,2026-08-04,2026-08-10,168,2026-08-04,2026-08-10
/Users/vidura/Code/big-weather/data/regional-2020-2025/raw/weather/location_id=bd_rangamati/year=2026/weather-2026-08-11-2026-08-17.parquet,e4b6600c03d9139d61bb9e1272eec0981319b8e5dffb7753071a3ee28c0818a3,53115,00bb862b2da0bc4127a62d9156b3859efd262b2b69e8416fac9b9dee0c9ad8aa,bd_rangamati,22.7324,92.2985,2026,2026-08-11,2026-08-17,168,2026-08-11,2026-08-17
/Users/vidura/Code/big-weather/data/regional-2020-2025/raw/weather/location_id=bd_rangamati/year=2026/weather-2026-08-18-2026-08-24.parquet,77b3b3ed7614274330e36c2695c4cbb62a04d6587adbe44256dc8d039bd6f394,52958,c7ea3775986c2b7934d143bbe7ea8e40e80249d9b344d4927a9dfe4bfb04ac37,bd_rangamati,22.7324,92.2985,2026,2026-08-18,2026-08-24,168,2026-08-18,2026-08-24
/Users/vidura/Code/big-weather/data/regional-2020-2025/raw/weather/location_id=bd_rangamati/year=2026/weather-2026-08-25-2026-08-31.parquet,b6efb1f3fdea84804400d69ab97a747f3e6d46a7a240be5ba2ce79c21b21ad9a,52594,8b85c00db1cdc939f219286e439c94fceea5fde8660dc5f6c1b61c569e516f20,bd_rangamati,22.7324,92.2985,2026,2026-08-25,2026-08-31,168,2026-08-25,2026-08-31
/Users/vidura/Code/big-weather/data/regional-2020-2025/raw/weather/location_id=bd_sajek/year=2026/weather-2026-04-28-2026-05-04.parquet,92a0d556f06e7d5f1b5880efab150f03b7ec4ce0495cbd7541806c9bd189aa22,53911,6ebfd9dcbd70653fef7aa4ed5a83bcfc759e2f95b7978331e0c60cc54be3045a,bd_sajek,23.3819,92.2938,2026,2026-04-28,2026-05-04,168,2026-04-28,2026-05-04
/Users/vidura/Code/big-weather/data/regional-2020-2025/raw/weather/location_id=bd_sajek/year=2026/weather-2026-05-05-2026-05-11.parquet,1a569b1c618ff414e1098f5af6762fe3f3eeb3b140b08bc1cb653b9a13b7b4e3,53879,528f0a7772893a592c03f319f11d93c4dc288993d967622beb4492f1653cff65,bd_sajek,23.3819,92.2938,2026,2026-05-05,2026-05-11,168,2026-05-05,2026-05-11
/Users/vidura/Code/big-weather/data/regional-2020-2025/raw/weather/location_id=bd_sajek/year=2026/weather-2026-05-12-2026-05-18.parquet,ff2ddd9ed53510da34f4e986e36345a25b8b2888b9515b22db35eec48983fe32,52970,8e69922dfd304f8f7be60db350ab453733ab678cb82bd62dd4dfb25fdba40e00,bd_sajek,23.3819,92.2938,2026,2026-05-12,2026-05-18,168,2026-05-12,2026-05-18
/Users/vidura/Code/big-weather/data/regional-2020-2025/raw/weather/location_id=bd_sajek/year=2026/weather-2026-05-19-2026-05-25.parquet,80401f8922c482cafcf0f12c006e4902907006b8354f01698f3fd27d0a69d60c,52969,ab3b8cf3bfe564389b4d4713798f7d09bb60d1fed27a8367c3a1439dac1dedad,bd_sajek,23.3819,92.2938,2026,2026-05-19,2026-05-25,168,2026-05-19,2026-05-25
/Users/vidura/Code/big-weather/data/regional-2020-2025/raw/weather/location_id=bd_sajek/year=2026/weather-2026-05-26-2026-06-01.parquet,84234615260b775099ffe2e2f86b425a1005f111444b87f9ad89489fbe521923,53486,f5717551be2252deff261d29ca1d837e504216fec32d07fb6e00eaa57821f274,bd_sajek,23.3819,92.2938,2026,2026-05-26,2026-06-01,168,2026-05-26,2026-06-01
/Users/vidura/Code/big-weather/data/regional-2020-2025/raw/weather/location_id=bd_sajek/year=2026/weather-2026-06-02-2026-06-08.parquet,43c19ccfa3764f44309833ef109700c461c35d317fac936d72e82fac34899d9c,53751,2900a51da93c10dfd9b56b592d2fd63b5d86c356effa44815b49474571a67aab,bd_sajek,23.3819,92.2938,2026,2026-06-02,2026-06-08,168,2026-06-02,2026-06-08
/Users/vidura/Code/big-weather/data/regional-2020-2025/raw/weather/location_id=bd_sajek/year=2026/weather-2026-06-09-2026-06-15.parquet,502b6bcb5ff43f2cff300b818e90a51ebbffe2a28b99f6769f2bb3e2f27ebbcc,53235,9d42ec1c627a8e3655dbc8387b4ce1fce9df2b7ad1745ba4bc06fda8cc9c58f0,bd_sajek,23.3819,92.2938,2026,2026-06-09,2026-06-15,168,2026-06-09,2026-06-15
/Users/vidura/Code/big-weather/data/regional-2020-2025/raw/weather/location_id=bd_sajek/year=2026/weather-2026-06-16-2026-06-22.parquet,3c183184db99676fa1abb46118ae68e30c572cf6cba932e9143f93fe5dde88f8,52009,8e429efa1cc321933e61bf88c0b801cdbadf49d12ac702ec56c7c37f04d2d0f8,bd_sajek,23.3819,92.2938,2026,2026-06-16,2026-06-22,168,2026-06-16,2026-06-22
/Users/vidura/Code/big-weather/data/regional-2020-2025/raw/weather/location_id=bd_sajek/year=2026/weather-2026-06-23-2026-06-29.parquet,3d8d5dbbda17ad7ca75760c57ac9d73b7d7dcd5f1443ed634be22c2775ba9ddf,52287,580d751fd40d9d3768b164104a6de3d213b358bfddd3b458ec999d0279a5d5af,bd_sajek,23.3819,92.2938,2026,2026-06-23,2026-06-29,168,2026-06-23,2026-06-29
/Users/vidura/Code/big-weather/data/regional-2020-2025/raw/weather/location_id=bd_sajek/year=2026/weather-2026-06-30-2026-07-06.parquet,7aa39cf8e21740c1ec305352284a0d4bbfaaf5fa1436e6ecbad6d8c302f90d36,53134,e2373f2b8280511311ef5fb76f91a8f6d690c1752b9e045d09d0915f09fc018b,bd_sajek,23.3819,92.2938,2026,2026-06-30,2026-07-06,168,2026-06-30,2026-07-06
/Users/vidura/Code/big-weather/data/regional-2020-2025/raw/weather/location_id=bd_sajek/year=2026/weather-2026-07-07-2026-07-13.parquet,9b1045d1a814943200994de7c459f6e42a2fa5189f9bba68525ebecddfa257ac,50037,808aa4f887d20f574bc521b05ecba267680ee498acc970806f722cbd81b5f32d,bd_sajek,23.3819,92.2938,2026,2026-07-07,2026-07-13,168,2026-07-07,2026-07-13
/Users/vidura/Code/big-weather/data/regional-2020-2025/raw/weather/location_id=bd_sajek/year=2026/weather-2026-07-14-2026-07-20.parquet,4b76ad7950c775e0ac52e1f68dbffe13f71de9441cc34a01059d8ff9d3ff7fbf,52897,e8fd8881f28bd4e56118ed164949928bf8c57809af129314841fadf6f5002c88,bd_sajek,23.3819,92.2938,2026,2026-07-14,2026-07-20,168,2026-07-14,2026-07-20
/Users/vidura/Code/big-weather/data/regional-2020-2025/raw/weather/location_id=bd_sajek/year=2026/weather-2026-07-21-2026-07-27.parquet,2cb5012e785597c81f7860867cef122e034700a38ce524e215ddfae8b4709134,53155,deff6e0b8978d4b49f350aa46da48171623a2df24cbbe3ecb20d2d85011587f4,bd_sajek,23.3819,92.2938,2026,2026-07-21,2026-07-27,168,2026-07-21,2026-07-27
/Users/vidura/Code/big-weather/data/regional-2020-2025/raw/weather/location_id=bd_sajek/year=2026/weather-2026-07-28-2026-08-03.parquet,c6e773a94e1d6ad4426f3db19aa47e81bc5f1949fb4d1a12c3ceb7f6a665758f,51439,4b05d71052ed498c6123bfd5e8fefca62adb7c035acd6a547014b099c0dfc340,bd_sajek,23.3819,92.2938,2026,2026-07-28,2026-08-03,168,2026-07-28,2026-08-03
/Users/vidura/Code/big-weather/data/regional-2020-2025/raw/weather/location_id=bd_sajek/year=2026/weather-2026-08-04-2026-08-10.parquet,5f9163d2ffb3e2adba816bcf971b699a64abdcf54968c4932619b6ed7f56dc1d,52639,05804dd32d82951285a874f65dc86b840ee780373bb409654aa9ffcd83def0aa,bd_sajek,23.3819,92.2938,2026,2026-08-04,2026-08-10,168,2026-08-04,2026-08-10
/Users/vidura/Code/big-weather/data/regional-2020-2025/raw/weather/location_id=bd_sajek/year=2026/weather-2026-08-11-2026-08-17.parquet,5d95d56f267224e1d2a2154fe5cf7792975540c842a44d251c75b4c1b72f1c84,53168,d55ad1d40b857e2621625b7b944e65c1d8ba4c25327961ffd3faf05561e71453,bd_sajek,23.3819,92.2938,2026,2026-08-11,2026-08-17,168,2026-08-11,2026-08-17
/Users/vidura/Code/big-weather/data/regional-2020-2025/raw/weather/location_id=bd_sajek/year=2026/weather-2026-08-18-2026-08-24.parquet,0ab809f61faad45786786c5c2b30bd4c4a5454bcd5fdd02707783101bf9f4703,52664,ce532ddcb747ab109328eca54acbd18206b6d3a4a13f8bb0d15ed8431b13ad5e,bd_sajek,23.3819,92.2938,2026,2026-08-18,2026-08-24,168,2026-08-18,2026-08-24
/Users/vidura/Code/big-weather/data/regional-2020-2025/raw/weather/location_id=bd_sajek/year=2026/weather-2026-08-25-2026-08-31.parquet,030bc082e9602cbf3ab9269b2f8c14f180ef00b48b7bb65ad245aab7432ea495,52789,784b7f156a0484873465e64c8b5442848504cc1fc4dd81fe245a15bb7043f77f,bd_sajek,23.3819,92.2938,2026,2026-08-25,2026-08-31,168,2026-08-25,2026-08-31
/Users/vidura/Code/big-weather/data/regional-2020-2025/raw/weather/location_id=bd_sylhet/year=2026/weather-2026-04-28-2026-05-04.parquet,0cdfbb40cb5db9a2aec9bdc092a993aa845dd5ad1f21f596c026bd34e460586b,52280,5914a93b9e5ac9c7f69631bdfe14eb1a248ed76b54d85bf5e1f12ef2350de979,bd_sylhet,24.8949,91.8687,2026,2026-04-28,2026-05-04,168,2026-04-28,2026-05-04
/Users/vidura/Code/big-weather/data/regional-2020-2025/raw/weather/location_id=bd_sylhet/year=2026/weather-2026-05-05-2026-05-11.parquet,edc41ba8bb11634c555495222ba2d6345a21aae7400b2a8907f02888ff6a50df,54466,90f30849f0cd4cfcb68f6afc5ced416c1df9a9df0269abbc6f62b3d745188eb1,bd_sylhet,24.8949,91.8687,2026,2026-05-05,2026-05-11,168,2026-05-05,2026-05-11
/Users/vidura/Code/big-weather/data/regional-2020-2025/raw/weather/location_id=bd_sylhet/year=2026/weather-2026-05-12-2026-05-18.parquet,2a19d4adc5cf2952dd64aecd9bfd1174807d5ae94d3c3b6e3d462e22d936058f,53809,9bc773e337239a82fbcb308edf9891534ea02ea4c8b09047c5c2c4453e216ef9,bd_sylhet,24.8949,91.8687,2026,2026-05-12,2026-05-18,168,2026-05-12,2026-05-18
/Users/vidura/Code/big-weather/data/regional-2020-2025/raw/weather/location_id=bd_sylhet/year=2026/weather-2026-05-19-2026-05-25.parquet,b3ea71def30b6fa07649824be5869089ef77672a1e98098989c6827db2aca700,54074,db84260ff360aaacd8c215ed7e6d06c8192952aa22fccfb96db2bd17739c90a3,bd_sylhet,24.8949,91.8687,2026,2026-05-19,2026-05-25,168,2026-05-19,2026-05-25
/Users/vidura/Code/big-weather/data/regional-2020-2025/raw/weather/location_id=bd_sylhet/year=2026/weather-2026-05-26-2026-06-01.parquet,9047d5f0b4708cbe0959ff6d4442323adf7d0d6a0e653262af292b3aa1d5302f,54596,bbe832d8cbf2e1cdd39be5ee7115a838c522176ae031c44e84c5dcbc3925edba,bd_sylhet,24.8949,91.8687,2026,2026-05-26,2026-06-01,168,2026-05-26,2026-06-01
/Users/vidura/Code/big-weather/data/regional-2020-2025/raw/weather/location_id=bd_sylhet/year=2026/weather-2026-06-02-2026-06-08.parquet,9bfac6ee095b42d7e741ac816f462abdc4e0eee180888c64ff39a746518a5348,53789,5fa42ef2ae67ce32a4daf0e7cc0c4b7cc403d906ef677797014a762bc3d35f98,bd_sylhet,24.8949,91.8687,2026,2026-06-02,2026-06-08,168,2026-06-02,2026-06-08
/Users/vidura/Code/big-weather/data/regional-2020-2025/raw/weather/location_id=bd_sylhet/year=2026/weather-2026-06-09-2026-06-15.parquet,2d8c25e6d39ff2a5f0c1cc4dacb26bcf0e28cd13f4a017dcc950b0fd14034935,53264,2cea132121dc127afdbf1a27b26fbedc80ae1c3fc1b1f5d22992176eac3b4127,bd_sylhet,24.8949,91.8687,2026,2026-06-09,2026-06-15,168,2026-06-09,2026-06-15
/Users/vidura/Code/big-weather/data/regional-2020-2025/raw/weather/location_id=bd_sylhet/year=2026/weather-2026-06-16-2026-06-22.parquet,fb886a006ad9fe93bf1004f3b6b1d416a2b0c21645625cccb0877df1c67739ca,52407,0a52e983cc8d3ea5b24b618494b58d7eb9befbf6a2161e7954719f80093d408c,bd_sylhet,24.8949,91.8687,2026,2026-06-16,2026-06-22,168,2026-06-16,2026-06-22
/Users/vidura/Code/big-weather/data/regional-2020-2025/raw/weather/location_id=bd_sylhet/year=2026/weather-2026-06-23-2026-06-29.parquet,13f836a40e35195ac833ba7b1fb197cd31a80772807a68b227e3b7d7c4e69335,52874,44d1d21a8e9d4e110aeacc5badfaf920255e16d4f434d39d907f8334a6f388f0,bd_sylhet,24.8949,91.8687,2026,2026-06-23,2026-06-29,168,2026-06-23,2026-06-29
/Users/vidura/Code/big-weather/data/regional-2020-2025/raw/weather/location_id=bd_sylhet/year=2026/weather-2026-06-30-2026-07-06.parquet,4db99faef20f829449db3e6960ce983384c3bdf2efc3c18fa939122196e25c46,53916,46205ea4a1a7b6f960616ac673ee1962bb825f302d7a5e116d150a52193c7cb0,bd_sylhet,24.8949,91.8687,2026,2026-06-30,2026-07-06,168,2026-06-30,2026-07-06
/Users/vidura/Code/big-weather/data/regional-2020-2025/raw/weather/location_id=bd_sylhet/year=2026/weather-2026-07-07-2026-07-13.parquet,fb016f3df7d9161fa0a7181b3fe70b0c41216000158465ea45f8927dfebf075d,50617,8322744c35fad4c373c974e555aa029a8e91099798190cc1555c8eef4695b281,bd_sylhet,24.8949,91.8687,2026,2026-07-07,2026-07-13,168,2026-07-07,2026-07-13
/Users/vidura/Code/big-weather/data/regional-2020-2025/raw/weather/location_id=bd_sylhet/year=2026/weather-2026-07-14-2026-07-20.parquet,70022aee40228cf6c633f2fb311c50d78733da69032bd01d700ecf08c630696c,53324,b0225ee137046e764fdac8e1b3eee9a9561949004bda3654daebc78a990053a4,bd_sylhet,24.8949,91.8687,2026,2026-07-14,2026-07-20,168,2026-07-14,2026-07-20
/Users/vidura/Code/big-weather/data/regional-2020-2025/raw/weather/location_id=bd_sylhet/year=2026/weather-2026-07-21-2026-07-27.parquet,676b366138937ca67c63f5d2570a5dc74ff852e09da724ad4e32a90a5f1a3ee5,54339,8a45a374321d2e073e5a404baf8154d54d47b4a666d7e3676f33f9066f825442,bd_sylhet,24.8949,91.8687,2026,2026-07-21,2026-07-27,168,2026-07-21,2026-07-27
/Users/vidura/Code/big-weather/data/regional-2020-2025/raw/weather/location_id=bd_sylhet/year=2026/weather-2026-07-28-2026-08-03.parquet,e8d69a2c67b4880e7a319e7a47da2152bb3ee6f085ee939ed5233256b4bdc305,52634,eaf908745666f6dcf343f9df4655bd7aba086b9b97c0453e80a96018d6bdadda,bd_sylhet,24.8949,91.8687,2026,2026-07-28,2026-08-03,168,2026-07-28,2026-08-03
/Users/vidura/Code/big-weather/data/regional-2020-2025/raw/weather/location_id=bd_sylhet/year=2026/weather-2026-08-04-2026-08-10.parquet,a2114e283c64accf9626724e957778c324b8ef78f61b745df64444aedd6ca2fd,53347,8795f9e896c5f9f2ed4a299ac8eb4a6246a005b42049b487e842758b63b55cee,bd_sylhet,24.8949,91.8687,2026,2026-08-04,2026-08-10,168,2026-08-04,2026-08-10
/Users/vidura/Code/big-weather/data/regional-2020-2025/raw/weather/location_id=bd_sylhet/year=2026/weather-2026-08-11-2026-08-17.parquet,9e01567ff6e8e73e463d87beae6a1b8662f4f299863f29f5ac12e6bd6cf3ffbe,53765,ecf907bfe940e46d59bee3b5048b3de7193b78d68514a34510df24dfb04be222,bd_sylhet,24.8949,91.8687,2026,2026-08-11,2026-08-17,168,2026-08-11,2026-08-17
/Users/vidura/Code/big-weather/data/regional-2020-2025/raw/weather/location_id=bd_sylhet/year=2026/weather-2026-08-18-2026-08-24.parquet,db415a5b99971daf82c331a09e8d237ecd54bebcf55780708d2944545ee2446d,52675,29e0501e2477810caeac1f62ec64eb679a956b70d60190c62d8c681f55476cc7,bd_sylhet,24.8949,91.8687,2026,2026-08-18,2026-08-24,168,2026-08-18,2026-08-24
/Users/vidura/Code/big-weather/data/regional-2020-2025/raw/weather/location_id=bd_sylhet/year=2026/weather-2026-08-25-2026-08-31.parquet,942b4d6b3f194c8bb6cff272b93a507fe99e1d777d0aa63acce3132c6c5a9e48,52706,0ba4707e2a51bf1ea85f08b78a0600cdecb959ea051e7b6e40c77c9d95ec4bce,bd_sylhet,24.8949,91.8687,2026,2026-08-25,2026-08-31,168,2026-08-25,2026-08-31
/Users/vidura/Code/big-weather/data/regional-2020-2025/raw/weather/location_id=bt_chele_la/year=2026/weather-2026-04-28-2026-05-04.parquet,c671e8143f12fc1d848d5048a7584ebec81473a7003f7fd31029495f0aff85ce,53285,8fbbf85463093a9e4d30e6b3475a36b28a68716418660c3abe5f1e62b7dab6cd,bt_chele_la,27.3697,89.3461,2026,2026-04-28,2026-05-04,168,2026-04-28,2026-05-04
/Users/vidura/Code/big-weather/data/regional-2020-2025/raw/weather/location_id=bt_chele_la/year=2026/weather-2026-05-05-2026-05-11.parquet,f8c257a2320a026694feaf30de46e081a3e6b84737671cb1109677576809aad9,53543,9f6791c2c8cdc453a5b7ac4cacfa75d69f97ed3ae491f43a12eab5e3b067fa1b,bt_chele_la,27.3697,89.3461,2026,2026-05-05,2026-05-11,168,2026-05-05,2026-05-11
/Users/vidura/Code/big-weather/data/regional-2020-2025/raw/weather/location_id=bt_chele_la/year=2026/weather-2026-05-12-2026-05-18.parquet,a3401b8fb8c3bedece4f49c0ad212e5e3970a6386e50c168b1d4a312e2888cf0,52789,f1fb3e5b1a066a19d9411e2aa5ce99ffbcaa560bff15b9511f2ccfc488304610,bt_chele_la,27.3697,89.3461,2026,2026-05-12,2026-05-18,168,2026-05-12,2026-05-18
/Users/vidura/Code/big-weather/data/regional-2020-2025/raw/weather/location_id=bt_chele_la/year=2026/weather-2026-05-19-2026-05-25.parquet,8a7ecc0f92d5496d5a409ee1b8669fcfd0daddcf77eb642ec5f7ada3a61665d0,53196,e29a3ea9f6367b94774a3e6aa1f70168cdfc3dd80bd7a686628d8ff0fb0529fd,bt_chele_la,27.3697,89.3461,2026,2026-05-19,2026-05-25,168,2026-05-19,2026-05-25
/Users/vidura/Code/big-weather/data/regional-2020-2025/raw/weather/location_id=bt_chele_la/year=2026/weather-2026-05-26-2026-06-01.parquet,6fe937ea589a90170240a9908bb5906dd39d40bf42bfef9ed7628bdc621b4dcb,53291,d2c23aea21e98a73b93edcd8ab869d7efb96a764743bc457b0926a7656d6fe5c,bt_chele_la,27.3697,89.3461,2026,2026-05-26,2026-06-01,168,2026-05-26,2026-06-01
/Users/vidura/Code/big-weather/data/regional-2020-2025/raw/weather/location_id=bt_chele_la/year=2026/weather-2026-06-02-2026-06-08.parquet,ae0c42daaef11814451530f04518e92796661a78bc9e5c70a344746c8b1c4fb3,53185,bd959c7a5a5261b3e18bbda2d6722a94ec1b13120dc92e8ae525f3526bb07058,bt_chele_la,27.3697,89.3461,2026,2026-06-02,2026-06-08,168,2026-06-02,2026-06-08
/Users/vidura/Code/big-weather/data/regional-2020-2025/raw/weather/location_id=bt_chele_la/year=2026/weather-2026-06-09-2026-06-15.parquet,db73e305ad89a50f228e1676a979ec491fc6248f3d37ff0416efbd1d0c387397,52748,44b509174fe062c8152a542be2be68032a233d0e57cf5de491a9c5486c564edd,bt_chele_la,27.3697,89.3461,2026,2026-06-09,2026-06-15,168,2026-06-09,2026-06-15
/Users/vidura/Code/big-weather/data/regional-2020-2025/raw/weather/location_id=bt_chele_la/year=2026/weather-2026-06-16-2026-06-22.parquet,7daa3892b344a27274da2c297011148d2e4f55649390c0b09afdf27d4a8797ca,52731,4b12de1a005ad4ba011c1ce818f0aa0cd3332adaef23caeab2836c8bf607f695,bt_chele_la,27.3697,89.3461,2026,2026-06-16,2026-06-22,168,2026-06-16,2026-06-22
/Users/vidura/Code/big-weather/data/regional-2020-2025/raw/weather/location_id=bt_chele_la/year=2026/weather-2026-06-23-2026-06-29.parquet,24ac829acfcc0fc66f5853d4be472ea0942110d0301bec0380cb22cf15cf4b08,52734,cb3145dc8e42b5ec12359d31b6735dd6279d556ffb045bcee0e2f3f11252a6a5,bt_chele_la,27.3697,89.3461,2026,2026-06-23,2026-06-29,168,2026-06-23,2026-06-29
/Users/vidura/Code/big-weather/data/regional-2020-2025/raw/weather/location_id=bt_chele_la/year=2026/weather-2026-06-30-2026-07-06.parquet,82d275a7cd12a51fdfab7cd9801d4887bc516ebca1d55f67586269c4a0c70b18,52948,c2793d478a417c3e9c51451fdfa66348f9f7d6cb2dd2caef174edcbced5d240b,bt_chele_la,27.3697,89.3461,2026,2026-06-30,2026-07-06,168,2026-06-30,2026-07-06
/Users/vidura/Code/big-weather/data/regional-2020-2025/raw/weather/location_id=bt_chele_la/year=2026/weather-2026-07-07-2026-07-13.parquet,3c8c82936fdc02cb0ef64bdad82dc6060bacc48bbbb4e9bc5e9fd4d2c4b0dac9,51650,568587ee5c305342e0f1137de0cd8588e5eca6d7bace68f4bcf0a9bce1832155,bt_chele_la,27.3697,89.3461,2026,2026-07-07,2026-07-13,168,2026-07-07,2026-07-13
/Users/vidura/Code/big-weather/data/regional-2020-2025/raw/weather/location_id=bt_chele_la/year=2026/weather-2026-07-14-2026-07-20.parquet,602cec50dec80049bed58ebe5f51d36c70b73cc52858ca33f2d60a658d332519,51752,7a5041520f8b4e1857119c98397e09f359c734f5da5d7628044de0686b01ffaf,bt_chele_la,27.3697,89.3461,2026,2026-07-14,2026-07-20,168,2026-07-14,2026-07-20
/Users/vidura/Code/big-weather/data/regional-2020-2025/raw/weather/location_id=bt_chele_la/year=2026/weather-2026-07-21-2026-07-27.parquet,7b37d80a89cfdd6280710e06a26be5dcadd2499a2be8d91649a150929e4bd210,52331,e651a1c140b8f81d4db99ffa4401152c222bdb366d3738ce687399fcef03eb31,bt_chele_la,27.3697,89.3461,2026,2026-07-21,2026-07-27,168,2026-07-21,2026-07-27
/Users/vidura/Code/big-weather/data/regional-2020-2025/raw/weather/location_id=bt_chele_la/year=2026/weather-2026-07-28-2026-08-03.parquet,e7f0acc3b6dc31e528f7d7f8a43110d3098d9fb7061b1e1ab5bf55e28a900560,51586,289f1f4335c47f419c9b1a889bd44e88745eb6e0f4498c807f8d120e6b9c5307,bt_chele_la,27.3697,89.3461,2026,2026-07-28,2026-08-03,168,2026-07-28,2026-08-03
/Users/vidura/Code/big-weather/data/regional-2020-2025/raw/weather/location_id=bt_chele_la/year=2026/weather-2026-08-04-2026-08-10.parquet,13d148272f4acd6000cc2610080a69578c4f9b07a287abc2a653afb7c2ce843f,52580,9662e48564e0fbe3f064a3212685fcc8675d340521aac51c012611f2610a683b,bt_chele_la,27.3697,89.3461,2026,2026-08-04,2026-08-10,168,2026-08-04,2026-08-10
/Users/vidura/Code/big-weather/data/regional-2020-2025/raw/weather/location_id=bt_chele_la/year=2026/weather-2026-08-11-2026-08-17.parquet,e863ecae7b51bed98c044a20e1743a1ceda5a5735c2c2001d1e9e98c19268129,53014,cef4c3f2d77eaeea92cb9ae8d149e0794b09875a3ebdf1eae19cfd9cf7c7e826,bt_chele_la,27.3697,89.3461,2026,2026-08-11,2026-08-17,168,2026-08-11,2026-08-17
/Users/vidura/Code/big-weather/data/regional-2020-2025/raw/weather/location_id=bt_chele_la/year=2026/weather-2026-08-18-2026-08-24.parquet,4fc5fa93ea41ba72e6083156eb63045147f0f22e79a185a34ca8ee17784e8082,51748,492f1d975fe7b0a6b366a6be5174f7db6076984994bb3908e38141f3a84737fb,bt_chele_la,27.3697,89.3461,2026,2026-08-18,2026-08-24,168,2026-08-18,2026-08-24
/Users/vidura/Code/big-weather/data/regional-2020-2025/raw/weather/location_id=bt_chele_la/year=2026/weather-2026-08-25-2026-08-31.parquet,605408473496d0e454da96ded474491c4dbe886089374b07e6e482961aee2995,52255,fda02d808ad0b15e68d91c48c08f0437ef6ab8ffb7365b8f3abee2e7374461d8,bt_chele_la,27.3697,89.3461,2026,2026-08-25,2026-08-31,168,2026-08-25,2026-08-31
/Users/vidura/Code/big-weather/data/regional-2020-2025/raw/weather/location_id=bt_paro/year=2026/weather-2026-04-28-2026-05-04.parquet,f632c947976bbac4c71a5794b164c803bed9a0a190ae4fbbac64414d2dcda845,53128,efac1303f67a646484cb0d9b10f96ad0a48f707630b8f8f56547449b0a128a5e,bt_paro,27.4287,89.4164,2026,2026-04-28,2026-05-04,168,2026-04-28,2026-05-04
/Users/vidura/Code/big-weather/data/regional-2020-2025/raw/weather/location_id=bt_paro/year=2026/weather-2026-05-05-2026-05-11.parquet,8f9047223c483b496b71d3e0194820b3ce03accd69f7db2f1c4de73b9d22ae5d,53727,c720a6e7559ffb6e3a22f563268f111acc42a6fe8acb2c0fd804b8fee2598d3e,bt_paro,27.4287,89.4164,2026,2026-05-05,2026-05-11,168,2026-05-05,2026-05-11
/Users/vidura/Code/big-weather/data/regional-2020-2025/raw/weather/location_id=bt_paro/year=2026/weather-2026-05-12-2026-05-18.parquet,a4295f146b4fe95e568a0c3cc0d20f41146151c7e2bd50aeb7bb294448b30344,53029,3289e9513d05d9cc21720538b8cad7195d260793ef54556d5468adcd1840cd3c,bt_paro,27.4287,89.4164,2026,2026-05-12,2026-05-18,168,2026-05-12,2026-05-18
/Users/vidura/Code/big-weather/data/regional-2020-2025/raw/weather/location_id=bt_paro/year=2026/weather-2026-05-19-2026-05-25.parquet,fb3ac2f614e82858ad93fa991b7ebcb68930e8c065b397d9a18394eccd9c108f,53514,ad3e7f6b5eeef443023ff6b355dabcc5f343013d539d71081c5597d5bc064739,bt_paro,27.4287,89.4164,2026,2026-05-19,2026-05-25,168,2026-05-19,2026-05-25
/Users/vidura/Code/big-weather/data/regional-2020-2025/raw/weather/location_id=bt_paro/year=2026/weather-2026-05-26-2026-06-01.parquet,a8a79b866240d9fcd5f1594711187969c46a68361acd93e9a754b1bb970bc559,53067,89ab072da7e79b040bc0d99a497c272904a4955077f343be7f243139393c9395,bt_paro,27.4287,89.4164,2026,2026-05-26,2026-06-01,168,2026-05-26,2026-06-01
/Users/vidura/Code/big-weather/data/regional-2020-2025/raw/weather/location_id=bt_paro/year=2026/weather-2026-06-02-2026-06-08.parquet,176319f57aee43c19bac411e1e0f1893d629be435a2d3d5b827e3bd1673b6ca6,53372,164b6b9e8eb77713369c600775b5a15db9c7f46626ef6d49df3414094223c9a2,bt_paro,27.4287,89.4164,2026,2026-06-02,2026-06-08,168,2026-06-02,2026-06-08
/Users/vidura/Code/big-weather/data/regional-2020-2025/raw/weather/location_id=bt_paro/year=2026/weather-2026-06-09-2026-06-15.parquet,9e3445527cd2f525ce90aa7165144fada7f869aca6100f1c5c33e6d741db3a60,53137,0e6e19ef7732d29cc63af957f123131679a30232f80bec189551110203f6bbe9,bt_paro,27.4287,89.4164,2026,2026-06-09,2026-06-15,168,2026-06-09,2026-06-15
/Users/vidura/Code/big-weather/data/regional-2020-2025/raw/weather/location_id=bt_paro/year=2026/weather-2026-06-16-2026-06-22.parquet,413c0b28f10e4ae89b1a8ec2440f7ce5543dd1bc4f50ebc5b1dc9c400d029d66,53186,202229124e888568551531e374570d67034779b3feb95281c8a1933d71059148,bt_paro,27.4287,89.4164,2026,2026-06-16,2026-06-22,168,2026-06-16,2026-06-22
/Users/vidura/Code/big-weather/data/regional-2020-2025/raw/weather/location_id=bt_paro/year=2026/weather-2026-06-23-2026-06-29.parquet,b6af2df181d653ddc86e6e6e3ea02258d005b91216e0d36688539e41bfb64b4c,52940,71d2d28fe3490ae6c088427fdc59609890dcc9d9f434fae4b2d56c8332139caa,bt_paro,27.4287,89.4164,2026,2026-06-23,2026-06-29,168,2026-06-23,2026-06-29
/Users/vidura/Code/big-weather/data/regional-2020-2025/raw/weather/location_id=bt_paro/year=2026/weather-2026-06-30-2026-07-06.parquet,1a960aad7da1815b07b7c1cbadaad9638ad475153cf6d570303a86290e4c8ba8,53117,bef73044554be8dd7684907e5c00d4e2ebaab0eb4b52b0c158997d60e94a9d3e,bt_paro,27.4287,89.4164,2026,2026-06-30,2026-07-06,168,2026-06-30,2026-07-06
/Users/vidura/Code/big-weather/data/regional-2020-2025/raw/weather/location_id=bt_paro/year=2026/weather-2026-07-07-2026-07-13.parquet,29b4987a92f98193e69e3c471de8dd2fcf0ad88fd329b74b01300ef66bb47278,51861,a9d7248ec3e0462fa470e9c0b2a10152d737a5b4bcd94d2168313f0df270e75c,bt_paro,27.4287,89.4164,2026,2026-07-07,2026-07-13,168,2026-07-07,2026-07-13
/Users/vidura/Code/big-weather/data/regional-2020-2025/raw/weather/location_id=bt_paro/year=2026/weather-2026-07-14-2026-07-20.parquet,ed368c35e5d3d9a0cea218b588e1e10eeeb58849cc3c84f2df260c2919af9313,52033,708a58c290e115bc98da45ef9ac5051cb917f20f83274402b022ecf6427bdb2a,bt_paro,27.4287,89.4164,2026,2026-07-14,2026-07-20,168,2026-07-14,2026-07-20
/Users/vidura/Code/big-weather/data/regional-2020-2025/raw/weather/location_id=bt_paro/year=2026/weather-2026-07-21-2026-07-27.parquet,53c89bfaacad733b890dbdf496cf96e6176ae73486ee52750e6ea4bf10c0d4cf,52682,6cfbf289ef8c53ad4356aa7f62b6979a91a226f483d567672c61db357dab8d5e,bt_paro,27.4287,89.4164,2026,2026-07-21,2026-07-27,168,2026-07-21,2026-07-27
/Users/vidura/Code/big-weather/data/regional-2020-2025/raw/weather/location_id=bt_paro/year=2026/weather-2026-07-28-2026-08-03.parquet,600205b0395d6fcaa2773dee7e584cd86ec5fd9683805968106a82b10db89a00,51708,0376ec97a9500f9dbb6053ef6ccf01c7ef3dad37bec882c93009b341a7056050,bt_paro,27.4287,89.4164,2026,2026-07-28,2026-08-03,168,2026-07-28,2026-08-03
/Users/vidura/Code/big-weather/data/regional-2020-2025/raw/weather/location_id=bt_paro/year=2026/weather-2026-08-04-2026-08-10.parquet,07e30c6aaf3d7a466869f6061d63212a11802af396a3806fae528f75c745a2da,52749,5108630b084d8ed73236f384f44fbe021cc62b01bf883a74c3deb4475c166f3e,bt_paro,27.4287,89.4164,2026,2026-08-04,2026-08-10,168,2026-08-04,2026-08-10
/Users/vidura/Code/big-weather/data/regional-2020-2025/raw/weather/location_id=bt_paro/year=2026/weather-2026-08-11-2026-08-17.parquet,554df227abc32b52100fd93afd9d53f11297cc0869098a9bb925664e45e0b0b8,53073,54f4b6deebcfd526bee9fe176818e60704fb757758566ff9d0bd6b5eee705351,bt_paro,27.4287,89.4164,2026,2026-08-11,2026-08-17,168,2026-08-11,2026-08-17
/Users/vidura/Code/big-weather/data/regional-2020-2025/raw/weather/location_id=bt_paro/year=2026/weather-2026-08-18-2026-08-24.parquet,8a82820da6bbb1af467b627973e35e1758d9457f8b2cae000bba3cc62e03914d,52210,e845c1baaa76caafa2a046cfeec435aaa62775fa665c9518fc2b61e8437cb924,bt_paro,27.4287,89.4164,2026,2026-08-18,2026-08-24,168,2026-08-18,2026-08-24
/Users/vidura/Code/big-weather/data/regional-2020-2025/raw/weather/location_id=bt_paro/year=2026/weather-2026-08-25-2026-08-31.parquet,81be56f3e6a16fe5c9f6e7661e2acdddd934d9d389fb86f377905eafb8996ceb,52285,3618fed3c2fccab7ea432e761908231de5f41f73bafde1f22c1751f06cdfd198,bt_paro,27.4287,89.4164,2026,2026-08-25,2026-08-31,168,2026-08-25,2026-08-31
/Users/vidura/Code/big-weather/data/regional-2020-2025/raw/weather/location_id=bt_phuentsholing/year=2026/weather-2026-04-28-2026-05-04.parquet,fd990bcd0b8554010b0a0553d129c66652aab17f36af00fac6dddcc96274857e,54074,d0387b20a19e2344978a774c0e5a456c833be675106f8981fb494c7fa66354ac,bt_phuentsholing,26.8516,89.3884,2026,2026-04-28,2026-05-04,168,2026-04-28,2026-05-04
/Users/vidura/Code/big-weather/data/regional-2020-2025/raw/weather/location_id=bt_phuentsholing/year=2026/weather-2026-05-05-2026-05-11.parquet,ffe6a6d4852d2da4151c56e4bbd79175f0a3a05f24da0837216d9c5f440fd3ba,53616,99f04fef367f2feb4194de93653ed141259ee8c6c443315abc290464abf574b8,bt_phuentsholing,26.8516,89.3884,2026,2026-05-05,2026-05-11,168,2026-05-05,2026-05-11
/Users/vidura/Code/big-weather/data/regional-2020-2025/raw/weather/location_id=bt_phuentsholing/year=2026/weather-2026-05-12-2026-05-18.parquet,33646390b633570483c264f5fc6cf087afb2f59be31a9a5a51c4c21fc966d878,53524,5881d7a84e08f9838541df07e059cf3c4e6e7e6356a8c2218b8edbf0e5c92a25,bt_phuentsholing,26.8516,89.3884,2026,2026-05-12,2026-05-18,168,2026-05-12,2026-05-18
/Users/vidura/Code/big-weather/data/regional-2020-2025/raw/weather/location_id=bt_phuentsholing/year=2026/weather-2026-05-19-2026-05-25.parquet,eb3fef6e2569009f358139a4026636bcc9d10f401853a133761f03dc9e55c30a,53342,1938e9690aff61d1b656b0f08b91675330296141dc7f4df069623cd51a857c80,bt_phuentsholing,26.8516,89.3884,2026,2026-05-19,2026-05-25,168,2026-05-19,2026-05-25
/Users/vidura/Code/big-weather/data/regional-2020-2025/raw/weather/location_id=bt_phuentsholing/year=2026/weather-2026-05-26-2026-06-01.parquet,1f56e7723ecc535713c16122c14e7cd123f9f34f222895b0a6d8a71135a12fd9,53715,daf2f343a390d5ad58090d3a0c59d156bae37c556f7e600f78e60240d30aa150,bt_phuentsholing,26.8516,89.3884,2026,2026-05-26,2026-06-01,168,2026-05-26,2026-06-01
/Users/vidura/Code/big-weather/data/regional-2020-2025/raw/weather/location_id=bt_phuentsholing/year=2026/weather-2026-06-02-2026-06-08.parquet,a6642b639ecf676214b00a50d0c55768f58edcb8a99d7a6fe96ad02632fdb883,53757,0cedff914caa67a612b729420cd5ee139498d30e192a114869084194939bd940,bt_phuentsholing,26.8516,89.3884,2026,2026-06-02,2026-06-08,168,2026-06-02,2026-06-08
/Users/vidura/Code/big-weather/data/regional-2020-2025/raw/weather/location_id=bt_phuentsholing/year=2026/weather-2026-06-09-2026-06-15.parquet,0f64e853e37e040d12eac7c5f3c355882040c255815e16ab9968ee3dd03a11c9,53568,fae12904517e5b7b0f617a8ce20f40e2da70c192e30dc41f4f83a6d76ebfaba7,bt_phuentsholing,26.8516,89.3884,2026,2026-06-09,2026-06-15,168,2026-06-09,2026-06-15
/Users/vidura/Code/big-weather/data/regional-2020-2025/raw/weather/location_id=bt_phuentsholing/year=2026/weather-2026-06-16-2026-06-22.parquet,127d5f9f4daf58414d8f677d81248b8f806aa8e2ca2651887e0058f72a11e47e,54733,594d8558e346131849a3a850399f5e410bce2c86dcb23f8a42401f9b6c8fa043,bt_phuentsholing,26.8516,89.3884,2026,2026-06-16,2026-06-22,168,2026-06-16,2026-06-22
/Users/vidura/Code/big-weather/data/regional-2020-2025/raw/weather/location_id=bt_phuentsholing/year=2026/weather-2026-06-23-2026-06-29.parquet,f612dca80cb5eef87b60ea865dae58d5be33ddc6b3477bd4cc387e87444f18d7,54413,64b4ac5e093455386a02febd41a60bebf71784f9103062383f67b216ce7b6c3f,bt_phuentsholing,26.8516,89.3884,2026,2026-06-23,2026-06-29,168,2026-06-23,2026-06-29
/Users/vidura/Code/big-weather/data/regional-2020-2025/raw/weather/location_id=bt_phuentsholing/year=2026/weather-2026-06-30-2026-07-06.parquet,fd5a729e6f96d6031cd3a8701d0a6e3915f46e622ee4ff938bccd36f49f58f2e,54890,d40d15249d46ec422eb3af415541a87a212eb1be9b8ef469a36e421bff61349b,bt_phuentsholing,26.8516,89.3884,2026,2026-06-30,2026-07-06,168,2026-06-30,2026-07-06
/Users/vidura/Code/big-weather/data/regional-2020-2025/raw/weather/location_id=bt_phuentsholing/year=2026/weather-2026-07-07-2026-07-13.parquet,1cdd68d9d14a56959239c7b3191635f5ca4f51a4ff32fe8ce04e4c503e2a1c57,53146,a5dc1a343c772ebd8a1137e5edf516a669d585463008fbba1df083a7157b4522,bt_phuentsholing,26.8516,89.3884,2026,2026-07-07,2026-07-13,168,2026-07-07,2026-07-13
/Users/vidura/Code/big-weather/data/regional-2020-2025/raw/weather/location_id=bt_phuentsholing/year=2026/weather-2026-07-14-2026-07-20.parquet,7cb60c45ea9f4ea0fed770093592b9ce03720b6cba78e856f413f481489713c9,54229,427a2262135e79290e5037349910bd13fda5cf7a02f660f92608c7a45bc9a9bc,bt_phuentsholing,26.8516,89.3884,2026,2026-07-14,2026-07-20,168,2026-07-14,2026-07-20
/Users/vidura/Code/big-weather/data/regional-2020-2025/raw/weather/location_id=bt_phuentsholing/year=2026/weather-2026-07-21-2026-07-27.parquet,742f6ecb463582834b159ea4e4f2202678bbe724fa05bec0cea4f5de00eb440a,54438,5ce76954ada934530737958a247375e7d84600fd15fd26653390b4496b537266,bt_phuentsholing,26.8516,89.3884,2026,2026-07-21,2026-07-27,168,2026-07-21,2026-07-27
/Users/vidura/Code/big-weather/data/regional-2020-2025/raw/weather/location_id=bt_phuentsholing/year=2026/weather-2026-07-28-2026-08-03.parquet,a30d5ddb612e3b486ddf057c3d5b8668ac8b752c744b8cc9ef8b11283eed78db,52708,fd529bfc0f802b43f98da141f7af69a2bab61e99f81b80a5d7a452238008ee66,bt_phuentsholing,26.8516,89.3884,2026,2026-07-28,2026-08-03,168,2026-07-28,2026-08-03
/Users/vidura/Code/big-weather/data/regional-2020-2025/raw/weather/location_id=bt_phuentsholing/year=2026/weather-2026-08-04-2026-08-10.parquet,69d4a874be8bd0328c809f0bbb2de534a4854e6882a3c28a90b8bc45a82ca2b5,54710,ad08fb220d96d28531896cff03329a76b305e439503df02f45d89a466ab4200a,bt_phuentsholing,26.8516,89.3884,2026,2026-08-04,2026-08-10,168,2026-08-04,2026-08-10
/Users/vidura/Code/big-weather/data/regional-2020-2025/raw/weather/location_id=bt_phuentsholing/year=2026/weather-2026-08-11-2026-08-17.parquet,c7e51634f3dcc5f001d9e05935bc9513b52a0975963ea5572c3ae8c2baaeea2e,54074,45e2b63f642d28f1973462212a1cbbc1cc590ad4b191ab7ec1172db52b3fcddb,bt_phuentsholing,26.8516,89.3884,2026,2026-08-11,2026-08-17,168,2026-08-11,2026-08-17
/Users/vidura/Code/big-weather/data/regional-2020-2025/raw/weather/location_id=bt_phuentsholing/year=2026/weather-2026-08-18-2026-08-24.parquet,ced89bd74914c00318ba229ddff4f7970b59ebe17803a38ea0f8cae16f5ff760,52968,f505832fe447bead6870a6468ddb33d27c48fdb65fbcbe1a7839659cc45b10f3,bt_phuentsholing,26.8516,89.3884,2026,2026-08-18,2026-08-24,168,2026-08-18,2026-08-24
/Users/vidura/Code/big-weather/data/regional-2020-2025/raw/weather/location_id=bt_phuentsholing/year=2026/weather-2026-08-25-2026-08-31.parquet,d1c80f2442c96dfced0c2a739770df1840a2d097e07be514795c5c904196b4ca,53741,c562d2b2f3398cb4fe8d3f1d16bc47fb4098b45514a31ea9f3ee7e473a5d0e05,bt_phuentsholing,26.8516,89.3884,2026,2026-08-25,2026-08-31,168,2026-08-25,2026-08-31
/Users/vidura/Code/big-weather/data/regional-2020-2025/raw/weather/location_id=bt_punakha/year=2026/weather-2026-04-28-2026-05-04.parquet,fc90bb41b266ef302e21289efe2a4a03f51ab58234bf4fe1fe00db638754b8e9,52713,63133bb865a9329ba7114e4831aff89f54ffd2ba3fc23c77020de058c95952b6,bt_punakha,27.591,89.8774,2026,2026-04-28,2026-05-04,168,2026-04-28,2026-05-04
/Users/vidura/Code/big-weather/data/regional-2020-2025/raw/weather/location_id=bt_punakha/year=2026/weather-2026-05-05-2026-05-11.parquet,20ea59f3ba3b2df6ddd39ff330909e3084b0f726c66d80844d374976e87edc7f,53133,e5baced55cb3ee919a0424bb91cdcf89b5d31e7747a6779f9c241d4375f39eed,bt_punakha,27.591,89.8774,2026,2026-05-05,2026-05-11,168,2026-05-05,2026-05-11
/Users/vidura/Code/big-weather/data/regional-2020-2025/raw/weather/location_id=bt_punakha/year=2026/weather-2026-05-12-2026-05-18.parquet,656d7ed985b10a5a6389abd56dd5a64de6219b3c0846ae58580a8262ab504071,52500,bd3eacf2d214aa728c8522100acc36530a63a27dc4dff0c2464156f387ba0579,bt_punakha,27.591,89.8774,2026,2026-05-12,2026-05-18,168,2026-05-12,2026-05-18
/Users/vidura/Code/big-weather/data/regional-2020-2025/raw/weather/location_id=bt_punakha/year=2026/weather-2026-05-19-2026-05-25.parquet,3fd59f0c138b28f93c418b95544f7b08453701e48059ea8ae097fa7862550102,53214,6cd808b64aad19d83de722c4af0e476248037ff48963467ef3069f2aff13e743,bt_punakha,27.591,89.8774,2026,2026-05-19,2026-05-25,168,2026-05-19,2026-05-25
/Users/vidura/Code/big-weather/data/regional-2020-2025/raw/weather/location_id=bt_punakha/year=2026/weather-2026-05-26-2026-06-01.parquet,794c20f0e5efa4e5c75ce0a97badaf001157f61ec021fa7e98e07f79c2a2f4a1,53645,635e504b2829a41cea641ca73df5550b54714163b9ebf65103b30d0e7e58944d,bt_punakha,27.591,89.8774,2026,2026-05-26,2026-06-01,168,2026-05-26,2026-06-01
/Users/vidura/Code/big-weather/data/regional-2020-2025/raw/weather/location_id=bt_punakha/year=2026/weather-2026-06-02-2026-06-08.parquet,6bb0e912321616f3e202bb563f1e7bf9637489d5f023085d30d555c46dd7f8ef,52939,baa141d998fc7c79c74981d039f49c9c6e8edcba778760e4785665740466a80e,bt_punakha,27.591,89.8774,2026,2026-06-02,2026-06-08,168,2026-06-02,2026-06-08
/Users/vidura/Code/big-weather/data/regional-2020-2025/raw/weather/location_id=bt_punakha/year=2026/weather-2026-06-09-2026-06-15.parquet,771978db1fe373e0e363ff3fb3a7ae1366cacf4c27fee6b6dcec18e51b786923,52804,81eb05078ca34a33d01f52ea5f74670a3d4e6ff16aefe85c0f0395210a58d199,bt_punakha,27.591,89.8774,2026,2026-06-09,2026-06-15,168,2026-06-09,2026-06-15
/Users/vidura/Code/big-weather/data/regional-2020-2025/raw/weather/location_id=bt_punakha/year=2026/weather-2026-06-16-2026-06-22.parquet,b5a7327883bcdb09f1cac65ec99b5d2dc4c75ad707547753455031149a5e8df0,53051,8e06263ada8072d2a357a98a516e20835df716092de47700cbcab2e1525fc6cd,bt_punakha,27.591,89.8774,2026,2026-06-16,2026-06-22,168,2026-06-16,2026-06-22
/Users/vidura/Code/big-weather/data/regional-2020-2025/raw/weather/location_id=bt_punakha/year=2026/weather-2026-06-23-2026-06-29.parquet,e37f54ab2c9f5589a6ea92ab163e7140757e91a40e955c3625a0547d09278cbe,53161,126ee8a000fd12eff3bc19331e775929e2bacc1eeb3dda30d981858fa1787d63,bt_punakha,27.591,89.8774,2026,2026-06-23,2026-06-29,168,2026-06-23,2026-06-29
/Users/vidura/Code/big-weather/data/regional-2020-2025/raw/weather/location_id=bt_punakha/year=2026/weather-2026-06-30-2026-07-06.parquet,20648211e4dcf103d3ce27b0375c4682fc52e1c3539df516610531d291739523,52722,5b3bd88b53541b21708f4f6c34bf67d84c0600e3401a903c93369e693f9775b0,bt_punakha,27.591,89.8774,2026,2026-06-30,2026-07-06,168,2026-06-30,2026-07-06
/Users/vidura/Code/big-weather/data/regional-2020-2025/raw/weather/location_id=bt_punakha/year=2026/weather-2026-07-07-2026-07-13.parquet,490bc618a3ebafdf1966ee60edc02a9f2d533721a383d9878e0337aa8b684a87,51186,8a370a2da38d5970a19946fe32a8daad180779b19f3f869ec13ca3a082b133f4,bt_punakha,27.591,89.8774,2026,2026-07-07,2026-07-13,168,2026-07-07,2026-07-13
/Users/vidura/Code/big-weather/data/regional-2020-2025/raw/weather/location_id=bt_punakha/year=2026/weather-2026-07-14-2026-07-20.parquet,ce72189e1ba7cb69a021ae63bca47084eb2d237381b261ce01ee1872abd0ddc1,51613,89bac4c64be607d3a05519e789647513736676fdef02538f7dc33167f14595cc,bt_punakha,27.591,89.8774,2026,2026-07-14,2026-07-20,168,2026-07-14,2026-07-20
/Users/vidura/Code/big-weather/data/regional-2020-2025/raw/weather/location_id=bt_punakha/year=2026/weather-2026-07-21-2026-07-27.parquet,c04b7a273e6e4f66365c0cac247a629d7f076f6b02826ed3d1421612a4661c08,52521,12988012650924a279b4abbd1c3a2b5ff33d439f8e8815f6a386fe0827e97a4f,bt_punakha,27.591,89.8774,2026,2026-07-21,2026-07-27,168,2026-07-21,2026-07-27
/Users/vidura/Code/big-weather/data/regional-2020-2025/raw/weather/location_id=bt_punakha/year=2026/weather-2026-07-28-2026-08-03.parquet,fc6cfc42202b0c148143edd9afba1b55c794c398e8750b34d74c9ef5523b60d1,51157,c2f1bb6cfcb16fa51444af147350e0960ae8e72f0a28b87de127a1285fb65eb5,bt_punakha,27.591,89.8774,2026,2026-07-28,2026-08-03,168,2026-07-28,2026-08-03
/Users/vidura/Code/big-weather/data/regional-2020-2025/raw/weather/location_id=bt_punakha/year=2026/weather-2026-08-04-2026-08-10.parquet,4585f37ab7ebdaf4d10ace95cd9f5db5045d0b38efbcb0ac9e38f4ac14e1b41b,52388,99f1627de0e1953f62794d8fe6d04becea8b5aa79d9ce7817b43e6a53bb89955,bt_punakha,27.591,89.8774,2026,2026-08-04,2026-08-10,168,2026-08-04,2026-08-10
/Users/vidura/Code/big-weather/data/regional-2020-2025/raw/weather/location_id=bt_punakha/year=2026/weather-2026-08-11-2026-08-17.parquet,22a2dc758a8dc3bfc5f41386571a179180ccff3627b49479360d5a8bcf3d4a53,52983,a1c0cb9ffc12475edd939c1ab94093d4b1757a85541fa32bb7f5f9e7edb55359,bt_punakha,27.591,89.8774,2026,2026-08-11,2026-08-17,168,2026-08-11,2026-08-17
/Users/vidura/Code/big-weather/data/regional-2020-2025/raw/weather/location_id=bt_punakha/year=2026/weather-2026-08-18-2026-08-24.parquet,7fbe83ef5f9b4c83db69c4d8919d6e1bc164bc6ad9a194d7acfba8334a8ca3c9,51902,0219d18bec25914db3b522c8ae6bc532e1961878ab5fc171dd070a3b8242fb71,bt_punakha,27.591,89.8774,2026,2026-08-18,2026-08-24,168,2026-08-18,2026-08-24
/Users/vidura/Code/big-weather/data/regional-2020-2025/raw/weather/location_id=bt_punakha/year=2026/weather-2026-08-25-2026-08-31.parquet,9d539ac6e8cdfa9150743c5302c4da53ce5ccb77734bd617d05a274f9c6bf6c2,51955,7fabd78e71fb6dff847b014c6ea0804c396701a483ff78cdccbf28df0d1e5b25,bt_punakha,27.591,89.8774,2026,2026-08-25,2026-08-31,168,2026-08-25,2026-08-31
/Users/vidura/Code/big-weather/data/regional-2020-2025/raw/weather/location_id=bt_thimphu/year=2026/weather-2026-04-28-2026-05-04.parquet,4513868825468c512865b3e2a2bb7f46528b95e5c62559c6cfc8e599882cf63b,52525,9a59b593beb42c2cfbd9f67e10ebf44a3c559d6e6a4e6c8ef7e622e12c083a95,bt_thimphu,27.4728,89.6393,2026,2026-04-28,2026-05-04,168,2026-04-28,2026-05-04
/Users/vidura/Code/big-weather/data/regional-2020-2025/raw/weather/location_id=bt_thimphu/year=2026/weather-2026-05-05-2026-05-11.parquet,b025981d2f67c5f0e9cd889a90e620733e91a71e1762166af17e39f1c0b23c7d,53059,be2f5c013e36c3d56fc972230be906ae9780671433bb0260306d2c815357e1aa,bt_thimphu,27.4728,89.6393,2026,2026-05-05,2026-05-11,168,2026-05-05,2026-05-11
/Users/vidura/Code/big-weather/data/regional-2020-2025/raw/weather/location_id=bt_thimphu/year=2026/weather-2026-05-12-2026-05-18.parquet,623800139eaa86e550db1475048a3a982ab50ee0ff60e4e8af99594c3209dac9,52795,2737ba464ad59318f66dc7977fefbd3a91bbac3fc828089f595161ccafaac69a,bt_thimphu,27.4728,89.6393,2026,2026-05-12,2026-05-18,168,2026-05-12,2026-05-18
/Users/vidura/Code/big-weather/data/regional-2020-2025/raw/weather/location_id=bt_thimphu/year=2026/weather-2026-05-19-2026-05-25.parquet,57b0a7787c4a9f03d73bed773f1111d37a945349f8a365d3dd96255ca438c9f6,53186,853fd3bfb258ce58b9da2552af27fb33db9be3e2b74039bb6dffc3f9ffdab954,bt_thimphu,27.4728,89.6393,2026,2026-05-19,2026-05-25,168,2026-05-19,2026-05-25
/Users/vidura/Code/big-weather/data/regional-2020-2025/raw/weather/location_id=bt_thimphu/year=2026/weather-2026-05-26-2026-06-01.parquet,30dfbfba1d440b792be6f7e9a1cc3eaf42bf0fafce8cd6c6f04b5175b75336ae,53403,86ce44eaba38956201e39d2ab1ca77e486cc8c0cd7682c72c136e6be67068a15,bt_thimphu,27.4728,89.6393,2026,2026-05-26,2026-06-01,168,2026-05-26,2026-06-01
/Users/vidura/Code/big-weather/data/regional-2020-2025/raw/weather/location_id=bt_thimphu/year=2026/weather-2026-06-02-2026-06-08.parquet,b580f44f206ef31587646c97e6a3d44524b443bbd8f85f369e5b80c8d3fcb1bd,53156,960c5216224611847fd4428ff130af466e084ea5c12b0d4053567a458557048a,bt_thimphu,27.4728,89.6393,2026,2026-06-02,2026-06-08,168,2026-06-02,2026-06-08
/Users/vidura/Code/big-weather/data/regional-2020-2025/raw/weather/location_id=bt_thimphu/year=2026/weather-2026-06-09-2026-06-15.parquet,780ee438824ffbb26e1c21a652e6b95c87b5830de5ddac1b96ab3ad4223bec98,53023,a14868e80f5d7e5e035a4d4e844083abc6bd3cd7132cb406d519820f67756b00,bt_thimphu,27.4728,89.6393,2026,2026-06-09,2026-06-15,168,2026-06-09,2026-06-15
/Users/vidura/Code/big-weather/data/regional-2020-2025/raw/weather/location_id=bt_thimphu/year=2026/weather-2026-06-16-2026-06-22.parquet,55ecc50d72fac79b09f90c834ad7b5e7e5e234d1f7a7c528d2e5cf3df11ed95f,52837,fc8c0bbb8048df9724ec1c34a29849001e39c1e62aecc95bb4e2f29ba5d70453,bt_thimphu,27.4728,89.6393,2026,2026-06-16,2026-06-22,168,2026-06-16,2026-06-22
/Users/vidura/Code/big-weather/data/regional-2020-2025/raw/weather/location_id=bt_thimphu/year=2026/weather-2026-06-23-2026-06-29.parquet,f6e396695b584a50a921c8e4b2e7062b03a15409ca05bdaf2e731269a162de6a,53280,457fb25cf8022cd7d678d885bf319cac7e8388af78399445aa9138a945082590,bt_thimphu,27.4728,89.6393,2026,2026-06-23,2026-06-29,168,2026-06-23,2026-06-29
/Users/vidura/Code/big-weather/data/regional-2020-2025/raw/weather/location_id=bt_thimphu/year=2026/weather-2026-06-30-2026-07-06.parquet,904179dc1d53c1855dcc710123cd348a941ffcb67318c8f52d392c263213a357,53053,09b72d4a1e027786af75b2202b13a9f9b0822443f2b1fb68004d0fb4543acef1,bt_thimphu,27.4728,89.6393,2026,2026-06-30,2026-07-06,168,2026-06-30,2026-07-06
/Users/vidura/Code/big-weather/data/regional-2020-2025/raw/weather/location_id=bt_thimphu/year=2026/weather-2026-07-07-2026-07-13.parquet,dbc43d79ae19d3cda7da1f6154f8de1e860612b47368e79526ce6cb3e81ee080,52199,f0b6f76658e7072cb90feee8991985c91cdfbde189a60c03efb3be1c60a3a286,bt_thimphu,27.4728,89.6393,2026,2026-07-07,2026-07-13,168,2026-07-07,2026-07-13
/Users/vidura/Code/big-weather/data/regional-2020-2025/raw/weather/location_id=bt_thimphu/year=2026/weather-2026-07-14-2026-07-20.parquet,e75e877d889bd5c91310159f68fb877d4a9e3e00ce4b557dc580475b5c1b9099,51903,43687fa13eb970e9fee0cff4dcf519eacc0fec4e903eec708a361aa017aec25d,bt_thimphu,27.4728,89.6393,2026,2026-07-14,2026-07-20,168,2026-07-14,2026-07-20
/Users/vidura/Code/big-weather/data/regional-2020-2025/raw/weather/location_id=bt_thimphu/year=2026/weather-2026-07-21-2026-07-27.parquet,a288ee36c925bd1253b81622edb00a97681a645964c731eca18073b019d04e45,52873,9c1c8678eee6a6834f8ac7640c31a1a12ab1ddf135fca378fc20b2fa9b5dbd29,bt_thimphu,27.4728,89.6393,2026,2026-07-21,2026-07-27,168,2026-07-21,2026-07-27
/Users/vidura/Code/big-weather/data/regional-2020-2025/raw/weather/location_id=bt_thimphu/year=2026/weather-2026-07-28-2026-08-03.parquet,99ae584b81f37fee8bfa4a58d7d3a21b9642e1095aab9d46c07fb18bca990717,52049,e80d880f4850f23c973f0e5a1ee0628f105d035d138b47640803a066aaf21fc8,bt_thimphu,27.4728,89.6393,2026,2026-07-28,2026-08-03,168,2026-07-28,2026-08-03
/Users/vidura/Code/big-weather/data/regional-2020-2025/raw/weather/location_id=bt_thimphu/year=2026/weather-2026-08-04-2026-08-10.parquet,642c84176b6f408ba71c91e1530f8f9b2b3fbc559fed3ecae43c583b97def96a,52672,b317a26498057fb7461644565bd9496b0a602bdec0dbc6ae5708559575f640ce,bt_thimphu,27.4728,89.6393,2026,2026-08-04,2026-08-10,168,2026-08-04,2026-08-10
/Users/vidura/Code/big-weather/data/regional-2020-2025/raw/weather/location_id=bt_thimphu/year=2026/weather-2026-08-11-2026-08-17.parquet,86e1c019f78ea63d2bf026e34a701051cb8a4a138bf6bc55983fe0a8a523d21c,53080,48f1939c42c1b3777b1bc7c32f116bf642954ed9756bbab29bf32f917de8c430,bt_thimphu,27.4728,89.6393,2026,2026-08-11,2026-08-17,168,2026-08-11,2026-08-17
/Users/vidura/Code/big-weather/data/regional-2020-2025/raw/weather/location_id=bt_thimphu/year=2026/weather-2026-08-18-2026-08-24.parquet,36a4297f587eb886a9a7147171fa9e45dba9f30a0f12812430307a326b1d23af,52413,fc4e0b42b27ad7eda2f60df0cdc4a91ebd4b841a4b95f5ba0a4ce0734130334e,bt_thimphu,27.4728,89.6393,2026,2026-08-18,2026-08-24,168,2026-08-18,2026-08-24
/Users/vidura/Code/big-weather/data/regional-2020-2025/raw/weather/location_id=bt_thimphu/year=2026/weather-2026-08-25-2026-08-31.parquet,ee29d669e18d7d89f867bc1f278cd2c1b2077eda73b743c56d080e856a78a55b,52421,1328e31813a5c1f255a3a9e5537676b22eb510f579bc522755fce0ab71cfb243,bt_thimphu,27.4728,89.6393,2026,2026-08-25,2026-08-31,168,2026-08-25,2026-08-31
/Users/vidura/Code/big-weather/data/regional-2020-2025/raw/weather/location_id=id_berastagi/year=2026/weather-2026-05-05-2026-05-11.parquet,9a811b9c610449eab9c7876a68177657f34dfcf064c6e9e46e216e8bce318e2b,52227,b3e348d9165b6276d826ebb9c3b4902dc14c2bc498c8c6b1409daf14baa54df0,id_berastagi,3.1947,98.5089,2026,2026-05-05,2026-05-11,168,2026-05-05,2026-05-11
/Users/vidura/Code/big-weather/data/regional-2020-2025/raw/weather/location_id=id_berastagi/year=2026/weather-2026-05-12-2026-05-18.parquet,9829e533f0acf7d4fd73673eac15503edb119769f867456948077430cf5adef0,52471,cb614458c081f7f37fdb68686cefd52a6943dbde073dfcfee95036f6ece99a34,id_berastagi,3.1947,98.5089,2026,2026-05-12,2026-05-18,168,2026-05-12,2026-05-18
/Users/vidura/Code/big-weather/data/regional-2020-2025/raw/weather/location_id=id_berastagi/year=2026/weather-2026-05-19-2026-05-25.parquet,63072dc48e9daea972e002c6e7fa11a217980df68c8d8b21affed77e03c19eb3,52867,d9c4c44190f74c6b676c73a43a67b9b01f5c0fdf1f35372fabbb536cc1193955,id_berastagi,3.1947,98.5089,2026,2026-05-19,2026-05-25,168,2026-05-19,2026-05-25
/Users/vidura/Code/big-weather/data/regional-2020-2025/raw/weather/location_id=id_berastagi/year=2026/weather-2026-05-26-2026-06-01.parquet,df7834d959a4437e90c7ede450a71e2bbf5fa270e0dfb4e4205aac6ae5dc52c5,52778,23b1d89f429d25fc2cd67521b020dda14d258d7895b4a875084ab105d1065397,id_berastagi,3.1947,98.5089,2026,2026-05-26,2026-06-01,168,2026-05-26,2026-06-01
/Users/vidura/Code/big-weather/data/regional-2020-2025/raw/weather/location_id=id_berastagi/year=2026/weather-2026-06-02-2026-06-08.parquet,4b89a770843adfa0c50ad52004085b7cd305fa3bf3deb68dea609e21e4478a14,52513,ee3d95f81b6f2142e7f410a56afcfdedf0b8d68e068a67112bf3ba48aafdc256,id_berastagi,3.1947,98.5089,2026,2026-06-02,2026-06-08,168,2026-06-02,2026-06-08
/Users/vidura/Code/big-weather/data/regional-2020-2025/raw/weather/location_id=id_berastagi/year=2026/weather-2026-06-09-2026-06-15.parquet,7a6b45482b504b0f801f9e0dcdf537f15ea49c07f717b9832d24c22ef2c2730e,52118,9ead1b5fed7b8467707d39af2b5e19c62257031a66f0ed8f6e7b51a8c2753e10,id_berastagi,3.1947,98.5089,2026,2026-06-09,2026-06-15,168,2026-06-09,2026-06-15
/Users/vidura/Code/big-weather/data/regional-2020-2025/raw/weather/location_id=id_berastagi/year=2026/weather-2026-06-16-2026-06-22.parquet,2ea99bec50198ca94e38a1e2f2eacd1a77d452fcf56908826b867ee8931b5ba3,52161,5197f1d4e322861aae73ab3327c8b1d09657da9587dac6749a318651cd119d44,id_berastagi,3.1947,98.5089,2026,2026-06-16,2026-06-22,168,2026-06-16,2026-06-22
/Users/vidura/Code/big-weather/data/regional-2020-2025/raw/weather/location_id=id_berastagi/year=2026/weather-2026-06-23-2026-06-29.parquet,a02f807659764de74f14392e1bbd8a49a8cc3e4ccf8c4ff5055377b90c9df380,52198,87db9b2cbe45d9ec1578ccd6e6db765dc06898719d19d69c7df14bb0e4c9f859,id_berastagi,3.1947,98.5089,2026,2026-06-23,2026-06-29,168,2026-06-23,2026-06-29
/Users/vidura/Code/big-weather/data/regional-2020-2025/raw/weather/location_id=id_berastagi/year=2026/weather-2026-06-30-2026-07-06.parquet,60afbbc5c0c95be96ad64ff6178e58638def9c2eba2139ce7dcce1f27bccbce6,52614,eb9484b6755ebce49d282990dca2c5eee700194d7f69d4f420545b4560b4a49f,id_berastagi,3.1947,98.5089,2026,2026-06-30,2026-07-06,168,2026-06-30,2026-07-06
/Users/vidura/Code/big-weather/data/regional-2020-2025/raw/weather/location_id=id_berastagi/year=2026/weather-2026-07-07-2026-07-13.parquet,ff935e5af7184a0d48d416a8be423265d3f01fff153d06fcbf4ccb81e18a2e96,52681,8021a026225209783b38f49b8818dd4220e758e27a3bc17b77af2fa1b62de946,id_berastagi,3.1947,98.5089,2026,2026-07-07,2026-07-13,168,2026-07-07,2026-07-13
/Users/vidura/Code/big-weather/data/regional-2020-2025/raw/weather/location_id=id_berastagi/year=2026/weather-2026-07-14-2026-07-20.parquet,ed844b13010b4cd45220460dfc3951afc93764579021a476b2550941bacc5744,52697,7e8b06af4ffa7b8d85466920dea95d7d477094a1c8fe625fd4b28a28a75e99ca,id_berastagi,3.1947,98.5089,2026,2026-07-14,2026-07-20,168,2026-07-14,2026-07-20
/Users/vidura/Code/big-weather/data/regional-2020-2025/raw/weather/location_id=id_berastagi/year=2026/weather-2026-07-21-2026-07-27.parquet,087afc151531a8e2d4fb5da4ecd3f49476eedaf0d35d456e23cecc83e19d09e6,51981,6edcbc443ee94a77dc357d3a293e1b61de5a44c92679c529393f01c23f257869,id_berastagi,3.1947,98.5089,2026,2026-07-21,2026-07-27,168,2026-07-21,2026-07-27
/Users/vidura/Code/big-weather/data/regional-2020-2025/raw/weather/location_id=id_berastagi/year=2026/weather-2026-07-28-2026-08-03.parquet,3edff24576836e5dab253cbc4a3ae8fd89c1ca68cfc3b319c2edf37949503eef,52384,982f76edce5e805ab7a17528b769c7a82c13ae03f32fd430ff65502ebc947793,id_berastagi,3.1947,98.5089,2026,2026-07-28,2026-08-03,168,2026-07-28,2026-08-03
/Users/vidura/Code/big-weather/data/regional-2020-2025/raw/weather/location_id=id_berastagi/year=2026/weather-2026-08-04-2026-08-10.parquet,2c99e05938203f04c584c11267f20665f2576518eb73d71e932c98ff00dcf6b5,52236,6b44a1dc7312ff82f3179ee62a8351efc0f07fa59d6504b1a1997d0657dcb88e,id_berastagi,3.1947,98.5089,2026,2026-08-04,2026-08-10,168,2026-08-04,2026-08-10
/Users/vidura/Code/big-weather/data/regional-2020-2025/raw/weather/location_id=id_berastagi/year=2026/weather-2026-08-11-2026-08-17.parquet,32ae0a4ce091deb0fb4bb7a57cc511b79c838e208706c651abccc7e8e6d5bd0c,52786,0392f5159d8d4f9a5d14cc4c4d198f977a7149659089b68cb1eb84114b80586f,id_berastagi,3.1947,98.5089,2026,2026-08-11,2026-08-17,168,2026-08-11,2026-08-17
/Users/vidura/Code/big-weather/data/regional-2020-2025/raw/weather/location_id=id_berastagi/year=2026/weather-2026-08-18-2026-08-24.parquet,c1053fa9bb4710548ed1d17c90c8f7b434512d1044186c41ab884c893bf558ad,52461,a421b1ea5f72e73061e2e23a46323e9e9d0f1100ec16c91c374ff3d20509dcf3,id_berastagi,3.1947,98.5089,2026,2026-08-18,2026-08-24,168,2026-08-18,2026-08-24
/Users/vidura/Code/big-weather/data/regional-2020-2025/raw/weather/location_id=id_berastagi/year=2026/weather-2026-08-25-2026-08-31.parquet,22b0ee74ed2e42c56b67c89a69a0992bd0ff714181f460ff4337750284384662,52204,130094c5f00823ddc3d9e199e044522bdd4663131dc434b2d5be6cc573d6a3db,id_berastagi,3.1947,98.5089,2026,2026-08-25,2026-08-31,168,2026-08-25,2026-08-31
/Users/vidura/Code/big-weather/data/regional-2020-2025/raw/weather/location_id=id_medan/year=2026/weather-2026-05-05-2026-05-11.parquet,47fdf2b0f8c28826b88de51f9d98e415589f7876639ef0c28b2054c3335c0071,51840,dc64751af47db0592027173bbe70fb6a84edbf3933fba787932167b9c9cfe4d7,id_medan,3.5952,98.6722,2026,2026-05-05,2026-05-11,168,2026-05-05,2026-05-11
/Users/vidura/Code/big-weather/data/regional-2020-2025/raw/weather/location_id=id_medan/year=2026/weather-2026-05-12-2026-05-18.parquet,2f1653a38d20cab0d2377243c144967a30c6644443fc2175bb7a55aeb8bc1387,52455,cce613c1e3bf14fd9e53ec7252b4429ed22323f19d4543a1e7fcbb665653a854,id_medan,3.5952,98.6722,2026,2026-05-12,2026-05-18,168,2026-05-12,2026-05-18
/Users/vidura/Code/big-weather/data/regional-2020-2025/raw/weather/location_id=id_medan/year=2026/weather-2026-05-19-2026-05-25.parquet,b3c8e92c0492e12fe864c6e88efaad6221a1d36405c8af45f7ac1bf6b3a1187e,52815,c6d298e74896bc9fc0bb92e9c7d63bec0c4a5ceb8fb9c547a673ae68e2b614b0,id_medan,3.5952,98.6722,2026,2026-05-19,2026-05-25,168,2026-05-19,2026-05-25
/Users/vidura/Code/big-weather/data/regional-2020-2025/raw/weather/location_id=id_medan/year=2026/weather-2026-05-26-2026-06-01.parquet,d8f49ff576dd77be5bfd19159169dd1209a416cc9eb8bef45fe67569d585993f,52715,555db3b79cef41507b651c0b56eb9b36b6bbe2c05db2ecdc45fddee82ce284e0,id_medan,3.5952,98.6722,2026,2026-05-26,2026-06-01,168,2026-05-26,2026-06-01
/Users/vidura/Code/big-weather/data/regional-2020-2025/raw/weather/location_id=id_medan/year=2026/weather-2026-06-02-2026-06-08.parquet,bfa9561d47e214be7b6b97e584d94f1946f60bf1fec12a2c723b1b01b1ea62f5,51960,92160e33dc845906f386207614d6678576799d19b49ff4defbc3a02a872e3e7a,id_medan,3.5952,98.6722,2026,2026-06-02,2026-06-08,168,2026-06-02,2026-06-08
/Users/vidura/Code/big-weather/data/regional-2020-2025/raw/weather/location_id=id_medan/year=2026/weather-2026-06-09-2026-06-15.parquet,2e6bd3a9ca09cac46383485cc0c79876e600fb9778fd75f22b5fc4b73e1e8b81,51779,67e873094ab651ac21102afe1496acc5dd206c883833c1dcc2422f0ba8bb6983,id_medan,3.5952,98.6722,2026,2026-06-09,2026-06-15,168,2026-06-09,2026-06-15
/Users/vidura/Code/big-weather/data/regional-2020-2025/raw/weather/location_id=id_medan/year=2026/weather-2026-06-16-2026-06-22.parquet,f1fe0d9a7aa85708ca64888f18bc3cb145763cd07b4c4b23fa403f2231c0d4ac,52507,508042301a78dae408077e52f023789d0616209193d142a24d5655dcc10670cc,id_medan,3.5952,98.6722,2026,2026-06-16,2026-06-22,168,2026-06-16,2026-06-22
/Users/vidura/Code/big-weather/data/regional-2020-2025/raw/weather/location_id=id_medan/year=2026/weather-2026-06-23-2026-06-29.parquet,3cd79f26e993a917ac791e3343ec3d8b033fcb201a44372e802e9db29f70242a,52529,9108431e32c15e0c2d59030c6f65340d39bb0bbd45fa1248bd06b03da5689207,id_medan,3.5952,98.6722,2026,2026-06-23,2026-06-29,168,2026-06-23,2026-06-29
/Users/vidura/Code/big-weather/data/regional-2020-2025/raw/weather/location_id=id_medan/year=2026/weather-2026-06-30-2026-07-06.parquet,02ea0f1b28ed272153b7bf0b7193cd70149fc69887508839af28b4b68627abc3,52664,03747596d89504643be4e50aef3875ab70aa0e52753d7466a8d0c5ee07c9c379,id_medan,3.5952,98.6722,2026,2026-06-30,2026-07-06,168,2026-06-30,2026-07-06
/Users/vidura/Code/big-weather/data/regional-2020-2025/raw/weather/location_id=id_medan/year=2026/weather-2026-07-07-2026-07-13.parquet,1de7124c40ed2cf556d60a5a379e9e07ab455d69c6ce2f399a6d38ea4d394145,52920,8752b228f341c46b8d4bbb50ff46f019150c68901ab21d09e2cf4453b2196738,id_medan,3.5952,98.6722,2026,2026-07-07,2026-07-13,168,2026-07-07,2026-07-13
/Users/vidura/Code/big-weather/data/regional-2020-2025/raw/weather/location_id=id_medan/year=2026/weather-2026-07-14-2026-07-20.parquet,b2ee7be99c776314fa2641dd258525539ccf1cdbe9ccd45ef04abbd185dae531,52442,184aa6cdd11cc8ed7b290a7f693f83b2728fbef24983bb58e14648be1ae63940,id_medan,3.5952,98.6722,2026,2026-07-14,2026-07-20,168,2026-07-14,2026-07-20
/Users/vidura/Code/big-weather/data/regional-2020-2025/raw/weather/location_id=id_medan/year=2026/weather-2026-07-21-2026-07-27.parquet,cef7c4be3620c8246803282386b44e52a4c1f2591963eb8946150d00c3568e36,52329,2664599029513a09c1b5c5862c2b66a48db1dbd2793427891efbd50641ee1fce,id_medan,3.5952,98.6722,2026,2026-07-21,2026-07-27,168,2026-07-21,2026-07-27
/Users/vidura/Code/big-weather/data/regional-2020-2025/raw/weather/location_id=id_medan/year=2026/weather-2026-07-28-2026-08-03.parquet,89f2800d33ea2a2d7620ebed0599ffd1999f335097c789d72446ee232413fe41,52178,99395515006a9eebecb5c1c91a816d88db72629644e5fdbedb56e59ed0a13d90,id_medan,3.5952,98.6722,2026,2026-07-28,2026-08-03,168,2026-07-28,2026-08-03
/Users/vidura/Code/big-weather/data/regional-2020-2025/raw/weather/location_id=id_medan/year=2026/weather-2026-08-04-2026-08-10.parquet,477a003b0f6b4b1dedc71bd04f358c76c835849d942147d424375719ffcccb0d,51930,8912bbc33b927e3027e96cb72e08f995fa3726670f165d5cb8ee0d0e5ff177a3,id_medan,3.5952,98.6722,2026,2026-08-04,2026-08-10,168,2026-08-04,2026-08-10
/Users/vidura/Code/big-weather/data/regional-2020-2025/raw/weather/location_id=id_medan/year=2026/weather-2026-08-11-2026-08-17.parquet,a032dbf5092430f4942fac1bf31187f80cfd8c77a41b963b5aebffc0f368fa29,52735,15ef9e4c1f428c094192468075c0b08d07bdb3e42d68796f7defea28efac9653,id_medan,3.5952,98.6722,2026,2026-08-11,2026-08-17,168,2026-08-11,2026-08-17
/Users/vidura/Code/big-weather/data/regional-2020-2025/raw/weather/location_id=id_medan/year=2026/weather-2026-08-18-2026-08-24.parquet,5e1e2a5289008d341d4175d7aac98c62c14e8ee1afe99586f1b507a727fa3ed8,52745,84372a06acba33af781b866ced4599190d00c22fa271b3d92348b90b5074f0da,id_medan,3.5952,98.6722,2026,2026-08-18,2026-08-24,168,2026-08-18,2026-08-24
/Users/vidura/Code/big-weather/data/regional-2020-2025/raw/weather/location_id=id_medan/year=2026/weather-2026-08-25-2026-08-31.parquet,c8449cdf969d5513548cd82a386f5de8c79fc53a2596c326525f41b4e613ee0d,52277,f9a06aea8c22f115922332e8afe4aea3fe00687855bed0d0b2b8f2a5134b3f4a,id_medan,3.5952,98.6722,2026,2026-08-25,2026-08-31,168,2026-08-25,2026-08-31
/Users/vidura/Code/big-weather/data/regional-2020-2025/raw/weather/location_id=in_anamudi/year=2026/weather-2026-04-28-2026-05-04.parquet,d8a8007ac9e8b5d9200919e52a0e7a8c1de33abaa2cac65fa1c721314727ca58,52842,861d0e8fce21da14251bec120e6cfe3c4b88eea01d667ce60a426c447943b82e,in_anamudi,10.169,77.0606,2026,2026-04-28,2026-05-04,168,2026-04-28,2026-05-04
/Users/vidura/Code/big-weather/data/regional-2020-2025/raw/weather/location_id=in_anamudi/year=2026/weather-2026-05-05-2026-05-11.parquet,dabf152ca6c7c09c9e1187acb4321f490b7b1f256747fa47f1c9455ae6c6ca9e,53184,a5c4db8629fd8052bf8d026dfdcc11876281e6bec0781b7fb1059c52b3fe19fd,in_anamudi,10.169,77.0606,2026,2026-05-05,2026-05-11,168,2026-05-05,2026-05-11
/Users/vidura/Code/big-weather/data/regional-2020-2025/raw/weather/location_id=in_anamudi/year=2026/weather-2026-05-12-2026-05-18.parquet,c3dfb0d08af13fd2a29345a4d4ec41edac86665d7805333aaabe1b21aa864b5f,52883,0570c508101750a9b5944dee134b41d73c0a5cb724acd13bf32f4086be4153cf,in_anamudi,10.169,77.0606,2026,2026-05-12,2026-05-18,168,2026-05-12,2026-05-18
/Users/vidura/Code/big-weather/data/regional-2020-2025/raw/weather/location_id=in_anamudi/year=2026/weather-2026-05-19-2026-05-25.parquet,56ccb193e0611366abafb60cf71d459fdecfecedab76a9d0aab41dbb88fbbccf,52580,6ddc13629057b2d5e8b1f935d4e3433dab957136a63c91344de1fcf718417401,in_anamudi,10.169,77.0606,2026,2026-05-19,2026-05-25,168,2026-05-19,2026-05-25
/Users/vidura/Code/big-weather/data/regional-2020-2025/raw/weather/location_id=in_anamudi/year=2026/weather-2026-05-26-2026-06-01.parquet,f6f7741cf6c36e3316f0ae9b6f87ea091d498095a1b07ec1196107b7872cfdac,51985,cf9354cfbb2e847935085489a4a2980b2bf26bedb3a2fd24e8f5186356d9e3a7,in_anamudi,10.169,77.0606,2026,2026-05-26,2026-06-01,168,2026-05-26,2026-06-01
/Users/vidura/Code/big-weather/data/regional-2020-2025/raw/weather/location_id=in_anamudi/year=2026/weather-2026-06-02-2026-06-08.parquet,7378fd0bbbea1a5dff7792c612f79e910d9d54d17e592e97d4b651293f6e0eb6,51630,f593e1d97aace8abe7a51695c2c2caa3e4672eca53f73723ac54a7187a23421e,in_anamudi,10.169,77.0606,2026,2026-06-02,2026-06-08,168,2026-06-02,2026-06-08
/Users/vidura/Code/big-weather/data/regional-2020-2025/raw/weather/location_id=in_anamudi/year=2026/weather-2026-06-09-2026-06-15.parquet,ac5fc8bb1d157012f6f9487d7408fd3bce4a041a2696fdf9567097dbee8d809c,51685,558ee768841d051cfc4bf28f02f2f0adc79690d45f25380a2e64039d33aae6f0,in_anamudi,10.169,77.0606,2026,2026-06-09,2026-06-15,168,2026-06-09,2026-06-15
/Users/vidura/Code/big-weather/data/regional-2020-2025/raw/weather/location_id=in_anamudi/year=2026/weather-2026-06-16-2026-06-22.parquet,32281d19dabd23409d63e9ed3899b29e76951005c858744c23b5f00f4a83d15b,52018,064835661c27b4c0c4a66ac136d7134cd1a21bf7989f8dccaaf7206e31438bba,in_anamudi,10.169,77.0606,2026,2026-06-16,2026-06-22,168,2026-06-16,2026-06-22
/Users/vidura/Code/big-weather/data/regional-2020-2025/raw/weather/location_id=in_anamudi/year=2026/weather-2026-06-23-2026-06-29.parquet,e55a5f1b24a3ac9650818b3c053d1568de6883d9dd85c8dc8981b2090a2b9f90,51531,42c1962ea18fb34eb615861eac59198875d3de769200fba6d3927141f39029d9,in_anamudi,10.169,77.0606,2026,2026-06-23,2026-06-29,168,2026-06-23,2026-06-29
/Users/vidura/Code/big-weather/data/regional-2020-2025/raw/weather/location_id=in_anamudi/year=2026/weather-2026-06-30-2026-07-06.parquet,6316c060df933c229e7cc00ff4295638b6c8841e0fdf65104f856a9636c39a64,50832,5579db1bac705d526c67e5f12a8e9afbfc233030bcd8c4898aa66a0fc399eb45,in_anamudi,10.169,77.0606,2026,2026-06-30,2026-07-06,168,2026-06-30,2026-07-06
/Users/vidura/Code/big-weather/data/regional-2020-2025/raw/weather/location_id=in_anamudi/year=2026/weather-2026-07-07-2026-07-13.parquet,e65e19cf5f5f3bc1264d1d395a34b46b26da855dea33dd51d5b667895865dead,51942,1cbc82c036e105aec905a893a52927d1087e3d587bfc9ae691652d7bba6fe0b8,in_anamudi,10.169,77.0606,2026,2026-07-07,2026-07-13,168,2026-07-07,2026-07-13
/Users/vidura/Code/big-weather/data/regional-2020-2025/raw/weather/location_id=in_anamudi/year=2026/weather-2026-07-14-2026-07-20.parquet,d89371d4c15f60d94d71e7466bbab9584ba8b7f594c36136d47e0f4aa3920c96,51796,e8bf266dafb015e51e0945404c39d8ab7a0a10f6696477be2c2ffc6402cf44fa,in_anamudi,10.169,77.0606,2026,2026-07-14,2026-07-20,168,2026-07-14,2026-07-20
/Users/vidura/Code/big-weather/data/regional-2020-2025/raw/weather/location_id=in_anamudi/year=2026/weather-2026-07-21-2026-07-27.parquet,e19578c531f69837f056ef7077f85978f7d195e08356e65c894db543afd21349,51443,74de9cbf2857113cb97ef8ce0972d4bc8df4302f48ba563b0be77a369327900d,in_anamudi,10.169,77.0606,2026,2026-07-21,2026-07-27,168,2026-07-21,2026-07-27
/Users/vidura/Code/big-weather/data/regional-2020-2025/raw/weather/location_id=in_anamudi/year=2026/weather-2026-07-28-2026-08-03.parquet,710362e4d72591324ebe97414a3f32ffa1f16c9578d35d24c4eade9144259e95,51324,36916e2f94ef54175d92ddd12906a3d42f6796fccc41eb0d6cb1220f09ac0eda,in_anamudi,10.169,77.0606,2026,2026-07-28,2026-08-03,168,2026-07-28,2026-08-03
/Users/vidura/Code/big-weather/data/regional-2020-2025/raw/weather/location_id=in_anamudi/year=2026/weather-2026-08-04-2026-08-10.parquet,46d114cf45debee2d0527daa70ab4265936e2f3e8c146beb88d7125b264fb3e9,51121,28c541d948d4c2a61aa1d30a29a450f5d175d77c7cbe97682142f2dbfbb36400,in_anamudi,10.169,77.0606,2026,2026-08-04,2026-08-10,168,2026-08-04,2026-08-10
/Users/vidura/Code/big-weather/data/regional-2020-2025/raw/weather/location_id=in_anamudi/year=2026/weather-2026-08-11-2026-08-17.parquet,2517dc70a02926ac926878679ce89103d16a188aad290444026816e1377ed4d8,51249,aea2cd363cfb7631e068fee5b1e25173bb8a5d17bf6e7a61f72dea05486f2845,in_anamudi,10.169,77.0606,2026,2026-08-11,2026-08-17,168,2026-08-11,2026-08-17
/Users/vidura/Code/big-weather/data/regional-2020-2025/raw/weather/location_id=in_anamudi/year=2026/weather-2026-08-18-2026-08-24.parquet,58730004450e9d0e08922b8a7ef184c18030f37885d76c10e32fe9055c8519dc,51507,fdb1f5bd6e7a5a41b0c1606ca98f7d791b56bfb13976156b594d44b3be5f278f,in_anamudi,10.169,77.0606,2026,2026-08-18,2026-08-24,168,2026-08-18,2026-08-24
/Users/vidura/Code/big-weather/data/regional-2020-2025/raw/weather/location_id=in_anamudi/year=2026/weather-2026-08-25-2026-08-31.parquet,9b0c012f3dbfe5187229be8676af627823d1221dfa5bf843fa8968ef35da79ff,51802,dba4a6bbd2cd03098609fdf5fa52ae91c17b19145e4b1dba9033accd9be1515f,in_anamudi,10.169,77.0606,2026,2026-08-25,2026-08-31,168,2026-08-25,2026-08-31
/Users/vidura/Code/big-weather/data/regional-2020-2025/raw/weather/location_id=in_bengaluru/year=2026/weather-2026-04-28-2026-05-04.parquet,83be8dba3214aa57acbc3a9a43d5d048fbd8082e18f602835a8a4db2357a84ee,53172,4e0231c9c4a439fb8c4fdb23fafd812c629f567d4e16caaa3e9ba4c892a110d7,in_bengaluru,12.9716,77.5946,2026,2026-04-28,2026-05-04,168,2026-04-28,2026-05-04
/Users/vidura/Code/big-weather/data/regional-2020-2025/raw/weather/location_id=in_bengaluru/year=2026/weather-2026-05-05-2026-05-11.parquet,992c4f27bd0e1298c46c7e56b20f1887f795fab5eec976cb0307832d8a563814,53138,f5f1ed10825c0e1f3dad9aca281b260fa9fb70686da64d6115163b96c18b208e,in_bengaluru,12.9716,77.5946,2026,2026-05-05,2026-05-11,168,2026-05-05,2026-05-11
/Users/vidura/Code/big-weather/data/regional-2020-2025/raw/weather/location_id=in_bengaluru/year=2026/weather-2026-05-12-2026-05-18.parquet,2eb2508ef487daa80907d10510d5cef1246e480db88697de6f5681f7314bf8ba,53532,ed4916cf0366094cd4d2a9c4532e1b09b46a2b547006507d5ce44a66c55003d2,in_bengaluru,12.9716,77.5946,2026,2026-05-12,2026-05-18,168,2026-05-12,2026-05-18
/Users/vidura/Code/big-weather/data/regional-2020-2025/raw/weather/location_id=in_bengaluru/year=2026/weather-2026-05-19-2026-05-25.parquet,78adf2a6f4bc469bae712878d33f5464d54ce819fef7ae390bcd8af74bc9716f,53194,54ce2a0412668d60539e8ee1f14ad0460f2958b78e02acd37ecea47df2cc0592,in_bengaluru,12.9716,77.5946,2026,2026-05-19,2026-05-25,168,2026-05-19,2026-05-25
/Users/vidura/Code/big-weather/data/regional-2020-2025/raw/weather/location_id=in_bengaluru/year=2026/weather-2026-05-26-2026-06-01.parquet,4f75f741f88b8f38730e02038a454ecec4bbb38ebe9d41f13b1ee80c759437bb,53541,fe1c7040e46d08dd18c4c48a3d59675838cb0b2c831ecdd437c57ced131d51e0,in_bengaluru,12.9716,77.5946,2026,2026-05-26,2026-06-01,168,2026-05-26,2026-06-01
/Users/vidura/Code/big-weather/data/regional-2020-2025/raw/weather/location_id=in_bengaluru/year=2026/weather-2026-06-02-2026-06-08.parquet,7f9f66108d10d3aad369eaa853e80ca5c51e9bcd2a74090b1bcc55b51b82b2f3,53192,5c6a1f9294ef014aa60af7bc99f0f612e1256f36d5cb73f4e5df7a12bdf1db99,in_bengaluru,12.9716,77.5946,2026,2026-06-02,2026-06-08,168,2026-06-02,2026-06-08
/Users/vidura/Code/big-weather/data/regional-2020-2025/raw/weather/location_id=in_bengaluru/year=2026/weather-2026-06-09-2026-06-15.parquet,6668412bec900f5bae5b4d1bc841a12e22a2282fe45af239e1a6e976927bb814,52955,a6bdb5573bced2f5885a5bd9a75dc40d5d4fc89de36781c8d3c955a459243d68,in_bengaluru,12.9716,77.5946,2026,2026-06-09,2026-06-15,168,2026-06-09,2026-06-15
/Users/vidura/Code/big-weather/data/regional-2020-2025/raw/weather/location_id=in_bengaluru/year=2026/weather-2026-06-16-2026-06-22.parquet,44acf489f95478216b1af1ded7f85b3bf1b1449ada35e082ba5ab74a8f992522,52801,4713791126fd29bd160f53b3e570eb110f54041ebbf0fde24736781c5d74f852,in_bengaluru,12.9716,77.5946,2026,2026-06-16,2026-06-22,168,2026-06-16,2026-06-22
/Users/vidura/Code/big-weather/data/regional-2020-2025/raw/weather/location_id=in_bengaluru/year=2026/weather-2026-06-23-2026-06-29.parquet,eaca333fbc5662f0559a605e7d506065ced0dfeae44dbba643baf1b8882de183,52387,f0ffedf2c3c780baaf760d5cfaefbafc1e276ff81bb48eb2134831f6d104ca03,in_bengaluru,12.9716,77.5946,2026,2026-06-23,2026-06-29,168,2026-06-23,2026-06-29
/Users/vidura/Code/big-weather/data/regional-2020-2025/raw/weather/location_id=in_bengaluru/year=2026/weather-2026-06-30-2026-07-06.parquet,786f8945cc6ffed9d2427d7462ae013c4c078b10635c863f5d7e35149f34bb28,51959,facaf9b549f4112fc15b9d0c6f937e390925f3b84bda8cd8890720b4f0729658,in_bengaluru,12.9716,77.5946,2026,2026-06-30,2026-07-06,168,2026-06-30,2026-07-06
/Users/vidura/Code/big-weather/data/regional-2020-2025/raw/weather/location_id=in_bengaluru/year=2026/weather-2026-07-07-2026-07-13.parquet,9ba432a9dce8ab339c2bd5464ac459a78ef1f775192945b2d0eacd8b7658930d,52766,677ff6ad99eb78801637d58c7f662a2dbc0f76d21a7b8b70acab5c666c2af796,in_bengaluru,12.9716,77.5946,2026,2026-07-07,2026-07-13,168,2026-07-07,2026-07-13
/Users/vidura/Code/big-weather/data/regional-2020-2025/raw/weather/location_id=in_bengaluru/year=2026/weather-2026-07-14-2026-07-20.parquet,a1e3ae61583d6df5e8ad65684eb53eb6d0d60e2df866030b14ed5c4b6e458ba7,52280,b9a9a53af65de20a4efe340c293b4a0224cb0f0bb87725a6b266e0ff04a3923a,in_bengaluru,12.9716,77.5946,2026,2026-07-14,2026-07-20,168,2026-07-14,2026-07-20
/Users/vidura/Code/big-weather/data/regional-2020-2025/raw/weather/location_id=in_bengaluru/year=2026/weather-2026-07-21-2026-07-27.parquet,40cb4e4f652a58a71b660e13b440732be3f7a1b23bbe772e96c7516792e6f903,52086,11e3dba589fc3e8de4d5cdc4e19953e8d4dec79dd669270522c26db2d7ddb94a,in_bengaluru,12.9716,77.5946,2026,2026-07-21,2026-07-27,168,2026-07-21,2026-07-27
/Users/vidura/Code/big-weather/data/regional-2020-2025/raw/weather/location_id=in_bengaluru/year=2026/weather-2026-07-28-2026-08-03.parquet,9647981667e7387892a9dd03b9445d014c9d138a9a1a89815d593a613bf94f3c,51929,55401ba8e5589e385594ab92d4c5eba6dd209c1ee43eb7f2cbde95b6140a14dc,in_bengaluru,12.9716,77.5946,2026,2026-07-28,2026-08-03,168,2026-07-28,2026-08-03
/Users/vidura/Code/big-weather/data/regional-2020-2025/raw/weather/location_id=in_bengaluru/year=2026/weather-2026-08-04-2026-08-10.parquet,ce9f92ac96fab34691c7194eaedaff60543653a1e4bccb2cad1745fc81f3692d,52135,dd941906f1068dfb4b6c6562060f1f623634666f28f593160c2f0d8fef9820e7,in_bengaluru,12.9716,77.5946,2026,2026-08-04,2026-08-10,168,2026-08-04,2026-08-10
/Users/vidura/Code/big-weather/data/regional-2020-2025/raw/weather/location_id=in_bengaluru/year=2026/weather-2026-08-11-2026-08-17.parquet,694b30160be62ad3f2c1717d599f61adeca23133a5523a1d6a0e6945aa6aeb89,51426,1fa68e8293976d5c9c948e6a1571cd40561d8da6061c00302fbfa81c4aa9335d,in_bengaluru,12.9716,77.5946,2026,2026-08-11,2026-08-17,168,2026-08-11,2026-08-17
/Users/vidura/Code/big-weather/data/regional-2020-2025/raw/weather/location_id=in_bengaluru/year=2026/weather-2026-08-18-2026-08-24.parquet,8c5ecbf397fba0aa81caa3204c98cbbdbecf0dd8ce514d722820804f7cf0b8ee,51772,d4786bb3b29686aaa96a121d22ac275887c819c270f00e6520cf00d4dfbba82f,in_bengaluru,12.9716,77.5946,2026,2026-08-18,2026-08-24,168,2026-08-18,2026-08-24
/Users/vidura/Code/big-weather/data/regional-2020-2025/raw/weather/location_id=in_bengaluru/year=2026/weather-2026-08-25-2026-08-31.parquet,76326087f4d381e864fc8b98edfe5a3dba6ca391980f443da53f7641091a8415,52203,f3be28bc6533913eeb83a006b81548e76d05d3b74f9dab68e058dbd98796b415,in_bengaluru,12.9716,77.5946,2026,2026-08-25,2026-08-31,168,2026-08-25,2026-08-31
/Users/vidura/Code/big-weather/data/regional-2020-2025/raw/weather/location_id=in_chennai/year=2026/weather-2026-04-28-2026-05-04.parquet,265103e540710170a7035ec4feb21e8ab9042ca036143c29635b03cdb8e836b1,51241,2ad872a23f9b2d6d8c5035c8b64b45d0b6b5cc00d216feeb71819189e719bc1a,in_chennai,13.0827,80.2707,2026,2026-04-28,2026-05-04,168,2026-04-28,2026-05-04
/Users/vidura/Code/big-weather/data/regional-2020-2025/raw/weather/location_id=in_chennai/year=2026/weather-2026-05-05-2026-05-11.parquet,fad39cb707e608f4951e4ff831724a2a6c3a1f4eda50535397a935d946270cc7,52979,5a6ac4146dd44a4cf93c81cbc13887c0a0f81d95c54295934a70e531db342961,in_chennai,13.0827,80.2707,2026,2026-05-05,2026-05-11,168,2026-05-05,2026-05-11
/Users/vidura/Code/big-weather/data/regional-2020-2025/raw/weather/location_id=in_chennai/year=2026/weather-2026-05-12-2026-05-18.parquet,d81a1a0f310233d3dd60d9a5be5c16e4754bfa148b655ef64240854e03b18c8c,52741,8c0c603b043feed21d0304f040f6f4f444c9633d0af47e4be1b60b11e5eaca9a,in_chennai,13.0827,80.2707,2026,2026-05-12,2026-05-18,168,2026-05-12,2026-05-18
/Users/vidura/Code/big-weather/data/regional-2020-2025/raw/weather/location_id=in_chennai/year=2026/weather-2026-05-19-2026-05-25.parquet,839190f46d1c2d6c979b81bb90961cb7dfc0fe02488682c417018d28d460a202,52439,49a5dc0f9b948872fbea193ff7672e0d606134619d2aa15d7ba645e249ae3e5d,in_chennai,13.0827,80.2707,2026,2026-05-19,2026-05-25,168,2026-05-19,2026-05-25
/Users/vidura/Code/big-weather/data/regional-2020-2025/raw/weather/location_id=in_chennai/year=2026/weather-2026-05-26-2026-06-01.parquet,f5efebe58097677da38eee634cf7d89cdf8e039b837a6ffa8b9f22375ccd5809,51966,7f01c25211d2878fcff3e911b76aa90e156b99954167de658452d6d052621fcc,in_chennai,13.0827,80.2707,2026,2026-05-26,2026-06-01,168,2026-05-26,2026-06-01
/Users/vidura/Code/big-weather/data/regional-2020-2025/raw/weather/location_id=in_chennai/year=2026/weather-2026-06-02-2026-06-08.parquet,359f69f315b2ede0701e881272d0b4afa901e0e0129cfa003eb0beed93407e3b,52556,1f4af20e652cc98d0da1a274dcce956efab6795e4d3e3f268ddcf0f0ca59f5eb,in_chennai,13.0827,80.2707,2026,2026-06-02,2026-06-08,168,2026-06-02,2026-06-08
/Users/vidura/Code/big-weather/data/regional-2020-2025/raw/weather/location_id=in_chennai/year=2026/weather-2026-06-09-2026-06-15.parquet,e9c98efa62d17370e6d14cd6a0531599a1fe92601d28d1a404c7d6b25ca8eef5,53450,61deb2a19fe28f40a26cebd3cde6644cbe6c6c896d4b37f8d7813ba72ab31bf5,in_chennai,13.0827,80.2707,2026,2026-06-09,2026-06-15,168,2026-06-09,2026-06-15
/Users/vidura/Code/big-weather/data/regional-2020-2025/raw/weather/location_id=in_chennai/year=2026/weather-2026-06-16-2026-06-22.parquet,1ec58786afed6d6755e034007e8d090bca921e9161b9ac6a12fc2a7f75a32ea4,52543,eed2a03cd819271cedb1ca4fe780ac38be8f93a479b1edcd57653a9bf60c4915,in_chennai,13.0827,80.2707,2026,2026-06-16,2026-06-22,168,2026-06-16,2026-06-22
/Users/vidura/Code/big-weather/data/regional-2020-2025/raw/weather/location_id=in_chennai/year=2026/weather-2026-06-23-2026-06-29.parquet,7b9a1a2df884a154d37da1f40aad59bfc66b9a2d1bdeb43cd4e3d95950525c13,52993,627dac8cbd87f6234b9b5f3ae3c83973afe31e86f62a8c1e759ce04b57636d5c,in_chennai,13.0827,80.2707,2026,2026-06-23,2026-06-29,168,2026-06-23,2026-06-29
/Users/vidura/Code/big-weather/data/regional-2020-2025/raw/weather/location_id=in_chennai/year=2026/weather-2026-06-30-2026-07-06.parquet,2d3c332bddd7e68b80296040f58968f12d4b0503ae855ea51d1254634a8b12f2,52564,32256c2efeeb55ec03b9d3ca40683331e7f406b59298fcc49c8c0d3f8a2e3de8,in_chennai,13.0827,80.2707,2026,2026-06-30,2026-07-06,168,2026-06-30,2026-07-06
/Users/vidura/Code/big-weather/data/regional-2020-2025/raw/weather/location_id=in_chennai/year=2026/weather-2026-07-07-2026-07-13.parquet,1f411e4d681757ed057396beda7da4017f5a3005a6c0e11ccab4c224632248ec,52984,ab80847d7b4d9ef27ccae524e6fc38a57a60080affd67cb6f2c8f049c5fc044b,in_chennai,13.0827,80.2707,2026,2026-07-07,2026-07-13,168,2026-07-07,2026-07-13
/Users/vidura/Code/big-weather/data/regional-2020-2025/raw/weather/location_id=in_chennai/year=2026/weather-2026-07-14-2026-07-20.parquet,76c3a5768b3952395f988ff58c058acda34d970f879ccbbe7e06e5b0548f00b0,52916,16e6c6beb5d984eac67cfecdd20a88e78fdca740c7eaf0e7164300033568ce92,in_chennai,13.0827,80.2707,2026,2026-07-14,2026-07-20,168,2026-07-14,2026-07-20
/Users/vidura/Code/big-weather/data/regional-2020-2025/raw/weather/location_id=in_chennai/year=2026/weather-2026-07-21-2026-07-27.parquet,b462e3f350eb2f608c41a18b8768c67df1075fd3a6c10c7502e9d9fa9ef11cd7,52212,f42640bccb0940053dbd3de00230dfb244dd637b70a8446eef3729ce09b01151,in_chennai,13.0827,80.2707,2026,2026-07-21,2026-07-27,168,2026-07-21,2026-07-27
/Users/vidura/Code/big-weather/data/regional-2020-2025/raw/weather/location_id=in_chennai/year=2026/weather-2026-07-28-2026-08-03.parquet,d8fe86b63b747d9d771ead0550f860310638a53397dcf0bde7dc071598ee4ea7,53126,aff35df5a401da70f9c30fa82d5b1206bc598af1e79cb5665f01ed32bbbedc65,in_chennai,13.0827,80.2707,2026,2026-07-28,2026-08-03,168,2026-07-28,2026-08-03
/Users/vidura/Code/big-weather/data/regional-2020-2025/raw/weather/location_id=in_chennai/year=2026/weather-2026-08-04-2026-08-10.parquet,0c9b2e13224f382a24269ebc4e26c7b7a041f2763a5f8db2ed37746fabc54ec4,53379,a6d4e32e800d8c19727481dd259228d5cf4b27cbe21fad3f82d329b7d4690f63,in_chennai,13.0827,80.2707,2026,2026-08-04,2026-08-10,168,2026-08-04,2026-08-10
/Users/vidura/Code/big-weather/data/regional-2020-2025/raw/weather/location_id=in_chennai/year=2026/weather-2026-08-11-2026-08-17.parquet,504a6735e27707190921df1eaf138ef8a150bfc0b849501c43bbb986d0267e0b,52092,b0546a064dbf12208ea5950c5029d2c26e3fe6022028df121628fc10a6da59af,in_chennai,13.0827,80.2707,2026,2026-08-11,2026-08-17,168,2026-08-11,2026-08-17
/Users/vidura/Code/big-weather/data/regional-2020-2025/raw/weather/location_id=in_chennai/year=2026/weather-2026-08-18-2026-08-24.parquet,6c509f76057ec543b576f585c131d2ef8ef41053e0737f52d9afc2986113823f,52865,5d62506dcc2ab0f50e06f266303eec44645531ebcb654f85f9eec88915c245b4,in_chennai,13.0827,80.2707,2026,2026-08-18,2026-08-24,168,2026-08-18,2026-08-24
/Users/vidura/Code/big-weather/data/regional-2020-2025/raw/weather/location_id=in_chennai/year=2026/weather-2026-08-25-2026-08-31.parquet,f8e613d1d873186326e5f085301eeb2d6e0c6326c8a59a9bf607164636fc8322,52612,9bce83181bf5fe18a8f15532e561d21711301b559f6ad09e5aa5b0508b111fce,in_chennai,13.0827,80.2707,2026,2026-08-25,2026-08-31,168,2026-08-25,2026-08-31
/Users/vidura/Code/big-weather/data/regional-2020-2025/raw/weather/location_id=in_coimbatore/year=2026/weather-2026-04-28-2026-05-04.parquet,c85c273fea26fba9694076d45911b3e3ac5d15a011b6ef1e71bd78501dc66c8d,52546,0f555430fc15d124a2817c6f361d0619d08a036eb4cd8b03f340eccfce72f7a2,in_coimbatore,11.0168,76.9558,2026,2026-04-28,2026-05-04,168,2026-04-28,2026-05-04
/Users/vidura/Code/big-weather/data/regional-2020-2025/raw/weather/location_id=in_coimbatore/year=2026/weather-2026-05-05-2026-05-11.parquet,91239c43b7f6d311757a637de6f722a7cb774ebab5affeccd175312e97fb283d,53333,1049726149a44d52c852425d3578213c9e6723bbf6b186cfc65e83593b1321a6,in_coimbatore,11.0168,76.9558,2026,2026-05-05,2026-05-11,168,2026-05-05,2026-05-11
/Users/vidura/Code/big-weather/data/regional-2020-2025/raw/weather/location_id=in_coimbatore/year=2026/weather-2026-05-12-2026-05-18.parquet,4d331a9e3ae66cc1597ba212ea2e93e02ab26d31ddfc830b10f8e3898641bdab,52554,f048b5c87b1f9f749a3e46f36db50a87180395c71df899f404b91555d468a699,in_coimbatore,11.0168,76.9558,2026,2026-05-12,2026-05-18,168,2026-05-12,2026-05-18
/Users/vidura/Code/big-weather/data/regional-2020-2025/raw/weather/location_id=in_coimbatore/year=2026/weather-2026-05-19-2026-05-25.parquet,039c5d8c7b484e187f7fc9b00ed9222d2106f371dc7171ac991d4db8633aa532,52012,0e95c07c3adf3607ad02675acf49b6be2fc6b33879e5c214705288eba9753992,in_coimbatore,11.0168,76.9558,2026,2026-05-19,2026-05-25,168,2026-05-19,2026-05-25
/Users/vidura/Code/big-weather/data/regional-2020-2025/raw/weather/location_id=in_coimbatore/year=2026/weather-2026-05-26-2026-06-01.parquet,797f348701ad2919be6e99f11f59ff089e70bb7ed914b95cdbf4406d3492f933,51626,770cb486a1bb8334b6e27711a1019c5e6f21dcd7e05896f1205a14c5d71ebfd2,in_coimbatore,11.0168,76.9558,2026,2026-05-26,2026-06-01,168,2026-05-26,2026-06-01
/Users/vidura/Code/big-weather/data/regional-2020-2025/raw/weather/location_id=in_coimbatore/year=2026/weather-2026-06-02-2026-06-08.parquet,56296304d2b8196ad90e2992ffb2d760c41dc9ed12e4899ef6b65989f23fce0b,51869,249d4c4d3a860cde8b169817310fbe13d7abb3f1b5d8945fa61bbec0a6d9777d,in_coimbatore,11.0168,76.9558,2026,2026-06-02,2026-06-08,168,2026-06-02,2026-06-08
/Users/vidura/Code/big-weather/data/regional-2020-2025/raw/weather/location_id=in_coimbatore/year=2026/weather-2026-06-09-2026-06-15.parquet,9d8591bd4cf9f3b96a8a80262323041a6edf8b6cc95ed1bc22181cbcbe2af907,52097,7d2ea775979a356e2f60c5cbeff9f6451260077aa8ea0afe2e69115fc1c3c63e,in_coimbatore,11.0168,76.9558,2026,2026-06-09,2026-06-15,168,2026-06-09,2026-06-15
/Users/vidura/Code/big-weather/data/regional-2020-2025/raw/weather/location_id=in_coimbatore/year=2026/weather-2026-06-16-2026-06-22.parquet,5b363bae5847b7773c5fed963ad7659b0fdede82ff8ed59d2b19438d76e67100,52386,d90cd5fb6ce81bc3338ba922818c39cb48628ccede797c361379f0ea05794821,in_coimbatore,11.0168,76.9558,2026,2026-06-16,2026-06-22,168,2026-06-16,2026-06-22
/Users/vidura/Code/big-weather/data/regional-2020-2025/raw/weather/location_id=in_coimbatore/year=2026/weather-2026-06-23-2026-06-29.parquet,71fc715af9f7480024579eed6366f76875574e7bb5f61e67d6399931a0e14d07,51874,9d99611eca651a130557cd509d3a5b4f42900d162388f0dd5cdc3b70afcefc1b,in_coimbatore,11.0168,76.9558,2026,2026-06-23,2026-06-29,168,2026-06-23,2026-06-29
/Users/vidura/Code/big-weather/data/regional-2020-2025/raw/weather/location_id=in_coimbatore/year=2026/weather-2026-06-30-2026-07-06.parquet,6fd5071705981aba3b8a1f637542c088328f943d34e92221470ea32f70a42a9c,51527,44a7a4bd9955134501d71e221fe028d7a382696605f31cb3f51cb682256ccb09,in_coimbatore,11.0168,76.9558,2026,2026-06-30,2026-07-06,168,2026-06-30,2026-07-06
/Users/vidura/Code/big-weather/data/regional-2020-2025/raw/weather/location_id=in_coimbatore/year=2026/weather-2026-07-07-2026-07-13.parquet,430e557284b4ac9b81613601b8c293d361d81d3b36a1cd41111e1219e80ce41d,52000,68f9cecd48acaf33bc4a78b7736e96795307d683ab57bdab6d34a870f082951d,in_coimbatore,11.0168,76.9558,2026,2026-07-07,2026-07-13,168,2026-07-07,2026-07-13
/Users/vidura/Code/big-weather/data/regional-2020-2025/raw/weather/location_id=in_coimbatore/year=2026/weather-2026-07-14-2026-07-20.parquet,815bf9da7ce1ff82beb278caba06b642659b32932e460ae38dededd06038b2e3,51309,f6fcca6c192a0cf43291bf25deae41ab884ad8566236c0c2c7bbb92b70e82daa,in_coimbatore,11.0168,76.9558,2026,2026-07-14,2026-07-20,168,2026-07-14,2026-07-20
/Users/vidura/Code/big-weather/data/regional-2020-2025/raw/weather/location_id=in_coimbatore/year=2026/weather-2026-07-21-2026-07-27.parquet,fc7057a4406df29c3e5b85ed9d8be00cd0712f10bd1725615704c666e8abaa43,51439,55ffa3091a2aa5c54ebeca87b2a5705cbfded6bcdc170d784c4f4ccf24dee2c8,in_coimbatore,11.0168,76.9558,2026,2026-07-21,2026-07-27,168,2026-07-21,2026-07-27
/Users/vidura/Code/big-weather/data/regional-2020-2025/raw/weather/location_id=in_coimbatore/year=2026/weather-2026-07-28-2026-08-03.parquet,de32312a63528539d64c9a0b5b29c96a193df8490e9012c23dda94c5224ca994,51297,44e3ae7ee1d68c6fc41305984ce5386c7101477c38636241fde137ab7af5e034,in_coimbatore,11.0168,76.9558,2026,2026-07-28,2026-08-03,168,2026-07-28,2026-08-03
/Users/vidura/Code/big-weather/data/regional-2020-2025/raw/weather/location_id=in_coimbatore/year=2026/weather-2026-08-04-2026-08-10.parquet,d465a87d42ff9262a30bf7e1c33a9257092dc5367b933fedf44b2997ca84ecf4,52233,34eb82dc17232c4564cb456cdc5dcf94e45dc266ba2768529451e62a8991b54a,in_coimbatore,11.0168,76.9558,2026,2026-08-04,2026-08-10,168,2026-08-04,2026-08-10
/Users/vidura/Code/big-weather/data/regional-2020-2025/raw/weather/location_id=in_coimbatore/year=2026/weather-2026-08-11-2026-08-17.parquet,f2d397c0db41d4faa4a17b55333347eb86051ac2b29880ad2270bbd1fa888309,51301,76bfddd45468c281d903416af09bcbc3abda8c69eaf15a136498314055f5ea56,in_coimbatore,11.0168,76.9558,2026,2026-08-11,2026-08-17,168,2026-08-11,2026-08-17
/Users/vidura/Code/big-weather/data/regional-2020-2025/raw/weather/location_id=in_coimbatore/year=2026/weather-2026-08-18-2026-08-24.parquet,c79f735e41411391cb8038030ffb38268654893e8136b750e77ac5bac7e711e3,51672,c727458aa3fc17267dfbf87bb4a5356603f12620d77b7b34a4cab3659dcefce2,in_coimbatore,11.0168,76.9558,2026,2026-08-18,2026-08-24,168,2026-08-18,2026-08-24
/Users/vidura/Code/big-weather/data/regional-2020-2025/raw/weather/location_id=in_coimbatore/year=2026/weather-2026-08-25-2026-08-31.parquet,6668b3403fb82f37757c2b11b670bc3f0e468495e08fe06ec8b620a517f2a842,52383,101661540513d0c5e84cc2e918a33462f4673ef6bb9fb4935bec61d569990f11,in_coimbatore,11.0168,76.9558,2026,2026-08-25,2026-08-31,168,2026-08-25,2026-08-31
/Users/vidura/Code/big-weather/data/regional-2020-2025/raw/weather/location_id=in_darjeeling/year=2026/weather-2026-04-28-2026-05-04.parquet,a92a97d2f796e539338990dba32568292833ca8a91137b47e6b736a63404a5aa,52735,d38b702c437b81c92186c0850d043a12810d1f4d5f6c4af4feb622ea11dbc01f,in_darjeeling,27.041,88.2663,2026,2026-04-28,2026-05-04,168,2026-04-28,2026-05-04
/Users/vidura/Code/big-weather/data/regional-2020-2025/raw/weather/location_id=in_darjeeling/year=2026/weather-2026-05-05-2026-05-11.parquet,77ada4a3ea0c2373be9ab0e781c442403cf0ed7033cb55e9b3ac063553ec0317,53993,19e4a44ec7dd45ce91d7cea1d563deece86ca5355b1058c11338af0b4c5e2f98,in_darjeeling,27.041,88.2663,2026,2026-05-05,2026-05-11,168,2026-05-05,2026-05-11
/Users/vidura/Code/big-weather/data/regional-2020-2025/raw/weather/location_id=in_darjeeling/year=2026/weather-2026-05-12-2026-05-18.parquet,3bf908db817185f3fc15b24a19f5dad980f278f5740c72a465922bea30cfe4eb,52451,ff08637f0860dd5b61c235e5dc5b20540ff943f01fe897f08a610b3076a965a7,in_darjeeling,27.041,88.2663,2026,2026-05-12,2026-05-18,168,2026-05-12,2026-05-18
/Users/vidura/Code/big-weather/data/regional-2020-2025/raw/weather/location_id=in_darjeeling/year=2026/weather-2026-05-19-2026-05-25.parquet,dbdb307c250d043bb8272a2dc57f784c22f4af9831d06669d1cde26ab9e33c60,52612,5f9d64fbd2cd6e21ea8e7e48baeab1f147d8d351f7214e6810fa7de202e720d9,in_darjeeling,27.041,88.2663,2026,2026-05-19,2026-05-25,168,2026-05-19,2026-05-25
/Users/vidura/Code/big-weather/data/regional-2020-2025/raw/weather/location_id=in_darjeeling/year=2026/weather-2026-05-26-2026-06-01.parquet,b930a713796bc607a493242f2ba98e0396fc1f927b5fd70a7fc6be0bcdd019f6,53797,58e1e82d4e73c5f27dba131cec00a67bfc794097f6e8b1f702f2491159509162,in_darjeeling,27.041,88.2663,2026,2026-05-26,2026-06-01,168,2026-05-26,2026-06-01
/Users/vidura/Code/big-weather/data/regional-2020-2025/raw/weather/location_id=in_darjeeling/year=2026/weather-2026-06-02-2026-06-08.parquet,e2cfce815b9b6485e77756fa54055f676f967bbe5eb166e58a0ac591e7803f3a,53191,aed516435b526d02e7cc4561a70b6e6a0a2356a0bbd5bbabab57313b9add0fbc,in_darjeeling,27.041,88.2663,2026,2026-06-02,2026-06-08,168,2026-06-02,2026-06-08
/Users/vidura/Code/big-weather/data/regional-2020-2025/raw/weather/location_id=in_darjeeling/year=2026/weather-2026-06-09-2026-06-15.parquet,e3989eeb85e863a94bd79b7347e26877719f0882db581670cbc6b2fb4731b41f,52540,f85008369c4d13fe3ecd1af3446f45075b953c36c3edc402c567978fe3eafe49,in_darjeeling,27.041,88.2663,2026,2026-06-09,2026-06-15,168,2026-06-09,2026-06-15
/Users/vidura/Code/big-weather/data/regional-2020-2025/raw/weather/location_id=in_darjeeling/year=2026/weather-2026-06-16-2026-06-22.parquet,e527dfb47fe1e34fb6d61dd2d471dbc04f32b80313a5fc6cc1b84ba39c1b2714,51968,f22777db303150537b35be2a46699737eb8e113e55e0ddc1e9e0325fbddedb68,in_darjeeling,27.041,88.2663,2026,2026-06-16,2026-06-22,168,2026-06-16,2026-06-22
/Users/vidura/Code/big-weather/data/regional-2020-2025/raw/weather/location_id=in_darjeeling/year=2026/weather-2026-06-23-2026-06-29.parquet,685f71aaf3f83286b7b9de6b9d175d94751a98238b7e6cbfb7b0374097b97736,52304,d84fdb7b994057e577f4e24981db5d0a04083a4339a2f9b5bb4d8b3a9d333dc5,in_darjeeling,27.041,88.2663,2026,2026-06-23,2026-06-29,168,2026-06-23,2026-06-29
/Users/vidura/Code/big-weather/data/regional-2020-2025/raw/weather/location_id=in_darjeeling/year=2026/weather-2026-06-30-2026-07-06.parquet,32908ed576d855a4b7e12f42e5bd6fa56520029f8183db695081ab2bf9b8b079,53213,6522a231463a86f56123e49c781d5c50fd8d36867be02f619ef99db1b4109bc8,in_darjeeling,27.041,88.2663,2026,2026-06-30,2026-07-06,168,2026-06-30,2026-07-06
/Users/vidura/Code/big-weather/data/regional-2020-2025/raw/weather/location_id=in_darjeeling/year=2026/weather-2026-07-07-2026-07-13.parquet,cdb83912d1c65b2df8c3b51c97bddba2e5a0a7bf261a317612f696cda9f24b3d,51057,5708f7f2b5b51c2eb939f0358398704aac69ed9f05e81a17630d0bd78d23d2a5,in_darjeeling,27.041,88.2663,2026,2026-07-07,2026-07-13,168,2026-07-07,2026-07-13
/Users/vidura/Code/big-weather/data/regional-2020-2025/raw/weather/location_id=in_darjeeling/year=2026/weather-2026-07-14-2026-07-20.parquet,b37a13eff539e18aa8717b5c766581f9d017928fecf2453935990356eaa592c0,51070,29e4af47fed099b13d3b4dfe2a6d8b4be4d237d492b8dc2a55edbc0e69f0d926,in_darjeeling,27.041,88.2663,2026,2026-07-14,2026-07-20,168,2026-07-14,2026-07-20
/Users/vidura/Code/big-weather/data/regional-2020-2025/raw/weather/location_id=in_darjeeling/year=2026/weather-2026-07-21-2026-07-27.parquet,fff4a463bc29c00a1b822f15b7079ad2064e897d02f3befca90f0245aa032540,52439,b7750351750a202d38fb3c8203ec4bb40574bb7c3bcb37d22225c7664e17ce8e,in_darjeeling,27.041,88.2663,2026,2026-07-21,2026-07-27,168,2026-07-21,2026-07-27
/Users/vidura/Code/big-weather/data/regional-2020-2025/raw/weather/location_id=in_darjeeling/year=2026/weather-2026-07-28-2026-08-03.parquet,8700444e2b645e3cd8683ef9db5ad6ab74502d0c0ced949a5bae648292574b61,51394,2bb89c0a0701e0892b906874d37910eb10ff4726d972b17c402d5ea39f2d5af6,in_darjeeling,27.041,88.2663,2026,2026-07-28,2026-08-03,168,2026-07-28,2026-08-03
/Users/vidura/Code/big-weather/data/regional-2020-2025/raw/weather/location_id=in_darjeeling/year=2026/weather-2026-08-04-2026-08-10.parquet,c8ccbaa59a492a336554a7d1e7919ffdc921ba6caaf95a7e2426f187b6eb5965,52636,f5a32388bae3663cabded2d34585ad6b2e11718cb396db5e1ec23f1c96761f0c,in_darjeeling,27.041,88.2663,2026,2026-08-04,2026-08-10,168,2026-08-04,2026-08-10
/Users/vidura/Code/big-weather/data/regional-2020-2025/raw/weather/location_id=in_darjeeling/year=2026/weather-2026-08-11-2026-08-17.parquet,5d25c86c762efcb8fab98b1ed58ecf74a53a5a1a2f840d5dce62e6f96e160548,52234,53d261c25e5687616b7afd680bdd152bed87e24ef43870207df2c6066b8199fe,in_darjeeling,27.041,88.2663,2026,2026-08-11,2026-08-17,168,2026-08-11,2026-08-17
/Users/vidura/Code/big-weather/data/regional-2020-2025/raw/weather/location_id=in_darjeeling/year=2026/weather-2026-08-18-2026-08-24.parquet,61d02b29a645b79240e5f31716923462d359ff013adcf9184be86a6e30327b8d,51763,e98617b76bcef4614c22f8a634560f4de3dea2fd6c0edaf9f5aa5e5d7e946f11,in_darjeeling,27.041,88.2663,2026,2026-08-18,2026-08-24,168,2026-08-18,2026-08-24
/Users/vidura/Code/big-weather/data/regional-2020-2025/raw/weather/location_id=in_darjeeling/year=2026/weather-2026-08-25-2026-08-31.parquet,83092c4ad0d176ff10ff6e851dc53e3449972409809a34b17ebd12ac76625cb9,51733,feb201c5f8b9f3e35fdcb422be02e2cd22b099b36369ae43e9386e2f0a5ac398,in_darjeeling,27.041,88.2663,2026,2026-08-25,2026-08-31,168,2026-08-25,2026-08-31
/Users/vidura/Code/big-weather/data/regional-2020-2025/raw/weather/location_id=in_doddabetta/year=2026/weather-2026-04-28-2026-05-04.parquet,294a4f8cdbf7041a88665922f9f4a5a96d48ff9981b39a12315ebea205f3cf2c,52797,bbb264722c387e88c6b3f1d295390ba834d180c16bb31b0a1330b9f5ff8c051b,in_doddabetta,11.4016,76.7358,2026,2026-04-28,2026-05-04,168,2026-04-28,2026-05-04
/Users/vidura/Code/big-weather/data/regional-2020-2025/raw/weather/location_id=in_doddabetta/year=2026/weather-2026-05-05-2026-05-11.parquet,6773d50a39b4c8f9485d2c9c626d3cd7a2f390d6b8d2c4585fbf6788d38ae501,53350,78914a9a300b1f54e6d15b66d0fe1d4a742b3edaec96fcb0485abbd2bb28e2bb,in_doddabetta,11.4016,76.7358,2026,2026-05-05,2026-05-11,168,2026-05-05,2026-05-11
/Users/vidura/Code/big-weather/data/regional-2020-2025/raw/weather/location_id=in_doddabetta/year=2026/weather-2026-05-12-2026-05-18.parquet,4dfaa61682319a13acec72d9a2a19e73d78a5727c204e284bb37411a3cb77562,53476,563accb4e0bed4350070edb059f87414fe4bbf4063152844cf6fac0289e03d89,in_doddabetta,11.4016,76.7358,2026,2026-05-12,2026-05-18,168,2026-05-12,2026-05-18
/Users/vidura/Code/big-weather/data/regional-2020-2025/raw/weather/location_id=in_doddabetta/year=2026/weather-2026-05-19-2026-05-25.parquet,60788611acc607bcedf08f3c1a68217b588632441cec9d6162b2ac638ae24c93,52396,0edc413dde8055c8bd843e5e0211c22118c8ba596304677320126dccb3ba92d0,in_doddabetta,11.4016,76.7358,2026,2026-05-19,2026-05-25,168,2026-05-19,2026-05-25
/Users/vidura/Code/big-weather/data/regional-2020-2025/raw/weather/location_id=in_doddabetta/year=2026/weather-2026-05-26-2026-06-01.parquet,dd739d9e673e665e631e6a77db4fde8d5a2a770fffaef9893e3f4872d3602d71,52617,7e08674bf7f900369e057545bd6c28373f09c2a31f5cfa34a2d68931ae8a38a4,in_doddabetta,11.4016,76.7358,2026,2026-05-26,2026-06-01,168,2026-05-26,2026-06-01
/Users/vidura/Code/big-weather/data/regional-2020-2025/raw/weather/location_id=in_doddabetta/year=2026/weather-2026-06-02-2026-06-08.parquet,3e75ab3180acf94a75ce646f0f555b274e8901b3e0354eec3976bdf11b9fbe5a,52523,cfbcea4a425391cd31b20816d75664ec2401a147be465b2438631c1d969b8929,in_doddabetta,11.4016,76.7358,2026,2026-06-02,2026-06-08,168,2026-06-02,2026-06-08
/Users/vidura/Code/big-weather/data/regional-2020-2025/raw/weather/location_id=in_doddabetta/year=2026/weather-2026-06-09-2026-06-15.parquet,d326cc61ac6be3d1a6cd31e4b869a0d2fdd99be2331e44b49183cd3d9f297d14,52197,6a58658d07dde5fd79528e8c7928a0bae4d0b9fde0853a40cea5ee9ddcceb016,in_doddabetta,11.4016,76.7358,2026,2026-06-09,2026-06-15,168,2026-06-09,2026-06-15
/Users/vidura/Code/big-weather/data/regional-2020-2025/raw/weather/location_id=in_doddabetta/year=2026/weather-2026-06-16-2026-06-22.parquet,da25085b8350625fe6bc8a5cedb26c3db295bf2f4a167a2d865124bc58629b39,52759,59e20b4b1cc41888fb1d775b4dd4debd5b6e3d8087721326793583fd24cf8e86,in_doddabetta,11.4016,76.7358,2026,2026-06-16,2026-06-22,168,2026-06-16,2026-06-22
/Users/vidura/Code/big-weather/data/regional-2020-2025/raw/weather/location_id=in_doddabetta/year=2026/weather-2026-06-23-2026-06-29.parquet,f09abba175b24fb6da596e43d1adeb9173f3916c9d1ff4c71ea0c03eb4413522,51727,e27c55155b874c711e4b5a2c2d6d6bd7c47554d0a0b95af8ca86039ddd493b20,in_doddabetta,11.4016,76.7358,2026,2026-06-23,2026-06-29,168,2026-06-23,2026-06-29
/Users/vidura/Code/big-weather/data/regional-2020-2025/raw/weather/location_id=in_doddabetta/year=2026/weather-2026-06-30-2026-07-06.parquet,f7b706bb325b2a46b3aa80029a4dfa4bbda316b5b21a95588f3c0f0eb48f72e9,50996,7a316df99deeab9ef73b57556583be2c62171a5a0895a64321a63aef13dcd3be,in_doddabetta,11.4016,76.7358,2026,2026-06-30,2026-07-06,168,2026-06-30,2026-07-06
/Users/vidura/Code/big-weather/data/regional-2020-2025/raw/weather/location_id=in_doddabetta/year=2026/weather-2026-07-07-2026-07-13.parquet,20f4c665b2a23031ef5220e743ae7667359444375672135ddf1c608e7a4af3ed,51943,bcc57f80c25bf6a219e014ece4dfade5e883fdea2a6bef6a5fd90c04cfacbe3c,in_doddabetta,11.4016,76.7358,2026,2026-07-07,2026-07-13,168,2026-07-07,2026-07-13
/Users/vidura/Code/big-weather/data/regional-2020-2025/raw/weather/location_id=in_doddabetta/year=2026/weather-2026-07-14-2026-07-20.parquet,c67f2ddf14c580bf5b35c95cdba44dcc374bd1dc67b9626f4183dd7e1824ff7d,51777,5dc37eeddc68e209e219f5ad5ae87e61e755f491226fa6fd4e5d67e467cd178a,in_doddabetta,11.4016,76.7358,2026,2026-07-14,2026-07-20,168,2026-07-14,2026-07-20
/Users/vidura/Code/big-weather/data/regional-2020-2025/raw/weather/location_id=in_doddabetta/year=2026/weather-2026-07-21-2026-07-27.parquet,21fe617d0abb340bc3d898d4f6e479469ac80e90e96db0334b97cd831443d3d5,51215,b9c93b19c51f6f85fc32e8d77b66485d2dacf41af13cb71dd848c82d138889b6,in_doddabetta,11.4016,76.7358,2026,2026-07-21,2026-07-27,168,2026-07-21,2026-07-27
/Users/vidura/Code/big-weather/data/regional-2020-2025/raw/weather/location_id=in_doddabetta/year=2026/weather-2026-07-28-2026-08-03.parquet,e819232616c78392254bef09a1d36620dab03d19e064245e78296055a206b76e,51365,c6f49e04327f8b5bd63b0d3879ca06ee34d9a74b8d01c3d267b3cdddc0b32949,in_doddabetta,11.4016,76.7358,2026,2026-07-28,2026-08-03,168,2026-07-28,2026-08-03
/Users/vidura/Code/big-weather/data/regional-2020-2025/raw/weather/location_id=in_doddabetta/year=2026/weather-2026-08-04-2026-08-10.parquet,4758c8b9740f6897217ed773d21d9243d5c7f1edab07782395081f00b3c0675f,51380,f3b18cee83b45298e471243796aa9eb35495ed6f05db242453e37d1643be0d42,in_doddabetta,11.4016,76.7358,2026,2026-08-04,2026-08-10,168,2026-08-04,2026-08-10
/Users/vidura/Code/big-weather/data/regional-2020-2025/raw/weather/location_id=in_doddabetta/year=2026/weather-2026-08-11-2026-08-17.parquet,d7caf2a4fe48e391cdbd654cf465fd2afc7d565655522969b290caaa90555abb,51064,bb34129d6768a57ad67abcf028a8b54e7df3036701d4ce859c21e667aea06a04,in_doddabetta,11.4016,76.7358,2026,2026-08-11,2026-08-17,168,2026-08-11,2026-08-17
/Users/vidura/Code/big-weather/data/regional-2020-2025/raw/weather/location_id=in_doddabetta/year=2026/weather-2026-08-18-2026-08-24.parquet,1fb4587c0df0b1e8fe0bfeb8b80d5a5965bda100f836c4bf758678093ce58fb5,51357,e41278b6146ab26c9ac8f76efc07484230ee7f7d4be8a910c1b40513f2d40e0e,in_doddabetta,11.4016,76.7358,2026,2026-08-18,2026-08-24,168,2026-08-18,2026-08-24
/Users/vidura/Code/big-weather/data/regional-2020-2025/raw/weather/location_id=in_doddabetta/year=2026/weather-2026-08-25-2026-08-31.parquet,b05d6dc084eda72a855654c6e41e71424c39fbb40860d1df60c00bb4ae86159c,52036,b12ad48118b5eb3da241c690fadf741944fa892c7cadedd936fa3fea7238d29d,in_doddabetta,11.4016,76.7358,2026,2026-08-25,2026-08-31,168,2026-08-25,2026-08-31
/Users/vidura/Code/big-weather/data/regional-2020-2025/raw/weather/location_id=in_gangtok/year=2026/weather-2026-04-28-2026-05-04.parquet,30be6d147d2065256dd13ca05a573da8fd5c461fb5c78cacd950bfa8875cbeb1,53061,a1fcd60e0bee28432ab79d7e048536808ddf4249a2c783b4cce5c11e6e6a90db,in_gangtok,27.3389,88.6065,2026,2026-04-28,2026-05-04,168,2026-04-28,2026-05-04
/Users/vidura/Code/big-weather/data/regional-2020-2025/raw/weather/location_id=in_gangtok/year=2026/weather-2026-05-05-2026-05-11.parquet,6d3215a135d5c20761629b81fa84ca87609f340d36fb72870fadcfd37b1f10c0,53998,d58362e0388fbb983a41a2ada9311c0b0b8a11fe31a5bbcd04f34df5057fcbd3,in_gangtok,27.3389,88.6065,2026,2026-05-05,2026-05-11,168,2026-05-05,2026-05-11
/Users/vidura/Code/big-weather/data/regional-2020-2025/raw/weather/location_id=in_gangtok/year=2026/weather-2026-05-12-2026-05-18.parquet,cee9e91120e6950f64767604f7ceebba77446779225a05fd94a0fedad6c3cf19,52847,dc7b1f445d011293155cbdfa4bfd0ec65d29ad72c38a71f8dd54a40eb6446f1b,in_gangtok,27.3389,88.6065,2026,2026-05-12,2026-05-18,168,2026-05-12,2026-05-18
/Users/vidura/Code/big-weather/data/regional-2020-2025/raw/weather/location_id=in_gangtok/year=2026/weather-2026-05-19-2026-05-25.parquet,840fdd36b2003dccfc2c1f251b9a5a29f839cfaddb93ff4f8565234e817a52b6,53074,27fda0dd2eb98ebdde572ce119ad02b7b2c329fe424a5cba8373b55531dac954,in_gangtok,27.3389,88.6065,2026,2026-05-19,2026-05-25,168,2026-05-19,2026-05-25
/Users/vidura/Code/big-weather/data/regional-2020-2025/raw/weather/location_id=in_gangtok/year=2026/weather-2026-05-26-2026-06-01.parquet,5dc83e1aecd2e8a22847fa2c3d62e5642d29ef2f43ee00cab39a6ace422d0277,53563,edca4da2b3df148c6938054f5cf443aec05be99fb3db38f9d3b30dbdc6fc1a5f,in_gangtok,27.3389,88.6065,2026,2026-05-26,2026-06-01,168,2026-05-26,2026-06-01
/Users/vidura/Code/big-weather/data/regional-2020-2025/raw/weather/location_id=in_gangtok/year=2026/weather-2026-06-02-2026-06-08.parquet,9074830798afe854e52da17be9db7080c7fcf33439d8868cf3dbb12f7fd1e654,53058,24dacfef74588c71baca2684e9d9e1b44af068cf996808865f91f9f82fb5d623,in_gangtok,27.3389,88.6065,2026,2026-06-02,2026-06-08,168,2026-06-02,2026-06-08
/Users/vidura/Code/big-weather/data/regional-2020-2025/raw/weather/location_id=in_gangtok/year=2026/weather-2026-06-09-2026-06-15.parquet,6dd214b566690637de78ade68144fdb8c95cdd208198c46394733dac07a41357,53164,a73d5d5ee618b7a9c6180b2590887e407a0b8d2ec8496220d9b67b13670cd433,in_gangtok,27.3389,88.6065,2026,2026-06-09,2026-06-15,168,2026-06-09,2026-06-15
/Users/vidura/Code/big-weather/data/regional-2020-2025/raw/weather/location_id=in_gangtok/year=2026/weather-2026-06-16-2026-06-22.parquet,746a5bd42c879ad3f0a919f0410e8374a4a926c6b70c5a9a3ec4272097a0988d,52601,2b696702e11027b16ca4c046e5de6b4bafa778882d2f11a2575346e3a90906b9,in_gangtok,27.3389,88.6065,2026,2026-06-16,2026-06-22,168,2026-06-16,2026-06-22
/Users/vidura/Code/big-weather/data/regional-2020-2025/raw/weather/location_id=in_gangtok/year=2026/weather-2026-06-23-2026-06-29.parquet,76403b3f89e3c719543b0e475dc6a1dce7a5f83339bb4a5c2b98eaf426854e1e,52695,cf9b9391549bd12be9d7dd1976d1920e7fe1a3f17fd5b31fcb6108442391e87f,in_gangtok,27.3389,88.6065,2026,2026-06-23,2026-06-29,168,2026-06-23,2026-06-29
/Users/vidura/Code/big-weather/data/regional-2020-2025/raw/weather/location_id=in_gangtok/year=2026/weather-2026-06-30-2026-07-06.parquet,bd5e47b318c9797b75dca0165b6cc08c2a09ceae462d8161e3852df7124d375d,52988,df1040bad485431db4cd3300ab78d09ca504fff0aa706d88215a53d7837d9039,in_gangtok,27.3389,88.6065,2026,2026-06-30,2026-07-06,168,2026-06-30,2026-07-06
/Users/vidura/Code/big-weather/data/regional-2020-2025/raw/weather/location_id=in_gangtok/year=2026/weather-2026-07-07-2026-07-13.parquet,db0bbff060c40977a8ea722391ce5fb58a64712f47238a2c6ea62eed133e125e,50849,c6dd283704c646b0a15a89687666a1ce53ecfd946ee010ebd14ffdc0cefd4988,in_gangtok,27.3389,88.6065,2026,2026-07-07,2026-07-13,168,2026-07-07,2026-07-13
/Users/vidura/Code/big-weather/data/regional-2020-2025/raw/weather/location_id=in_gangtok/year=2026/weather-2026-07-14-2026-07-20.parquet,8566476ea19e0faffd61811f4da8b0696a6ba3e6a5027de999b28d4189188247,51306,2743f2d50481007a6488c3fd19c8331afd05acae2f739845d88173923c858657,in_gangtok,27.3389,88.6065,2026,2026-07-14,2026-07-20,168,2026-07-14,2026-07-20
/Users/vidura/Code/big-weather/data/regional-2020-2025/raw/weather/location_id=in_gangtok/year=2026/weather-2026-07-21-2026-07-27.parquet,22da51b9294f040f3cc8cc20d4f482d0884212439a52cd15fdc4670883d7f714,52742,efa7860b16894863934954c954ad991a6ce766779fd0e1b7c37a878b986c8cd3,in_gangtok,27.3389,88.6065,2026,2026-07-21,2026-07-27,168,2026-07-21,2026-07-27
/Users/vidura/Code/big-weather/data/regional-2020-2025/raw/weather/location_id=in_gangtok/year=2026/weather-2026-07-28-2026-08-03.parquet,e8383dd55007586831d92abf8b1695e032c00bdda28e3a1a43ad65a20028a902,51414,e2485a942522237a8ef0e0c7ad823a894c83a208a9fc3a419a26b92862208dfd,in_gangtok,27.3389,88.6065,2026,2026-07-28,2026-08-03,168,2026-07-28,2026-08-03
/Users/vidura/Code/big-weather/data/regional-2020-2025/raw/weather/location_id=in_gangtok/year=2026/weather-2026-08-04-2026-08-10.parquet,c96380712e93b7c0c149c0ab5bd940a30f7f55b241063c2f1e3f16909256d176,52930,5dc699fe908ea90b29a7bd0200845151085b82f569ca88918baec6c3a26971ce,in_gangtok,27.3389,88.6065,2026,2026-08-04,2026-08-10,168,2026-08-04,2026-08-10
/Users/vidura/Code/big-weather/data/regional-2020-2025/raw/weather/location_id=in_gangtok/year=2026/weather-2026-08-11-2026-08-17.parquet,f1268a2ae56978f0d478e0cfd37dc5d4b86b2bd533ec4b08fd65358a6c856ad3,52809,6666bb81584e8fbbdeab631a29395b57a5c1a0d3a9cd9f849b7a771de2131c05,in_gangtok,27.3389,88.6065,2026,2026-08-11,2026-08-17,168,2026-08-11,2026-08-17
/Users/vidura/Code/big-weather/data/regional-2020-2025/raw/weather/location_id=in_gangtok/year=2026/weather-2026-08-18-2026-08-24.parquet,2449d2e92e4e1552d9517ac4b1a32bb188288d863a4e36c9dec638135361ee62,51992,9d6c49ed8a3591492e11826989993a0d64f4c731cc844a017a9a1e343e4b09d7,in_gangtok,27.3389,88.6065,2026,2026-08-18,2026-08-24,168,2026-08-18,2026-08-24
/Users/vidura/Code/big-weather/data/regional-2020-2025/raw/weather/location_id=in_gangtok/year=2026/weather-2026-08-25-2026-08-31.parquet,52eb652ff127962dffec2976d4064088ab9a7d5744add5ea93927375f594e4b8,52139,879f17354fabf788370c6270cdfb6388a91ee249f225794728b79cb83236ecac,in_gangtok,27.3389,88.6065,2026,2026-08-25,2026-08-31,168,2026-08-25,2026-08-31
/Users/vidura/Code/big-weather/data/regional-2020-2025/raw/weather/location_id=in_kanyakumari/year=2026/weather-2026-04-28-2026-05-04.parquet,245858c960678e0ed1ccc6062d9804bb5ef27e297a4c65455ee3645424781523,51736,07992607a389668fc684f3eb761ad9500bb5b2e5b1c6994674beaab1b2ff5ae9,in_kanyakumari,8.0883,77.5385,2026,2026-04-28,2026-05-04,168,2026-04-28,2026-05-04
/Users/vidura/Code/big-weather/data/regional-2020-2025/raw/weather/location_id=in_kanyakumari/year=2026/weather-2026-05-05-2026-05-11.parquet,97b76240066e47a82354bf4b00cf120cfe6bb17fced57654c94e314de8cedfc7,53044,d75104a7f92257068b3b7932ff7d795abd38922cb0d4b1469b003b6d34281fbd,in_kanyakumari,8.0883,77.5385,2026,2026-05-05,2026-05-11,168,2026-05-05,2026-05-11
/Users/vidura/Code/big-weather/data/regional-2020-2025/raw/weather/location_id=in_kanyakumari/year=2026/weather-2026-05-12-2026-05-18.parquet,0e8561d0754033cbdd3d4beeb5a68bca92e2f16f4d06f405bb39320139da432a,51566,4363d7aae346508f1f1850338e42a3b321ed5801753327b66b4537e5e233e93e,in_kanyakumari,8.0883,77.5385,2026,2026-05-12,2026-05-18,168,2026-05-12,2026-05-18
/Users/vidura/Code/big-weather/data/regional-2020-2025/raw/weather/location_id=in_kanyakumari/year=2026/weather-2026-05-19-2026-05-25.parquet,1a0c5aefa04d46b486ea28ee1304db7cd7c0145cb15f9a9245532d0fbfbfe458,51322,1cd83ffbd2dbd60fa5698344ea2ceaa7dbc222c32412b187b5a490c435b92407,in_kanyakumari,8.0883,77.5385,2026,2026-05-19,2026-05-25,168,2026-05-19,2026-05-25
/Users/vidura/Code/big-weather/data/regional-2020-2025/raw/weather/location_id=in_kanyakumari/year=2026/weather-2026-05-26-2026-06-01.parquet,aa3618d4f401c3d1fb8a28ced8b57b15a376e19d7205396b637ed6c5de308816,50880,9fd7f5e76f8a16443dd5544071d1bada79970ccfe8dad216f106157e56f9d302,in_kanyakumari,8.0883,77.5385,2026,2026-05-26,2026-06-01,168,2026-05-26,2026-06-01
/Users/vidura/Code/big-weather/data/regional-2020-2025/raw/weather/location_id=in_kanyakumari/year=2026/weather-2026-06-02-2026-06-08.parquet,e459b09b30ffd7b3b8330c6a9f70d30aad27f2ff4f865dcf663710ab2f125a99,51857,60ed4f2f868a50cf33210804478d78cf2c9d8b5f256e9b56c2802226e2eac0e4,in_kanyakumari,8.0883,77.5385,2026,2026-06-02,2026-06-08,168,2026-06-02,2026-06-08
/Users/vidura/Code/big-weather/data/regional-2020-2025/raw/weather/location_id=in_kanyakumari/year=2026/weather-2026-06-09-2026-06-15.parquet,a98e01e1ae4056493b798ef85584bd41eb7e7a9381e2cddd6b14b73fe1530522,51755,e316fed155f7324e95b18241ac5879b81c1e255a6213a2b09e794b8f56ceae28,in_kanyakumari,8.0883,77.5385,2026,2026-06-09,2026-06-15,168,2026-06-09,2026-06-15
/Users/vidura/Code/big-weather/data/regional-2020-2025/raw/weather/location_id=in_kanyakumari/year=2026/weather-2026-06-16-2026-06-22.parquet,238bef3bce7bd6f717067caaf30739c9b24797a26bb76415ff88d8909ed3d93b,51312,3eb30fd641c1118aed8f585c51e1e3f05542e24fd1563db097afc83e3e26eb5e,in_kanyakumari,8.0883,77.5385,2026,2026-06-16,2026-06-22,168,2026-06-16,2026-06-22
/Users/vidura/Code/big-weather/data/regional-2020-2025/raw/weather/location_id=in_kanyakumari/year=2026/weather-2026-06-23-2026-06-29.parquet,70b61a83cc8f87fd8042a21d0c4efc14e71b71ab9bae309b0631c190cfa4342d,51145,3e34788caafcd4f835922bcdbe89342feed645d8e1ee9e286863f225d0793808,in_kanyakumari,8.0883,77.5385,2026,2026-06-23,2026-06-29,168,2026-06-23,2026-06-29
/Users/vidura/Code/big-weather/data/regional-2020-2025/raw/weather/location_id=in_kanyakumari/year=2026/weather-2026-06-30-2026-07-06.parquet,20e5775c2990a2fa155e9839523dd2dd7bf5cf3e5a35ab100b54ec88b9460fbb,51371,64e47b0e9d7e18c5a900c9c3c2b951147072cf4eb3bdafe59d6334c8b091ff70,in_kanyakumari,8.0883,77.5385,2026,2026-06-30,2026-07-06,168,2026-06-30,2026-07-06
/Users/vidura/Code/big-weather/data/regional-2020-2025/raw/weather/location_id=in_kanyakumari/year=2026/weather-2026-07-07-2026-07-13.parquet,4f013c6d075a5434557428ea5f4ad1ede38fadd83e062f6deeae392c11e8409c,50635,b18eea6b575165672d046776e11c7f4e9f9b71661edf3d8c96f2ca922c7beafc,in_kanyakumari,8.0883,77.5385,2026,2026-07-07,2026-07-13,168,2026-07-07,2026-07-13
/Users/vidura/Code/big-weather/data/regional-2020-2025/raw/weather/location_id=in_kanyakumari/year=2026/weather-2026-07-14-2026-07-20.parquet,a1ce4e9f23ae48ed1ded060739cd9bc0606e5ab7bd5c37c1e7795f065bb52437,50211,ecf9391338734106b1e7aaaf59b3ee641c53634b61fe647d654c02c854094f99,in_kanyakumari,8.0883,77.5385,2026,2026-07-14,2026-07-20,168,2026-07-14,2026-07-20
/Users/vidura/Code/big-weather/data/regional-2020-2025/raw/weather/location_id=in_kanyakumari/year=2026/weather-2026-07-21-2026-07-27.parquet,29d195d14ad8bdd918d917010e95c8208f3236dbc74a58a0a1e40a2191ab3913,50578,be3e90535e065a1d67404fef8d9abd2b4b0e6966902bcd4800467e0cee7c0999,in_kanyakumari,8.0883,77.5385,2026,2026-07-21,2026-07-27,168,2026-07-21,2026-07-27
/Users/vidura/Code/big-weather/data/regional-2020-2025/raw/weather/location_id=in_kanyakumari/year=2026/weather-2026-07-28-2026-08-03.parquet,12fc61c2f2c8750cf61987d81b6a71260d5d0a7fb8b771a728f597dc360d08a6,51195,c7017c3f509dafc97e9b5ba8b468506685ee022832eb40a9832c04815937cd3f,in_kanyakumari,8.0883,77.5385,2026,2026-07-28,2026-08-03,168,2026-07-28,2026-08-03
/Users/vidura/Code/big-weather/data/regional-2020-2025/raw/weather/location_id=in_kanyakumari/year=2026/weather-2026-08-04-2026-08-10.parquet,f77fecb356ef65c1216a38015cd7eebaa6aa8353d3fa498cfbbee1f0c0d747c3,50995,0af4d51f1d2d9ac80268ccb9454919bb66b5b358e39799ffebf90f35c6ffa731,in_kanyakumari,8.0883,77.5385,2026,2026-08-04,2026-08-10,168,2026-08-04,2026-08-10
/Users/vidura/Code/big-weather/data/regional-2020-2025/raw/weather/location_id=in_kanyakumari/year=2026/weather-2026-08-11-2026-08-17.parquet,56dd1f6668258616a2f90b03670f84859f2fa4edc6983efa2ef6459ba707bde8,50508,d92042bdbb0a31ab539d9551be736e08006b553f8e90b73ac29464e12b1c08d1,in_kanyakumari,8.0883,77.5385,2026,2026-08-11,2026-08-17,168,2026-08-11,2026-08-17
/Users/vidura/Code/big-weather/data/regional-2020-2025/raw/weather/location_id=in_kanyakumari/year=2026/weather-2026-08-18-2026-08-24.parquet,ae87deccc0c580d5e866fa26b853f49dd058dc86c164725c84a42b975782a655,50333,a5e010b7996ba8f0bc9118a585c244bfb54718fc231f834091498ba31ff5c364,in_kanyakumari,8.0883,77.5385,2026,2026-08-18,2026-08-24,168,2026-08-18,2026-08-24
/Users/vidura/Code/big-weather/data/regional-2020-2025/raw/weather/location_id=in_kanyakumari/year=2026/weather-2026-08-25-2026-08-31.parquet,87c21f7c83d25e5a29f07f21512d974df8ab6b194464bde2de86a9b94e3f0483,50770,d345c78c6e7c2aaf33333a39ac6c2bfe0a3fc729542699bd271a30b7c30dc420,in_kanyakumari,8.0883,77.5385,2026,2026-08-25,2026-08-31,168,2026-08-25,2026-08-31
/Users/vidura/Code/big-weather/data/regional-2020-2025/raw/weather/location_id=in_kochi/year=2026/weather-2026-04-28-2026-05-04.parquet,90d71f995d82b092d2b63cad006f104a86f0807a183dab74d22428285fd819f7,53330,d480218828b11f5e950b46bf174b20e2ba2328ab5bef86d24c12ab6db12f5ff2,in_kochi,9.9312,76.2673,2026,2026-04-28,2026-05-04,168,2026-04-28,2026-05-04
/Users/vidura/Code/big-weather/data/regional-2020-2025/raw/weather/location_id=in_kochi/year=2026/weather-2026-05-05-2026-05-11.parquet,f26cb5d4ff655efacec24b4129a6051cafb1a56b398c29d62e930a416e95c655,53042,57950d1efd7338aa5f135bb503b4c853c7ae1f168347b2709d54e83694b5c2d9,in_kochi,9.9312,76.2673,2026,2026-05-05,2026-05-11,168,2026-05-05,2026-05-11
/Users/vidura/Code/big-weather/data/regional-2020-2025/raw/weather/location_id=in_kochi/year=2026/weather-2026-05-12-2026-05-18.parquet,3622a55a0602fe5853b8e8a9299282708fb6e7cc441e4921436fdbecda072b51,53527,5e0f8faafd4c60d60c27e9df30859f851140a645a9de45d0f46461c696e8c182,in_kochi,9.9312,76.2673,2026,2026-05-12,2026-05-18,168,2026-05-12,2026-05-18
/Users/vidura/Code/big-weather/data/regional-2020-2025/raw/weather/location_id=in_kochi/year=2026/weather-2026-05-19-2026-05-25.parquet,947f795d384373781ab7800d9938af0559f6c9ac48152d6e58443590c7b75105,52947,565d40f89b479547d3976ecc15272c829454a74d418700461ae10d0e80c48ef9,in_kochi,9.9312,76.2673,2026,2026-05-19,2026-05-25,168,2026-05-19,2026-05-25
/Users/vidura/Code/big-weather/data/regional-2020-2025/raw/weather/location_id=in_kochi/year=2026/weather-2026-05-26-2026-06-01.parquet,40b6bf670e6084d787e73935154ba85822c004881fed7102025221cca73a1496,52188,de39a6761aef710e099fc6677a02309d89f60737cafa6217a035125315d6f652,in_kochi,9.9312,76.2673,2026,2026-05-26,2026-06-01,168,2026-05-26,2026-06-01
/Users/vidura/Code/big-weather/data/regional-2020-2025/raw/weather/location_id=in_kochi/year=2026/weather-2026-06-02-2026-06-08.parquet,ebdbce11e1931267a6bf4b5251fcc1df158b0082022509c4a91cce0119c3921a,52326,7fd52e3d3e8854b5ceaffc6897528a28a39cb533a0cf8922a15af488016e69e1,in_kochi,9.9312,76.2673,2026,2026-06-02,2026-06-08,168,2026-06-02,2026-06-08
/Users/vidura/Code/big-weather/data/regional-2020-2025/raw/weather/location_id=in_kochi/year=2026/weather-2026-06-09-2026-06-15.parquet,393b0310653f0f00f6e5bcf3b7b4ebc2b9bd92e78bf1681b9032b99256e8ee3f,52445,d2a898fc4f49105d988462cfafbf37c7fc824815e15f92246efc0cf567288c43,in_kochi,9.9312,76.2673,2026,2026-06-09,2026-06-15,168,2026-06-09,2026-06-15
/Users/vidura/Code/big-weather/data/regional-2020-2025/raw/weather/location_id=in_kochi/year=2026/weather-2026-06-16-2026-06-22.parquet,588b9fcf6b8e314d35abc56273e846a1c3493bd2e3565ba4d79056827befa3ee,52665,42bef9de359882612ea8b3bfe9be40f5d5a38294fdc8c4122240ed12c8b4c8f4,in_kochi,9.9312,76.2673,2026,2026-06-16,2026-06-22,168,2026-06-16,2026-06-22
/Users/vidura/Code/big-weather/data/regional-2020-2025/raw/weather/location_id=in_kochi/year=2026/weather-2026-06-23-2026-06-29.parquet,04e4eaba6f11942ef78816f9e9a4b6e27561773026d75e900f772b1d67de9ec6,52222,b13227e71177e732798daffbd29cff02dd7081b9ced36e19c6434912ef1d9308,in_kochi,9.9312,76.2673,2026,2026-06-23,2026-06-29,168,2026-06-23,2026-06-29
/Users/vidura/Code/big-weather/data/regional-2020-2025/raw/weather/location_id=in_kochi/year=2026/weather-2026-06-30-2026-07-06.parquet,b291f24318af607b2d3277356d59354bf1738e1d9d7301332b3513c717b04cbe,52511,718ac4cd17ae26e57ee5342e24a00661e180557bbb771edd0f14cfdbe542006b,in_kochi,9.9312,76.2673,2026,2026-06-30,2026-07-06,168,2026-06-30,2026-07-06
/Users/vidura/Code/big-weather/data/regional-2020-2025/raw/weather/location_id=in_kochi/year=2026/weather-2026-07-07-2026-07-13.parquet,9756dde82f9d93adfb1759974a98828577069801a635100f0ec76907fa3ae6d7,52582,7ffeda356fe9f934a2d7976edad3347e0fdf0c0ad82ab9180fff3e5e58c9ba70,in_kochi,9.9312,76.2673,2026,2026-07-07,2026-07-13,168,2026-07-07,2026-07-13
/Users/vidura/Code/big-weather/data/regional-2020-2025/raw/weather/location_id=in_kochi/year=2026/weather-2026-07-14-2026-07-20.parquet,1326621f90de39877650a77e894c028bf515c914c1ed49ff7a1a38d50e269b92,52201,0855faf811bfb139ef0dd1855f1088b7b2e6cb03ea39fc331254886994ea702f,in_kochi,9.9312,76.2673,2026,2026-07-14,2026-07-20,168,2026-07-14,2026-07-20
/Users/vidura/Code/big-weather/data/regional-2020-2025/raw/weather/location_id=in_kochi/year=2026/weather-2026-07-21-2026-07-27.parquet,38916a5d95d5a6c2e5a6971471d5f8d4cc4fddbefc861b6e42eee4d98b2cb18f,51959,df4f7a2b73ce08361715310aad8c393aa0b429fe3c128523a6b3fb9e7cca5bad,in_kochi,9.9312,76.2673,2026,2026-07-21,2026-07-27,168,2026-07-21,2026-07-27
/Users/vidura/Code/big-weather/data/regional-2020-2025/raw/weather/location_id=in_kochi/year=2026/weather-2026-07-28-2026-08-03.parquet,36a53a5c2a1ed16bfe53c64f24015178dc44b70e1a3c0fae6147ae590bb97828,51962,7d645b8cc85f74d6ea00f61aa88a83b4c753f327c0dab747ab8da070a1882cdd,in_kochi,9.9312,76.2673,2026,2026-07-28,2026-08-03,168,2026-07-28,2026-08-03
/Users/vidura/Code/big-weather/data/regional-2020-2025/raw/weather/location_id=in_kochi/year=2026/weather-2026-08-04-2026-08-10.parquet,939278c72a33120b2f11ca931dbedea6f0c589bc1de0acf8694bebd23d9b455d,51840,4037f576b30f72a29f5240effaee831f8875954d3104fad8e52672b4ce36aef1,in_kochi,9.9312,76.2673,2026,2026-08-04,2026-08-10,168,2026-08-04,2026-08-10
/Users/vidura/Code/big-weather/data/regional-2020-2025/raw/weather/location_id=in_kochi/year=2026/weather-2026-08-11-2026-08-17.parquet,d836b8335ac73306509840d46a295e190903f1ada2354d2d9bfdafb7abf69de8,52081,fc93ba2daaee012f15582d623681ea980262d6d4a5ce7a3ea502fcc116285d77,in_kochi,9.9312,76.2673,2026,2026-08-11,2026-08-17,168,2026-08-11,2026-08-17
/Users/vidura/Code/big-weather/data/regional-2020-2025/raw/weather/location_id=in_kochi/year=2026/weather-2026-08-18-2026-08-24.parquet,a170cfd9e01ba8e582bd878626ff8876afa442870e6f797f7c3798b297c567a6,52247,2113227e49cdb2be6221d1499cd7bd7d0d1e70f09f14a23c43515aa5d809a9b0,in_kochi,9.9312,76.2673,2026,2026-08-18,2026-08-24,168,2026-08-18,2026-08-24
/Users/vidura/Code/big-weather/data/regional-2020-2025/raw/weather/location_id=in_kochi/year=2026/weather-2026-08-25-2026-08-31.parquet,91ddc48e00dab995a43c89fca0fe036c66de87490bb8a0e20ca20b49980b950b,52320,60afd6986f4e4ecd62174ed825b5fabbdef4b14cf5eaf9999fba57c46dfd5c76,in_kochi,9.9312,76.2673,2026,2026-08-25,2026-08-31,168,2026-08-25,2026-08-31
/Users/vidura/Code/big-weather/data/regional-2020-2025/raw/weather/location_id=in_kodaikanal/year=2026/weather-2026-04-28-2026-05-04.parquet,393ebef7adde15598e177daae29743d23d57375111932118037290e1e18b494f,52776,23ae302c38d62fbcf9e7a499ec51040f82506e0faeae97d9af3564d1f7ed35a8,in_kodaikanal,10.2381,77.4892,2026,2026-04-28,2026-05-04,168,2026-04-28,2026-05-04
/Users/vidura/Code/big-weather/data/regional-2020-2025/raw/weather/location_id=in_kodaikanal/year=2026/weather-2026-05-05-2026-05-11.parquet,deceb9d8be520d4db4b36de7ccc676e744a54bed3bca52b24104c17cc563548e,53296,c1f5290b90fbb73fb732c9a1fdeadd4688d79a7faec2173715685f0a9cdca8b6,in_kodaikanal,10.2381,77.4892,2026,2026-05-05,2026-05-11,168,2026-05-05,2026-05-11
/Users/vidura/Code/big-weather/data/regional-2020-2025/raw/weather/location_id=in_kodaikanal/year=2026/weather-2026-05-12-2026-05-18.parquet,676ea359ae103304f65658beaedbbc00e6a5a4822c6a4a42a66dafef49986e6c,53552,f9d34883a4ed0f6e0ddf235bffe3e8f47cf8a33430dd69c9433cf2de6b96bf16,in_kodaikanal,10.2381,77.4892,2026,2026-05-12,2026-05-18,168,2026-05-12,2026-05-18
/Users/vidura/Code/big-weather/data/regional-2020-2025/raw/weather/location_id=in_kodaikanal/year=2026/weather-2026-05-19-2026-05-25.parquet,eb698fb6ebed9b453b9d9672d4af51103d91da3b09c0c5cecc445504c25ed5e8,52771,4c727d53338d69091d281e42bc4e8bec7fd1a52458824e0da59be6bed0be7ce0,in_kodaikanal,10.2381,77.4892,2026,2026-05-19,2026-05-25,168,2026-05-19,2026-05-25
/Users/vidura/Code/big-weather/data/regional-2020-2025/raw/weather/location_id=in_kodaikanal/year=2026/weather-2026-05-26-2026-06-01.parquet,4c9fcd200076e54eeb66832d0502a5209c6fd041fdf22bcfb0ceeeabc60ba87f,52797,92d3d49a3e341704210275bf08baa7e56a6893a60d83d0ddc6a5f64b95e6991b,in_kodaikanal,10.2381,77.4892,2026,2026-05-26,2026-06-01,168,2026-05-26,2026-06-01
/Users/vidura/Code/big-weather/data/regional-2020-2025/raw/weather/location_id=in_kodaikanal/year=2026/weather-2026-06-02-2026-06-08.parquet,a93e09f60b50649cd6e7aaab809a7507921ed58f4f68dd27cd88fa28c2c59178,52457,c7bb44ef3c97c91a4c190020effc4bc8a995c876ab629717c5d19e13cf532eb8,in_kodaikanal,10.2381,77.4892,2026,2026-06-02,2026-06-08,168,2026-06-02,2026-06-08
/Users/vidura/Code/big-weather/data/regional-2020-2025/raw/weather/location_id=in_kodaikanal/year=2026/weather-2026-06-09-2026-06-15.parquet,db54ea8f6ef6d09d381f85d0322ba57e5664976e727c146f98f754b1aa1cca90,51888,bbfd3aa1dbc309d94487b31c21976ca16548a4b6d2a754879a09d8bc96276733,in_kodaikanal,10.2381,77.4892,2026,2026-06-09,2026-06-15,168,2026-06-09,2026-06-15
/Users/vidura/Code/big-weather/data/regional-2020-2025/raw/weather/location_id=in_kodaikanal/year=2026/weather-2026-06-16-2026-06-22.parquet,7bb9858a5547572f99bb0370ace922c2af1fbd9597be166e19189ecc93d5c95d,52869,51272417221c9e75dcfa0486b518700d83b972cb9042f9ecb52c8e265747ac75,in_kodaikanal,10.2381,77.4892,2026,2026-06-16,2026-06-22,168,2026-06-16,2026-06-22
/Users/vidura/Code/big-weather/data/regional-2020-2025/raw/weather/location_id=in_kodaikanal/year=2026/weather-2026-06-23-2026-06-29.parquet,3db45db99c26ebf33f33ad0b7bcdaa93ec0757461022e48cf7b580548e5f6f96,52013,e7aa3819e73e339665edcacf334d14a1df747ba890dbcac484ee24d136cf0f5d,in_kodaikanal,10.2381,77.4892,2026,2026-06-23,2026-06-29,168,2026-06-23,2026-06-29
/Users/vidura/Code/big-weather/data/regional-2020-2025/raw/weather/location_id=in_kodaikanal/year=2026/weather-2026-06-30-2026-07-06.parquet,0f2342af708e993316ea4f1fd23e99189de6996e9febc4bf69c0d6461d56376d,51591,8e2b919cde9de09efe790ef7248b139b5ca465762e4e920b8ae7cfa570a6bda5,in_kodaikanal,10.2381,77.4892,2026,2026-06-30,2026-07-06,168,2026-06-30,2026-07-06
/Users/vidura/Code/big-weather/data/regional-2020-2025/raw/weather/location_id=in_kodaikanal/year=2026/weather-2026-07-07-2026-07-13.parquet,53d40d7f6c1a0230c5a668ca599ea9b72041ecb44f5befbbd7a8427959beb2db,52220,26dce5a4ba042e06e1c20d33c5bbb177974622e43381bde122164f1a11154e84,in_kodaikanal,10.2381,77.4892,2026,2026-07-07,2026-07-13,168,2026-07-07,2026-07-13
/Users/vidura/Code/big-weather/data/regional-2020-2025/raw/weather/location_id=in_kodaikanal/year=2026/weather-2026-07-14-2026-07-20.parquet,1f42113e1269d152056b24e9cf766911bab1650e19b6d4e5e4b366471ca51109,52103,14a92c34f3665c84582ca018eb5ed42a0459f81a6a3e0800d7c43c34b1591b75,in_kodaikanal,10.2381,77.4892,2026,2026-07-14,2026-07-20,168,2026-07-14,2026-07-20
/Users/vidura/Code/big-weather/data/regional-2020-2025/raw/weather/location_id=in_kodaikanal/year=2026/weather-2026-07-21-2026-07-27.parquet,425288600b5da06eb2dab6b3168fa3a68292828c3bec2d2a4f055d65aa2afbb1,51754,6877cca2565a7aa48bdd4c2150ef743a0194c91baa1aa0d732a4969537bd925d,in_kodaikanal,10.2381,77.4892,2026,2026-07-21,2026-07-27,168,2026-07-21,2026-07-27
/Users/vidura/Code/big-weather/data/regional-2020-2025/raw/weather/location_id=in_kodaikanal/year=2026/weather-2026-07-28-2026-08-03.parquet,909081352800a25e6b992ebd8e334a7a1e6761e278249ac40ed4a63e194e574e,51616,9d17e30e5ac64a06e5fbe75901cf31c99b30cfec5454715637d276f1b84b3db4,in_kodaikanal,10.2381,77.4892,2026,2026-07-28,2026-08-03,168,2026-07-28,2026-08-03
/Users/vidura/Code/big-weather/data/regional-2020-2025/raw/weather/location_id=in_kodaikanal/year=2026/weather-2026-08-04-2026-08-10.parquet,52005092a930575cdb841b8a5a0f643d9026f382ecec4eca045f30f0b43838a9,51749,f80a0c5d0ae6f6f7ccdc177e58215c85ac9fcd76104baf067ea118b3f247132e,in_kodaikanal,10.2381,77.4892,2026,2026-08-04,2026-08-10,168,2026-08-04,2026-08-10
/Users/vidura/Code/big-weather/data/regional-2020-2025/raw/weather/location_id=in_kodaikanal/year=2026/weather-2026-08-11-2026-08-17.parquet,822dc5eb2961aaa2fcbebda686f522d9c02db5f9e67ce898fcd75a433fc0340e,51498,cacdffaaebc47b89d136115199d5b5077556f7cfbce93a6b6c9916af9def31e2,in_kodaikanal,10.2381,77.4892,2026,2026-08-11,2026-08-17,168,2026-08-11,2026-08-17
/Users/vidura/Code/big-weather/data/regional-2020-2025/raw/weather/location_id=in_kodaikanal/year=2026/weather-2026-08-18-2026-08-24.parquet,3daba1329f786c6d9aac3ec28466b1c188599b2fa67447d8516ab0e0b8464b37,51909,a15a43ebea0ad4ea3a626d51e25e306ba1f9eaddd0e128945350ac2712563bfc,in_kodaikanal,10.2381,77.4892,2026,2026-08-18,2026-08-24,168,2026-08-18,2026-08-24
/Users/vidura/Code/big-weather/data/regional-2020-2025/raw/weather/location_id=in_kodaikanal/year=2026/weather-2026-08-25-2026-08-31.parquet,db6f3c4b79346bfa0eb903a6b567d5b37425d26d69b2cc259de039e86ca22714,52500,fcb7b3bfef2adeb081bf99076a473b4311af7fdfbee2396916705d6f858f7926,in_kodaikanal,10.2381,77.4892,2026,2026-08-25,2026-08-31,168,2026-08-25,2026-08-31
/Users/vidura/Code/big-weather/data/regional-2020-2025/raw/weather/location_id=in_lachen/year=2026/weather-2026-04-28-2026-05-04.parquet,2e241a92b4675313d3c3fdb61dc16a2dff1cdd63c0a084f84a5f996f799eb358,51561,a26058a0f84b01727be5fb5c7227ff44b09434a5a51759ee55d647403adfc856,in_lachen,27.7287,88.5565,2026,2026-04-28,2026-05-04,168,2026-04-28,2026-05-04
/Users/vidura/Code/big-weather/data/regional-2020-2025/raw/weather/location_id=in_lachen/year=2026/weather-2026-05-05-2026-05-11.parquet,097aad6bcf3148abb61777dbc067d9d66ee427aff88d9e5a4ba7bf214f5d73fd,52832,17da335ee9ef708a98cc711071cdbc41462f830d29c8f0e1f665d8d15831a4d5,in_lachen,27.7287,88.5565,2026,2026-05-05,2026-05-11,168,2026-05-05,2026-05-11
/Users/vidura/Code/big-weather/data/regional-2020-2025/raw/weather/location_id=in_lachen/year=2026/weather-2026-05-12-2026-05-18.parquet,d430c5205d2b03404245ed1150233488c55cac6b9a2cf2f238c7bf313f612da8,52535,10a9850a7b75e0478ce784969277989fe9ee21aaeea3ddfba9c6b53f594948f8,in_lachen,27.7287,88.5565,2026,2026-05-12,2026-05-18,168,2026-05-12,2026-05-18
/Users/vidura/Code/big-weather/data/regional-2020-2025/raw/weather/location_id=in_lachen/year=2026/weather-2026-05-19-2026-05-25.parquet,292bf1a3ae150260ed2863c785cb553e7815c387e2a100ea7a9e46e04959582a,53092,b828ed33ed165f99323c102b3ea6b77467e58f4bcc5e8feb3ae49b73d41af80b,in_lachen,27.7287,88.5565,2026,2026-05-19,2026-05-25,168,2026-05-19,2026-05-25
/Users/vidura/Code/big-weather/data/regional-2020-2025/raw/weather/location_id=in_lachen/year=2026/weather-2026-05-26-2026-06-01.parquet,98bd882ae6bc2b4581faae1a68dad17748de98f866d021e31a8b920eca6bed4a,53550,3332aa8fa8adf4c58a714be2c2124185845d03642e9bf86e0a6ac667a9654d28,in_lachen,27.7287,88.5565,2026,2026-05-26,2026-06-01,168,2026-05-26,2026-06-01
/Users/vidura/Code/big-weather/data/regional-2020-2025/raw/weather/location_id=in_lachen/year=2026/weather-2026-06-02-2026-06-08.parquet,84fe4e0897e599071339273860fda96b0b5d46a0f855e93f8bdfdd850de75b8f,52376,dc0ed98fb75866b4ba3b89ec923672598536732372ffbccf35d907ad00c5d019,in_lachen,27.7287,88.5565,2026,2026-06-02,2026-06-08,168,2026-06-02,2026-06-08
/Users/vidura/Code/big-weather/data/regional-2020-2025/raw/weather/location_id=in_lachen/year=2026/weather-2026-06-09-2026-06-15.parquet,597ee0e5c3b640876b61426e35e3e7567b2b90e7296ef5d379439962ffb7cb15,52442,47b8d7be3904f80fa2f61ad74c558a3c7e788c1e3d8276ace641c0c0e73ad2e3,in_lachen,27.7287,88.5565,2026,2026-06-09,2026-06-15,168,2026-06-09,2026-06-15
/Users/vidura/Code/big-weather/data/regional-2020-2025/raw/weather/location_id=in_lachen/year=2026/weather-2026-06-16-2026-06-22.parquet,0ec72ee15bcc3da6954963a2022ade14bfce26f28c80f2ce6a3f10d7d5eb3f16,52147,167c52dc2a7cf2d5ea899230d1e5f7f8dfc2d0730772b023f6d6583ae6abded2,in_lachen,27.7287,88.5565,2026,2026-06-16,2026-06-22,168,2026-06-16,2026-06-22
/Users/vidura/Code/big-weather/data/regional-2020-2025/raw/weather/location_id=in_lachen/year=2026/weather-2026-06-23-2026-06-29.parquet,15d702427e037adcf6bffed668b36385fc1349c736da4edda7874103f871459a,52714,fda8b5f9449b85bf2c11ad36176a2fe448ec7fa5efe083fa38e5ead5e0f8d786,in_lachen,27.7287,88.5565,2026,2026-06-23,2026-06-29,168,2026-06-23,2026-06-29
/Users/vidura/Code/big-weather/data/regional-2020-2025/raw/weather/location_id=in_lachen/year=2026/weather-2026-06-30-2026-07-06.parquet,ab87d6232b104f301b8379a2e9f6ddc0a8e0a1ae91ae33975161c410ac5ba13b,53440,a5207429514a2c528c085c47c40407d588103ea7695332d9799883339ecf0055,in_lachen,27.7287,88.5565,2026,2026-06-30,2026-07-06,168,2026-06-30,2026-07-06
/Users/vidura/Code/big-weather/data/regional-2020-2025/raw/weather/location_id=in_lachen/year=2026/weather-2026-07-07-2026-07-13.parquet,cf445ae96f4eaeb69003401c9fd7b765cf7da36fac58847cb7ba64d18876ad3a,50848,4a160ba053d9993cdd07db478e0f2b0bdfc83a19c7c5050f80c47a2d6b5ccaf1,in_lachen,27.7287,88.5565,2026,2026-07-07,2026-07-13,168,2026-07-07,2026-07-13
/Users/vidura/Code/big-weather/data/regional-2020-2025/raw/weather/location_id=in_lachen/year=2026/weather-2026-07-14-2026-07-20.parquet,cdcec46f7916591b49d9bd22d2b0acce279e306d39f3f7d7ccd27df580cb3d5e,51265,4e2095109014d089744264a645284471034390753ce5030ba9a87270012fd4be,in_lachen,27.7287,88.5565,2026,2026-07-14,2026-07-20,168,2026-07-14,2026-07-20
/Users/vidura/Code/big-weather/data/regional-2020-2025/raw/weather/location_id=in_lachen/year=2026/weather-2026-07-21-2026-07-27.parquet,3335a6ff1ed73be88cf2d95259648f798febfe22470c4066a97e025bde6b9232,52711,61c9576826a487a3eaf2e18b3afd56d205c1728423c3509fe47af9c34ddefc37,in_lachen,27.7287,88.5565,2026,2026-07-21,2026-07-27,168,2026-07-21,2026-07-27
/Users/vidura/Code/big-weather/data/regional-2020-2025/raw/weather/location_id=in_lachen/year=2026/weather-2026-07-28-2026-08-03.parquet,0c78c83adc052a0464d19bab2f5fae7876a03bceadef740ac1286fde0290b8ed,51516,eaf20e4e2c6619f11caaebc245477bded998d5a47b3b27b99c210748c956cf8c,in_lachen,27.7287,88.5565,2026,2026-07-28,2026-08-03,168,2026-07-28,2026-08-03
/Users/vidura/Code/big-weather/data/regional-2020-2025/raw/weather/location_id=in_lachen/year=2026/weather-2026-08-04-2026-08-10.parquet,3fadfcf7d467f48d0836a4f9cdc3ccc18d0c341cf5fe18647d99307186c6f1a3,52922,cccca6437aba3a6115a06b7deffdcdfc2349135e39f96139a1b9eb0cbffc3e0f,in_lachen,27.7287,88.5565,2026,2026-08-04,2026-08-10,168,2026-08-04,2026-08-10
/Users/vidura/Code/big-weather/data/regional-2020-2025/raw/weather/location_id=in_lachen/year=2026/weather-2026-08-11-2026-08-17.parquet,32eddbf7fa968382b929e925a7858169f3e06df1683b512de6ef73957de135d0,53098,62407163fa87a8cfabcbd6d88b7dbe25601b5e9db8c299a555730588835e5f3e,in_lachen,27.7287,88.5565,2026,2026-08-11,2026-08-17,168,2026-08-11,2026-08-17
/Users/vidura/Code/big-weather/data/regional-2020-2025/raw/weather/location_id=in_lachen/year=2026/weather-2026-08-18-2026-08-24.parquet,973879088f0927c2c64bac188e9acf78c7306c028969fab1be9e60f044877a48,51861,ecf3db06894347707db97774a9f9d48e602692aab8c71f6fab365f09a660f99c,in_lachen,27.7287,88.5565,2026,2026-08-18,2026-08-24,168,2026-08-18,2026-08-24
/Users/vidura/Code/big-weather/data/regional-2020-2025/raw/weather/location_id=in_lachen/year=2026/weather-2026-08-25-2026-08-31.parquet,e841c70ee4354d5380fb7e9ac083dd823d5700b1eeb0e5ae3f6b4cc5948f534e,51645,acdeb718d53a8633080ce77f311fddab6ac3b1bd7f6095e2808f7db1fd4288c4,in_lachen,27.7287,88.5565,2026,2026-08-25,2026-08-31,168,2026-08-25,2026-08-31
/Users/vidura/Code/big-weather/data/regional-2020-2025/raw/weather/location_id=in_madurai/year=2026/weather-2026-04-28-2026-05-04.parquet,a7602a89cb31b63048d8f5053eda3298bb4f76d9cca2144f5cc93ab926c69f68,52581,22966a19377b8f2513bb2c26be0a9777f31f04db19a1281ea0abc751a139d811,in_madurai,9.9252,78.1198,2026,2026-04-28,2026-05-04,168,2026-04-28,2026-05-04
/Users/vidura/Code/big-weather/data/regional-2020-2025/raw/weather/location_id=in_madurai/year=2026/weather-2026-05-05-2026-05-11.parquet,cfe4e56633b50e3bff0d89092a5e6b8b986bbfa9241334e2f17f69713c9f1e04,53958,8ac64319b3784c5cb69ec56c319ab9af0122c4fda1ea181f56ddb911f722e6a6,in_madurai,9.9252,78.1198,2026,2026-05-05,2026-05-11,168,2026-05-05,2026-05-11
/Users/vidura/Code/big-weather/data/regional-2020-2025/raw/weather/location_id=in_madurai/year=2026/weather-2026-05-12-2026-05-18.parquet,6f4545b8e8925a2a6ea31a0cbeaac785fd930ee8183f516b29b053eea889a211,52958,436ab8eaa918f714b4ae0de6425bbf13c6fbce792f20e294d2de9c715f363d4a,in_madurai,9.9252,78.1198,2026,2026-05-12,2026-05-18,168,2026-05-12,2026-05-18
/Users/vidura/Code/big-weather/data/regional-2020-2025/raw/weather/location_id=in_madurai/year=2026/weather-2026-05-19-2026-05-25.parquet,972b02b321a1001aa2d1b4d560809d5af7b409d57983a0dbf0532494ac7e9083,53252,15a9e452001eefc8e74db36a6728ee35e53cf0a2a67defc046fe29f281100f49,in_madurai,9.9252,78.1198,2026,2026-05-19,2026-05-25,168,2026-05-19,2026-05-25
/Users/vidura/Code/big-weather/data/regional-2020-2025/raw/weather/location_id=in_madurai/year=2026/weather-2026-05-26-2026-06-01.parquet,418597a1fef1c5052377d7898764f32f480fb0a2b9010f560d37594edc51c78a,53356,ba5aa42e4ad19e53cb356a33671432a8197b1005b65567d7f9970a85b86429fe,in_madurai,9.9252,78.1198,2026,2026-05-26,2026-06-01,168,2026-05-26,2026-06-01
/Users/vidura/Code/big-weather/data/regional-2020-2025/raw/weather/location_id=in_madurai/year=2026/weather-2026-06-02-2026-06-08.parquet,869be5c05c3d138f2972913bb0c6c7a16453ee976bd64ea9a01647fbcf98c309,52790,97f4bc688413cc4e14ab99bd5d795913a188ff3cd0800f324d51ed1981338fc9,in_madurai,9.9252,78.1198,2026,2026-06-02,2026-06-08,168,2026-06-02,2026-06-08
/Users/vidura/Code/big-weather/data/regional-2020-2025/raw/weather/location_id=in_madurai/year=2026/weather-2026-06-09-2026-06-15.parquet,e9c1219544b27dfd9876df2ecc5e80cc8094bafe5fce9ec577f2072e12c0f5c6,52790,3be71e83442841193bf57276428c120b1854d0d73e2b8da844461853d801bd7f,in_madurai,9.9252,78.1198,2026,2026-06-09,2026-06-15,168,2026-06-09,2026-06-15
/Users/vidura/Code/big-weather/data/regional-2020-2025/raw/weather/location_id=in_madurai/year=2026/weather-2026-06-16-2026-06-22.parquet,a4e4b73e4fe25ad857a517915caef9cb8344495f7b6980a69fd60b9738375df5,53476,07c9b09ea98708f81e3fc425a9ec5739eeac919c988c35504dacc477ad31c3a7,in_madurai,9.9252,78.1198,2026,2026-06-16,2026-06-22,168,2026-06-16,2026-06-22
/Users/vidura/Code/big-weather/data/regional-2020-2025/raw/weather/location_id=in_madurai/year=2026/weather-2026-06-23-2026-06-29.parquet,ec03149d70b86230676df2de1d778492ffbcda3c05433480d30b5ad773b3480a,52539,b8ee57083ca1ad70086783d20fc0e2c7f38b56679f9020151fe5b05b9f7deb97,in_madurai,9.9252,78.1198,2026,2026-06-23,2026-06-29,168,2026-06-23,2026-06-29
/Users/vidura/Code/big-weather/data/regional-2020-2025/raw/weather/location_id=in_madurai/year=2026/weather-2026-06-30-2026-07-06.parquet,97d44c46b41980dff5914d8c9172ef28b59d8f1a2447da28ce13c029a1f9320b,52760,569d0fc5531ae7b8850ff7fabb67b5f2689d9e430fe4d7eb2dadaea0826e788c,in_madurai,9.9252,78.1198,2026,2026-06-30,2026-07-06,168,2026-06-30,2026-07-06
/Users/vidura/Code/big-weather/data/regional-2020-2025/raw/weather/location_id=in_madurai/year=2026/weather-2026-07-07-2026-07-13.parquet,bc2c939472466443cf16379aaf5f8e599b811702177f2120ff5eaa4d6a56a804,52738,b20ead95919f8817785cf96ba8036b6af0f2ddbec04a2426ed650495175b0e1c,in_madurai,9.9252,78.1198,2026,2026-07-07,2026-07-13,168,2026-07-07,2026-07-13
/Users/vidura/Code/big-weather/data/regional-2020-2025/raw/weather/location_id=in_madurai/year=2026/weather-2026-07-14-2026-07-20.parquet,5f0887d9db1d6c76564cead028fb4e4044c3356d9edee482791ea788d4d07b9f,52291,5c760c97c073317c51d994e2e338a24197c6ea521981019794664da44da9c4d5,in_madurai,9.9252,78.1198,2026,2026-07-14,2026-07-20,168,2026-07-14,2026-07-20
/Users/vidura/Code/big-weather/data/regional-2020-2025/raw/weather/location_id=in_madurai/year=2026/weather-2026-07-21-2026-07-27.parquet,5d134da549dd461b4ccda07309d7678d6e4a559b15680f861de01cf24e2d400a,52401,e67c7765d69e0efc64c321546cc95908a5d5c7ce318da5e1b1d4f8ff5c016620,in_madurai,9.9252,78.1198,2026,2026-07-21,2026-07-27,168,2026-07-21,2026-07-27
/Users/vidura/Code/big-weather/data/regional-2020-2025/raw/weather/location_id=in_madurai/year=2026/weather-2026-07-28-2026-08-03.parquet,1e0d1bba9e397457b2c1a0bcd2a7b34bc23eff8364395f44922d179cd6f7c414,52531,11458397a30012fe1de546bba2327203984a721b74629b6a4a0abac9882b07fe,in_madurai,9.9252,78.1198,2026,2026-07-28,2026-08-03,168,2026-07-28,2026-08-03
/Users/vidura/Code/big-weather/data/regional-2020-2025/raw/weather/location_id=in_madurai/year=2026/weather-2026-08-04-2026-08-10.parquet,af57d5d302d43fe60182326854b407067ae280cd61344dd5a2f6ccca0d39f093,53041,bde393bdbe69484b756b317c1d123b19ef498e229f3b18eda5f28ac52bdf449d,in_madurai,9.9252,78.1198,2026,2026-08-04,2026-08-10,168,2026-08-04,2026-08-10
/Users/vidura/Code/big-weather/data/regional-2020-2025/raw/weather/location_id=in_madurai/year=2026/weather-2026-08-11-2026-08-17.parquet,158965b9e21c3bacd72b2fdaa4c22aec064cf61aa94cd75f051b2922cc20e949,52278,7dbea0b71134c2e85f5c9807adb2d15e627b2f27d25afa0ab940c68741424124,in_madurai,9.9252,78.1198,2026,2026-08-11,2026-08-17,168,2026-08-11,2026-08-17
/Users/vidura/Code/big-weather/data/regional-2020-2025/raw/weather/location_id=in_madurai/year=2026/weather-2026-08-18-2026-08-24.parquet,e795915caf00dc12099bc1a33e5aa9933d974383c4b5681925c06826b6d77b85,52329,52af455d0d5f6b1e5454c22e3d6162d4bc944f0b38d2bc7522a7798741026bba,in_madurai,9.9252,78.1198,2026,2026-08-18,2026-08-24,168,2026-08-18,2026-08-24
/Users/vidura/Code/big-weather/data/regional-2020-2025/raw/weather/location_id=in_madurai/year=2026/weather-2026-08-25-2026-08-31.parquet,3b5bf2b089da4257ec2a7252b512e325bbab921541cd9166b5cfe52f7fba2a73,52844,4b60c848c2c47858a0e5330354c52b51b539e5e3ae7aab81c9dfb1f410128bd1,in_madurai,9.9252,78.1198,2026,2026-08-25,2026-08-31,168,2026-08-25,2026-08-31
/Users/vidura/Code/big-weather/data/regional-2020-2025/raw/weather/location_id=in_munnar/year=2026/weather-2026-04-28-2026-05-04.parquet,533ac01bd7e04535833dc8d039482bc9048eaa5b13c65db9625feabd7707a615,53084,d8adfc16ebe25a1967d1518931e8f5a4c9989241806648d8797738b91d9d0450,in_munnar,10.0889,77.0595,2026,2026-04-28,2026-05-04,168,2026-04-28,2026-05-04
/Users/vidura/Code/big-weather/data/regional-2020-2025/raw/weather/location_id=in_munnar/year=2026/weather-2026-05-05-2026-05-11.parquet,401238c48b644810f4b8bf2babd647cbddc6163df02cc33e5ae6b7cbeffff8f2,53031,481306db520a801507e93574d0997b6319f81b96af1b68bf4525cbac48bbf89f,in_munnar,10.0889,77.0595,2026,2026-05-05,2026-05-11,168,2026-05-05,2026-05-11
/Users/vidura/Code/big-weather/data/regional-2020-2025/raw/weather/location_id=in_munnar/year=2026/weather-2026-05-12-2026-05-18.parquet,b0089c06fa0ca187d7a848b3b04429eb19bed0034320de74b93bb00b3f7770cc,52948,1dc1a9473f5a4fc57514f8e94acdcb088c6bffef3ec9b6b289b5a13d51c50d15,in_munnar,10.0889,77.0595,2026,2026-05-12,2026-05-18,168,2026-05-12,2026-05-18
/Users/vidura/Code/big-weather/data/regional-2020-2025/raw/weather/location_id=in_munnar/year=2026/weather-2026-05-19-2026-05-25.parquet,2942d4ab2d55173d9fd0de8773d73b94c6801b36b80dd60724baad50f545f042,52539,c4f329bb57fa886c093538d02a2b64656a856ca003bd3e615b4b80c00ea666d2,in_munnar,10.0889,77.0595,2026,2026-05-19,2026-05-25,168,2026-05-19,2026-05-25
/Users/vidura/Code/big-weather/data/regional-2020-2025/raw/weather/location_id=in_munnar/year=2026/weather-2026-05-26-2026-06-01.parquet,90e2a87712a6762ec0c269f9f16ad7736bf6c2ef93fab8c98b2cea5684453640,51919,2ebf29512fab1097a86e67f646e298d159b8ee6948cc86cdd10c85604549414c,in_munnar,10.0889,77.0595,2026,2026-05-26,2026-06-01,168,2026-05-26,2026-06-01
/Users/vidura/Code/big-weather/data/regional-2020-2025/raw/weather/location_id=in_munnar/year=2026/weather-2026-06-02-2026-06-08.parquet,ec4856c480faafd8823aecd68188772c2a5173b1f9b0de953a620d4ef5ecfec2,52327,d40cfb4b3a660d9ff62adab0d323f01283a9e6af8db058241504bc812ff66679,in_munnar,10.0889,77.0595,2026,2026-06-02,2026-06-08,168,2026-06-02,2026-06-08
/Users/vidura/Code/big-weather/data/regional-2020-2025/raw/weather/location_id=in_munnar/year=2026/weather-2026-06-09-2026-06-15.parquet,bca81ae38336b40d7339943ae16c322964b265a54419d68137abc88e066b3784,52178,37d8ecc0ce3629325efd6affebbeb9db5c6378738a4fc0eace662f39eeb91268,in_munnar,10.0889,77.0595,2026,2026-06-09,2026-06-15,168,2026-06-09,2026-06-15
/Users/vidura/Code/big-weather/data/regional-2020-2025/raw/weather/location_id=in_munnar/year=2026/weather-2026-06-16-2026-06-22.parquet,914fbfa15e0c8a413ae376f96760cdde3ebe0ce82c1d6d7b331fb3034a0ff4fa,52023,ad2efa9f595293af17930f30a442528d277d4c352a83e932afd716031cfa3cf6,in_munnar,10.0889,77.0595,2026,2026-06-16,2026-06-22,168,2026-06-16,2026-06-22
/Users/vidura/Code/big-weather/data/regional-2020-2025/raw/weather/location_id=in_munnar/year=2026/weather-2026-06-23-2026-06-29.parquet,37bb0206f0d15bd75ff9eb6a21d3647aac581ebc207648c9a7360ee99eea2543,51682,3baaffa0107a7e9e694a64b826c2aa24b51c0da1e3e2ec948a249f706cb7ab17,in_munnar,10.0889,77.0595,2026,2026-06-23,2026-06-29,168,2026-06-23,2026-06-29
/Users/vidura/Code/big-weather/data/regional-2020-2025/raw/weather/location_id=in_munnar/year=2026/weather-2026-06-30-2026-07-06.parquet,3350ede199effa9f900a46e5773979d01b805b848ecefa4e5ea33743d883642d,51307,484c508ff8b80fd1c7b1fd18233e20750a633d570c38114a64c9481c15a1fd82,in_munnar,10.0889,77.0595,2026,2026-06-30,2026-07-06,168,2026-06-30,2026-07-06
/Users/vidura/Code/big-weather/data/regional-2020-2025/raw/weather/location_id=in_munnar/year=2026/weather-2026-07-07-2026-07-13.parquet,5a87dcaa536396312940bb73f0fab721381b5db26c703631b551e60474d55ead,52037,c99942fd16b4d15fc494575af8e9eb1c17900a4f8ac0f72a0922344a67d6c03c,in_munnar,10.0889,77.0595,2026,2026-07-07,2026-07-13,168,2026-07-07,2026-07-13
/Users/vidura/Code/big-weather/data/regional-2020-2025/raw/weather/location_id=in_munnar/year=2026/weather-2026-07-14-2026-07-20.parquet,6cbc469ac55645e3ddf56f3972a9b8c1ab940ed20d329082f9aa694a95ae62c7,51740,1defac474c8ec58778340253ab6d3bb4e99bce382814b8e57c29fb8a4a958f52,in_munnar,10.0889,77.0595,2026,2026-07-14,2026-07-20,168,2026-07-14,2026-07-20
/Users/vidura/Code/big-weather/data/regional-2020-2025/raw/weather/location_id=in_munnar/year=2026/weather-2026-07-21-2026-07-27.parquet,9837dd2b13e169c19a19a17dcbae0b01f1b12afa0294ec4dc401f4944ffc99e2,51703,ecdb854ac605e29ccf26f20bb95f5ac335f45bcb49dfb09da885c4b2518d8a40,in_munnar,10.0889,77.0595,2026,2026-07-21,2026-07-27,168,2026-07-21,2026-07-27
/Users/vidura/Code/big-weather/data/regional-2020-2025/raw/weather/location_id=in_munnar/year=2026/weather-2026-07-28-2026-08-03.parquet,b664e221442b6cea740af6fcdbe00a6e60da44fef596e7699d1c94015ebd1d9e,51373,dd1d9c7338475ca0d0b8d818496e67f02884e6ef428e191dcd8d4274546d8c3d,in_munnar,10.0889,77.0595,2026,2026-07-28,2026-08-03,168,2026-07-28,2026-08-03
/Users/vidura/Code/big-weather/data/regional-2020-2025/raw/weather/location_id=in_munnar/year=2026/weather-2026-08-04-2026-08-10.parquet,1a3d8419824ef15da451b9569a02f1e51609cce982e50d5872242aae2d10e92f,51273,f89918fbcee662aa1362dab442ef6eb1316435610d35e72ecd0cdcb2c2e7ed72,in_munnar,10.0889,77.0595,2026,2026-08-04,2026-08-10,168,2026-08-04,2026-08-10
/Users/vidura/Code/big-weather/data/regional-2020-2025/raw/weather/location_id=in_munnar/year=2026/weather-2026-08-11-2026-08-17.parquet,7904c69c081829fb1bf19cac8d8129bd3a177678226b543f2fb50cebdfad3e31,51474,65d9fc9dc36f40166e3b73fc6248d720930ef93bfcee0b7c0893a37aed9639f5,in_munnar,10.0889,77.0595,2026,2026-08-11,2026-08-17,168,2026-08-11,2026-08-17
/Users/vidura/Code/big-weather/data/regional-2020-2025/raw/weather/location_id=in_munnar/year=2026/weather-2026-08-18-2026-08-24.parquet,efa5a204fe2302f7e084b76b0a5f7028db88cc1622211f1211c7e539820376eb,51684,ee70595734b8bb163783b3153e42f45a2eaffa7f0b2e530d8ece263fc444406b,in_munnar,10.0889,77.0595,2026,2026-08-18,2026-08-24,168,2026-08-18,2026-08-24
/Users/vidura/Code/big-weather/data/regional-2020-2025/raw/weather/location_id=in_munnar/year=2026/weather-2026-08-25-2026-08-31.parquet,e01fabb68d28b7836f2507b3ffa32db2cc914b40c63fca6e588d71ed093cc5a4,52043,0421e6a48204ce1bff118cfa719a6df3dcfce85f5166d62ccfb27bb45b970ed3,in_munnar,10.0889,77.0595,2026,2026-08-25,2026-08-31,168,2026-08-25,2026-08-31
/Users/vidura/Code/big-weather/data/regional-2020-2025/raw/weather/location_id=in_mysuru/year=2026/weather-2026-04-28-2026-05-04.parquet,5dcc7ffcb7c80957f594fc5a9eb735871b0c047f0336e3e458c8e642860bb229,53104,2357f7abc50d4267ebbf6a22269dcf30ec4f00e9158eb1b84238aec1f0a37dbb,in_mysuru,12.2958,76.6394,2026,2026-04-28,2026-05-04,168,2026-04-28,2026-05-04
/Users/vidura/Code/big-weather/data/regional-2020-2025/raw/weather/location_id=in_mysuru/year=2026/weather-2026-05-05-2026-05-11.parquet,76cf2fdd50a4e3494890f08aff0d0ab814e4ca2e0a26ca93b31fe129463d8ca2,53228,ae262426e086021adbb937e09c2913814b60b4200fdc0b5dfe5aa971b7659a8f,in_mysuru,12.2958,76.6394,2026,2026-05-05,2026-05-11,168,2026-05-05,2026-05-11
/Users/vidura/Code/big-weather/data/regional-2020-2025/raw/weather/location_id=in_mysuru/year=2026/weather-2026-05-12-2026-05-18.parquet,b985815d2c70d16fd6a84b00fb6c6e19b71b5e72818685b8f72b7918f30bdbdc,53640,ac4b5c889a890572e69ff5b14b2aec62174985168a1280e828bc64b439606907,in_mysuru,12.2958,76.6394,2026,2026-05-12,2026-05-18,168,2026-05-12,2026-05-18
/Users/vidura/Code/big-weather/data/regional-2020-2025/raw/weather/location_id=in_mysuru/year=2026/weather-2026-05-19-2026-05-25.parquet,f294a496e6f93fe8f5ff3898a1915d05e074cb6a0ce12c64d8df12b75276fe78,52394,b02e605644e2f422679a23d08f3150fe08aa07fbdd33c168a7faa45b265841c1,in_mysuru,12.2958,76.6394,2026,2026-05-19,2026-05-25,168,2026-05-19,2026-05-25
/Users/vidura/Code/big-weather/data/regional-2020-2025/raw/weather/location_id=in_mysuru/year=2026/weather-2026-05-26-2026-06-01.parquet,f317f9153abc5e90677f34c587c04dee0e4542184507af25b2d46cddb7f640bd,53114,689cc90eed46c45fd1b78ec3a6067269af04d07c129443e2d43f4bb146b16b98,in_mysuru,12.2958,76.6394,2026,2026-05-26,2026-06-01,168,2026-05-26,2026-06-01
/Users/vidura/Code/big-weather/data/regional-2020-2025/raw/weather/location_id=in_mysuru/year=2026/weather-2026-06-02-2026-06-08.parquet,da26d717d4c639db948d5f6bc48acdf6c3fbe4918dfaddc6ea4b32753f8b5d7c,53083,e6784a54d3bfca2f2a04f7aac6ea6bb49aee0564626c3929da77689de21450fd,in_mysuru,12.2958,76.6394,2026,2026-06-02,2026-06-08,168,2026-06-02,2026-06-08
/Users/vidura/Code/big-weather/data/regional-2020-2025/raw/weather/location_id=in_mysuru/year=2026/weather-2026-06-09-2026-06-15.parquet,46c24828ce0e7d02f4869af4a698d0d96e63cc276e0b658c8017e71632d08e33,52727,1e4e5852a2f2c2222e011021cef5275e4826a294c9cfe397016da8d068a2eb4c,in_mysuru,12.2958,76.6394,2026,2026-06-09,2026-06-15,168,2026-06-09,2026-06-15
/Users/vidura/Code/big-weather/data/regional-2020-2025/raw/weather/location_id=in_mysuru/year=2026/weather-2026-06-16-2026-06-22.parquet,a240e05caca431c45248b3dd69ec06afb552bef749d4d767345e7cc78088561c,52401,883adef0073803a204f66f5ab14714dae7865daa231f61bd1c4e9152c80f523d,in_mysuru,12.2958,76.6394,2026,2026-06-16,2026-06-22,168,2026-06-16,2026-06-22
/Users/vidura/Code/big-weather/data/regional-2020-2025/raw/weather/location_id=in_mysuru/year=2026/weather-2026-06-23-2026-06-29.parquet,38aa9e157ab4aba5d413cef47149ff4cc0aa2d1d0f6fd770c98542a8a1e3b89e,51982,9327fde3a852efbda4b4931ec0589edb17634e566a06f81a4f639cc6944edd36,in_mysuru,12.2958,76.6394,2026,2026-06-23,2026-06-29,168,2026-06-23,2026-06-29
/Users/vidura/Code/big-weather/data/regional-2020-2025/raw/weather/location_id=in_mysuru/year=2026/weather-2026-06-30-2026-07-06.parquet,36bf5c8033d4d89ba72a540f6ab24d81c782ae311c171f105f08e9cecd6edf7e,52283,645e6a12fbed0958528a71368315ef9757891f051d1e1a03bffda62928fc37d9,in_mysuru,12.2958,76.6394,2026,2026-06-30,2026-07-06,168,2026-06-30,2026-07-06
/Users/vidura/Code/big-weather/data/regional-2020-2025/raw/weather/location_id=in_mysuru/year=2026/weather-2026-07-07-2026-07-13.parquet,6577113dd749a87823e4126ab6c5d78d0ff6ec1060c752b3bbc851555d5b975d,52225,27c6a999ab6c0fcb63606a4110339ab1c81ec144ce0fdca81d283eaf12f8d432,in_mysuru,12.2958,76.6394,2026,2026-07-07,2026-07-13,168,2026-07-07,2026-07-13
/Users/vidura/Code/big-weather/data/regional-2020-2025/raw/weather/location_id=in_mysuru/year=2026/weather-2026-07-14-2026-07-20.parquet,dccc5d9be9f269c2e837da517927d134250e7c15aa63a7d198877ab82f9ce2c1,51886,03b97e684de99a80708115a8ffa0361c3b09ce941de56d1ffa773d60b93f638e,in_mysuru,12.2958,76.6394,2026,2026-07-14,2026-07-20,168,2026-07-14,2026-07-20
/Users/vidura/Code/big-weather/data/regional-2020-2025/raw/weather/location_id=in_mysuru/year=2026/weather-2026-07-21-2026-07-27.parquet,508d5a1cdf33f60b514f2f2d4cbbe6305eaf2dc128e2faaadd8cbc2a379c609d,51626,31bda40e39c17a758d335b21b2ea42f9873b20778cea63519a64d2c2788d4799,in_mysuru,12.2958,76.6394,2026,2026-07-21,2026-07-27,168,2026-07-21,2026-07-27
/Users/vidura/Code/big-weather/data/regional-2020-2025/raw/weather/location_id=in_mysuru/year=2026/weather-2026-07-28-2026-08-03.parquet,dec2455fdc2e8883bb6ee0a34effc9b3629b686cd04e35f3f0b840a9a7dbd9ee,51804,efed30c6bf4c5921b843e5b4f5aa869a460901f9c4c138cc6d1f5fb01fceaaa0,in_mysuru,12.2958,76.6394,2026,2026-07-28,2026-08-03,168,2026-07-28,2026-08-03
/Users/vidura/Code/big-weather/data/regional-2020-2025/raw/weather/location_id=in_mysuru/year=2026/weather-2026-08-04-2026-08-10.parquet,ca9ed23381f5d78c2b059b019b2fcac64ed32803f2889f37d727235fe2eca7be,52067,724719a1a9629e3127b0ded632f55e7324ae0b1ffe45944d6e98b302e7aa53f8,in_mysuru,12.2958,76.6394,2026,2026-08-04,2026-08-10,168,2026-08-04,2026-08-10
/Users/vidura/Code/big-weather/data/regional-2020-2025/raw/weather/location_id=in_mysuru/year=2026/weather-2026-08-11-2026-08-17.parquet,8d40163bcad43d0a98d2a669686291b553726c1cd97285d25e6802b171e6e0b8,51602,825fd0e4ee629d7570d9f894ba7613f198b25dd0cf2696a7a0df7fac70960aac,in_mysuru,12.2958,76.6394,2026,2026-08-11,2026-08-17,168,2026-08-11,2026-08-17
/Users/vidura/Code/big-weather/data/regional-2020-2025/raw/weather/location_id=in_mysuru/year=2026/weather-2026-08-18-2026-08-24.parquet,7a8fc792fe357595b837fbc17e9d51b0ea79092fba0048912418ac64c122df34,52033,c5b0e4f56ac47c75cca27a8d0bfb6236c13da1d1c814c263bfff96d723020cdd,in_mysuru,12.2958,76.6394,2026,2026-08-18,2026-08-24,168,2026-08-18,2026-08-24
/Users/vidura/Code/big-weather/data/regional-2020-2025/raw/weather/location_id=in_mysuru/year=2026/weather-2026-08-25-2026-08-31.parquet,287d1028c4cdd830ef33949aa7b3e8e6184c3385e20e55e616930fbc8c4d64de,52330,08d9babb1b152908030b6062df559549fb1e91700d5f897ff9a17db5274da2a2,in_mysuru,12.2958,76.6394,2026,2026-08-25,2026-08-31,168,2026-08-25,2026-08-31
/Users/vidura/Code/big-weather/data/regional-2020-2025/raw/weather/location_id=in_nathu_la/year=2026/weather-2026-04-28-2026-05-04.parquet,a2777b2d8f98db9d886f65ee283db8f9e5b724bfb7238b09513314a9868f4aae,53313,675b874c730ca637ddf40f340b5f66e97f4177fbd99ed8e426c7a64b548fb7f6,in_nathu_la,27.3868,88.8308,2026,2026-04-28,2026-05-04,168,2026-04-28,2026-05-04
/Users/vidura/Code/big-weather/data/regional-2020-2025/raw/weather/location_id=in_nathu_la/year=2026/weather-2026-05-05-2026-05-11.parquet,307a1728b799861a6aec51e04a3c46e26b47c5d6cbc13f86a92f51b8f4e5e291,53565,082043f1303b7f628c1ff4bfb913e8ada7e0b0241f4536e0b8ecf99e7b6ff8bd,in_nathu_la,27.3868,88.8308,2026,2026-05-05,2026-05-11,168,2026-05-05,2026-05-11
/Users/vidura/Code/big-weather/data/regional-2020-2025/raw/weather/location_id=in_nathu_la/year=2026/weather-2026-05-12-2026-05-18.parquet,82667e19a9dee194070532b87cda43d4d2ed2b6b6a073ee80ce073ace152aa40,52856,3c578d81462c72b3c9e50b4d823ae56c5fb026e41e82080d128afb4a265507d7,in_nathu_la,27.3868,88.8308,2026,2026-05-12,2026-05-18,168,2026-05-12,2026-05-18
/Users/vidura/Code/big-weather/data/regional-2020-2025/raw/weather/location_id=in_nathu_la/year=2026/weather-2026-05-19-2026-05-25.parquet,b73d0728a96b34818d6cb7a20eb1605f16efced98a333291e9647f8b4c4ed0fd,53009,ed4403f690bcf269b8fc7ee0cb83327404f3b31f351c3070d13f32cc95e218a2,in_nathu_la,27.3868,88.8308,2026,2026-05-19,2026-05-25,168,2026-05-19,2026-05-25
/Users/vidura/Code/big-weather/data/regional-2020-2025/raw/weather/location_id=in_nathu_la/year=2026/weather-2026-05-26-2026-06-01.parquet,ab2e07be14935db077da032c2548570db51ca9f98cac7b8cfac1b33410079939,53299,6422c242bd6a3843bd5bf69f4bde25819e14811c986f634e9750777b97eb71b8,in_nathu_la,27.3868,88.8308,2026,2026-05-26,2026-06-01,168,2026-05-26,2026-06-01
/Users/vidura/Code/big-weather/data/regional-2020-2025/raw/weather/location_id=in_nathu_la/year=2026/weather-2026-06-02-2026-06-08.parquet,f3ba9d64c157dfe4e18c65bf50eb324c04257e19e9a9ea356d48c33896f0112a,52619,b9b9b7f94d3dfb7aa8046907ac2a27bed2153130dc86abf5511a7010bf77559b,in_nathu_la,27.3868,88.8308,2026,2026-06-02,2026-06-08,168,2026-06-02,2026-06-08
/Users/vidura/Code/big-weather/data/regional-2020-2025/raw/weather/location_id=in_nathu_la/year=2026/weather-2026-06-09-2026-06-15.parquet,ccca8dc537e76b9d0e42a7578bb685c0ef4add4320f28bbcc026bc606bd24ef3,52909,918e2ba1381615c02be421e52c5a58ac29a2b823a8658268ac0557da0b8f9517,in_nathu_la,27.3868,88.8308,2026,2026-06-09,2026-06-15,168,2026-06-09,2026-06-15
/Users/vidura/Code/big-weather/data/regional-2020-2025/raw/weather/location_id=in_nathu_la/year=2026/weather-2026-06-16-2026-06-22.parquet,8d43c1535e844e8cabffc4fa9fdf2045b75522e45d096b2755a0ab8fce8299c7,52676,02e0adf3373d0859cf7643ea4de4bb1386dde6c581698e3e4ba5dee9e90e4ed1,in_nathu_la,27.3868,88.8308,2026,2026-06-16,2026-06-22,168,2026-06-16,2026-06-22
/Users/vidura/Code/big-weather/data/regional-2020-2025/raw/weather/location_id=in_nathu_la/year=2026/weather-2026-06-23-2026-06-29.parquet,bdd3327f94dad422ade27403fe3e446648670f99a7bfb3a2a8ef60333ec9b622,52659,dd8b0f9186db6a5fccc06f0158b368791cbc0be2b3c3526c3b514d9b488069e8,in_nathu_la,27.3868,88.8308,2026,2026-06-23,2026-06-29,168,2026-06-23,2026-06-29
/Users/vidura/Code/big-weather/data/regional-2020-2025/raw/weather/location_id=in_nathu_la/year=2026/weather-2026-06-30-2026-07-06.parquet,2d9d9d1d09ba740803a161d38a0c06f1aa1df0978c00e510266b75c2a2e9ed3d,52495,afadafb513abc9cbede791a3e02d2f37a613c2314c85a32cf6567b73b2035590,in_nathu_la,27.3868,88.8308,2026,2026-06-30,2026-07-06,168,2026-06-30,2026-07-06
/Users/vidura/Code/big-weather/data/regional-2020-2025/raw/weather/location_id=in_nathu_la/year=2026/weather-2026-07-07-2026-07-13.parquet,0646f28ba52b55f83bdd880f7f45c7b5bde582ab00ba4b7c774c223224a61e1a,51161,e9700c4a5bbf5699d8e451dc6cab39556130182a4873935160b3e38be75e0de3,in_nathu_la,27.3868,88.8308,2026,2026-07-07,2026-07-13,168,2026-07-07,2026-07-13
/Users/vidura/Code/big-weather/data/regional-2020-2025/raw/weather/location_id=in_nathu_la/year=2026/weather-2026-07-14-2026-07-20.parquet,0c77376dc82d11066db8a92e353b6fc79bbeaf3115b47753fc780fff584804eb,51087,621a2a3b90baa6fb46cbce88d8d388c2dd41b8d5b7cca19e7907aa10ecd32171,in_nathu_la,27.3868,88.8308,2026,2026-07-14,2026-07-20,168,2026-07-14,2026-07-20
/Users/vidura/Code/big-weather/data/regional-2020-2025/raw/weather/location_id=in_nathu_la/year=2026/weather-2026-07-21-2026-07-27.parquet,59a84a097d78b39e661c2fe22c221af10372112796caa813841736d11bbca85c,52375,dba0375b657306effe847cea426a1edf6908e9c9f92258841ea5bb2364710611,in_nathu_la,27.3868,88.8308,2026,2026-07-21,2026-07-27,168,2026-07-21,2026-07-27
/Users/vidura/Code/big-weather/data/regional-2020-2025/raw/weather/location_id=in_nathu_la/year=2026/weather-2026-07-28-2026-08-03.parquet,b38b8087a0ee17a44dae8ba77d5c1d32aad51f62c398f33e0c89dce7b965b1b0,51207,d073683927e64870577ecc39e0de5d6dec5432653d2e842c448c28771b1f4da8,in_nathu_la,27.3868,88.8308,2026,2026-07-28,2026-08-03,168,2026-07-28,2026-08-03
/Users/vidura/Code/big-weather/data/regional-2020-2025/raw/weather/location_id=in_nathu_la/year=2026/weather-2026-08-04-2026-08-10.parquet,a9a6b9d25a20d4b6ea4e61552739919086c7c7a98d22f0ba0619862efb5babee,52202,b70afdd7a6790fe0c0afbfc38959a75aa5c48f0dc928af8bf4d1254e425df221,in_nathu_la,27.3868,88.8308,2026,2026-08-04,2026-08-10,168,2026-08-04,2026-08-10
/Users/vidura/Code/big-weather/data/regional-2020-2025/raw/weather/location_id=in_nathu_la/year=2026/weather-2026-08-11-2026-08-17.parquet,10685c0cbd5d6c6f91acb0d7c6e1fa4853279ee92367ee366502f7ab0342b893,52774,990ae1652fd6b511f9c1d05f3fb35ebd2598b141692e28aa4de1f7e58dd87f9c,in_nathu_la,27.3868,88.8308,2026,2026-08-11,2026-08-17,168,2026-08-11,2026-08-17
/Users/vidura/Code/big-weather/data/regional-2020-2025/raw/weather/location_id=in_nathu_la/year=2026/weather-2026-08-18-2026-08-24.parquet,f42f9d68af5701123f59d63fbcd98bb3d9598b3e0b4f2a947eb7ae3dce397d3c,51712,f539400fbf7611b7aa06129da1a9b42d59981dcdbac816c066ec8b9b586b5e9c,in_nathu_la,27.3868,88.8308,2026,2026-08-18,2026-08-24,168,2026-08-18,2026-08-24
/Users/vidura/Code/big-weather/data/regional-2020-2025/raw/weather/location_id=in_nathu_la/year=2026/weather-2026-08-25-2026-08-31.parquet,d472e2be65ad90aab29fbd5be3f1af6a0312eba1e54369c113d52549e3aace51,51459,8e6e6a9c1348b571f38f46d5ae59fb6a3458f5ba2e8d6aa910c7b7f64aad12ad,in_nathu_la,27.3868,88.8308,2026,2026-08-25,2026-08-31,168,2026-08-25,2026-08-31
/Users/vidura/Code/big-weather/data/regional-2020-2025/raw/weather/location_id=in_ooty/year=2026/weather-2026-04-28-2026-05-04.parquet,fe9004a464f0b8c1c5a19d03877f23ce224401aae9de488a770bc0d8ec0c8a20,52855,35817e027fec61a5a4c5a8dedb4001484eff25f4d87e87c7d063588d1e491fee,in_ooty,11.4102,76.695,2026,2026-04-28,2026-05-04,168,2026-04-28,2026-05-04
/Users/vidura/Code/big-weather/data/regional-2020-2025/raw/weather/location_id=in_ooty/year=2026/weather-2026-05-05-2026-05-11.parquet,bb1024248e631cfe271d1fd40931871ff6f766e0fb54101058799d7026236b1c,53317,5c9d864a69f37eee89356ce2de1621365024f00c708ee65a161c961e6125bab5,in_ooty,11.4102,76.695,2026,2026-05-05,2026-05-11,168,2026-05-05,2026-05-11
/Users/vidura/Code/big-weather/data/regional-2020-2025/raw/weather/location_id=in_ooty/year=2026/weather-2026-05-12-2026-05-18.parquet,cf840b22ec78ba3dfdc1950ef3a9e7867642c78b2ce34e94a5ac08db9182a163,53505,af4bcd7d7b88ecaf51b5692165e7f0b0b594aef40d8dad87bec81759c3026828,in_ooty,11.4102,76.695,2026,2026-05-12,2026-05-18,168,2026-05-12,2026-05-18
/Users/vidura/Code/big-weather/data/regional-2020-2025/raw/weather/location_id=in_ooty/year=2026/weather-2026-05-19-2026-05-25.parquet,4d25e7231523159edf56fd4a56d103c86904081e3c206059fb7d9ec705c5900b,52476,41061d9d2dadb186661251e55414ade22344d2469af8976ffb5404f3af07c0ec,in_ooty,11.4102,76.695,2026,2026-05-19,2026-05-25,168,2026-05-19,2026-05-25
/Users/vidura/Code/big-weather/data/regional-2020-2025/raw/weather/location_id=in_ooty/year=2026/weather-2026-05-26-2026-06-01.parquet,ec19aeafcce6bbb9c217da442190fadab286dbc2cade32f7c4cfd5655ef81e6b,52711,59314e999f6169bf530128c71f5652abb53b83dd110a9c31be3c0a1edecc1b04,in_ooty,11.4102,76.695,2026,2026-05-26,2026-06-01,168,2026-05-26,2026-06-01
/Users/vidura/Code/big-weather/data/regional-2020-2025/raw/weather/location_id=in_ooty/year=2026/weather-2026-06-02-2026-06-08.parquet,77a3bcc8fcd363606e400b7ed9b5df687c44345f9a8212b80ccc4563d57f6fa9,52613,df2108612c247d7ba55086f681d48a01f27e4b47e7f72bac23a8725a1fc43282,in_ooty,11.4102,76.695,2026,2026-06-02,2026-06-08,168,2026-06-02,2026-06-08
/Users/vidura/Code/big-weather/data/regional-2020-2025/raw/weather/location_id=in_ooty/year=2026/weather-2026-06-09-2026-06-15.parquet,3bbfbe354c569714997f5fc3bd95ca6fba5d0bf0f06144647cd0a81a785f808a,52252,0f32a5e4847cfa9d8a6f5fe87aafecff7d8ef80fe8bd23df1494bb6d01619555,in_ooty,11.4102,76.695,2026,2026-06-09,2026-06-15,168,2026-06-09,2026-06-15
/Users/vidura/Code/big-weather/data/regional-2020-2025/raw/weather/location_id=in_ooty/year=2026/weather-2026-06-16-2026-06-22.parquet,34c270b87652e92ae4b2039bc8051e74eb2aeee91e50315f5ca712c1272c3e48,52842,1f68adb8691ca70ff4caeec1a752896e94925e52fcadbb8113a6405a8e32820d,in_ooty,11.4102,76.695,2026,2026-06-16,2026-06-22,168,2026-06-16,2026-06-22
/Users/vidura/Code/big-weather/data/regional-2020-2025/raw/weather/location_id=in_ooty/year=2026/weather-2026-06-23-2026-06-29.parquet,de6b480eade09d0e3e48e955d647be01340f18fa5868c820baff8aa6fda9962c,51777,977b0fa699749ad7b684946999ebb230d8eb72fcfc98ac6e504cd617e45524fe,in_ooty,11.4102,76.695,2026,2026-06-23,2026-06-29,168,2026-06-23,2026-06-29
/Users/vidura/Code/big-weather/data/regional-2020-2025/raw/weather/location_id=in_ooty/year=2026/weather-2026-06-30-2026-07-06.parquet,8c8c4fa175ec3cbacc02cc18260393d234e9fbaff8848ebfe6f251738b113311,50974,67b6f1ed2a7f38289e8e26e0c8631887c6debd49364429f7f1f893045039bdd9,in_ooty,11.4102,76.695,2026,2026-06-30,2026-07-06,168,2026-06-30,2026-07-06
/Users/vidura/Code/big-weather/data/regional-2020-2025/raw/weather/location_id=in_ooty/year=2026/weather-2026-07-07-2026-07-13.parquet,84678bd391a815d9422495625f6a7afed6f7adba7df0c1bf767c0b64da6c982e,51931,b936bdc357a38beac34651fb0a3030aef899704a699d9ab3573cab8151923470,in_ooty,11.4102,76.695,2026,2026-07-07,2026-07-13,168,2026-07-07,2026-07-13
/Users/vidura/Code/big-weather/data/regional-2020-2025/raw/weather/location_id=in_ooty/year=2026/weather-2026-07-14-2026-07-20.parquet,0abc71d404f2f913c3b57b363dea2468efe5c9fa1bc7a632039995899aa1f6cc,51802,0634d0b59b25160747f15a3dc31be4253ae864c41f26a8f8bf32b5acf14c1788,in_ooty,11.4102,76.695,2026,2026-07-14,2026-07-20,168,2026-07-14,2026-07-20
/Users/vidura/Code/big-weather/data/regional-2020-2025/raw/weather/location_id=in_ooty/year=2026/weather-2026-07-21-2026-07-27.parquet,e2b5207022a184790837c0b0c35aa719511b58e3f4b841e0763ac3863b0cf71c,51259,3f2d5311c51a3ae0c4cfa480fa0ab6fc68cd0bde0ad0fa39e13462efee7294a0,in_ooty,11.4102,76.695,2026,2026-07-21,2026-07-27,168,2026-07-21,2026-07-27
/Users/vidura/Code/big-weather/data/regional-2020-2025/raw/weather/location_id=in_ooty/year=2026/weather-2026-07-28-2026-08-03.parquet,8e7e4eb4cd94fb772968901642d982284066aa51ec464ac032a4e323bb536132,51414,246d5e524acfe73738770d79812151b827adf49add5836c1d717b96226561a4c,in_ooty,11.4102,76.695,2026,2026-07-28,2026-08-03,168,2026-07-28,2026-08-03
/Users/vidura/Code/big-weather/data/regional-2020-2025/raw/weather/location_id=in_ooty/year=2026/weather-2026-08-04-2026-08-10.parquet,5855990d4cfb8f926bff1bbbc57e6444a4842c513fa6fb25e468a3dd4b457b0b,51440,eb34423ac14a3c947bf74d4eefc3ccc526ed8193c31b704279d04a5f66fe5449,in_ooty,11.4102,76.695,2026,2026-08-04,2026-08-10,168,2026-08-04,2026-08-10
/Users/vidura/Code/big-weather/data/regional-2020-2025/raw/weather/location_id=in_ooty/year=2026/weather-2026-08-11-2026-08-17.parquet,cb94984aeb811ae155fc92b3188c149f416944a706eb94f62b8d5d5db7b6b445,51105,9bb1194cb019c2aa607ab00acc9af08132ef78b1be3292b21f04b7b0e6ef6c2b,in_ooty,11.4102,76.695,2026,2026-08-11,2026-08-17,168,2026-08-11,2026-08-17
/Users/vidura/Code/big-weather/data/regional-2020-2025/raw/weather/location_id=in_ooty/year=2026/weather-2026-08-18-2026-08-24.parquet,0fd6dee32e2458e27b76c1ef713e4a7e1f9aa4f477d90c723913e2a3ac6c1e38,51484,4233f3d54cdfd48c26ac4f476acd6fce1801ff8733e6af71b896ab31572ccf31,in_ooty,11.4102,76.695,2026,2026-08-18,2026-08-24,168,2026-08-18,2026-08-24
/Users/vidura/Code/big-weather/data/regional-2020-2025/raw/weather/location_id=in_ooty/year=2026/weather-2026-08-25-2026-08-31.parquet,d24850cd76a1dca3dd1dde2454cef9004b7ea0b02a1154970ee2a6815fadb620,52048,33a9172a5d1492e9c4d0d49f0e1b3234e701d12828ac1ef9d678ca96f0d55efc,in_ooty,11.4102,76.695,2026,2026-08-25,2026-08-31,168,2026-08-25,2026-08-31
/Users/vidura/Code/big-weather/data/regional-2020-2025/raw/weather/location_id=in_shillong/year=2026/weather-2026-04-28-2026-05-04.parquet,78495f3a002f9fe5daddf1748bcee9440db3962f907a2843b8ed570d1df94faa,52728,76996e5463e9a8e63ed483b6b91dce96340043c60a39be23157a361977a08924,in_shillong,25.5788,91.8933,2026,2026-04-28,2026-05-04,168,2026-04-28,2026-05-04
/Users/vidura/Code/big-weather/data/regional-2020-2025/raw/weather/location_id=in_shillong/year=2026/weather-2026-05-05-2026-05-11.parquet,36aa2546c2d83dc1a4c6aaad62821351c049e0a634581d0fc29d0181f65d8681,53439,11d06b0a3ada8e46a4d52cc40dfffffe590c6398c4d5c4d570af958c02696ace,in_shillong,25.5788,91.8933,2026,2026-05-05,2026-05-11,168,2026-05-05,2026-05-11
/Users/vidura/Code/big-weather/data/regional-2020-2025/raw/weather/location_id=in_shillong/year=2026/weather-2026-05-12-2026-05-18.parquet,7976746f05c842b162a8a0e50106abde282bb4066012f6a705cc9f68bc784156,53663,3c91f2504e64e522122e7c60922709299c5d37c9cede981ef1c9be0aeac77279,in_shillong,25.5788,91.8933,2026,2026-05-12,2026-05-18,168,2026-05-12,2026-05-18
/Users/vidura/Code/big-weather/data/regional-2020-2025/raw/weather/location_id=in_shillong/year=2026/weather-2026-05-19-2026-05-25.parquet,e5dbf8519eb3c27641a14e1ace63f191c726c00b1aea2586f536230446f3da52,53156,b6f43345e190949b41f5b41e10432fe673f0bc023b45d1276af7be08119157c8,in_shillong,25.5788,91.8933,2026,2026-05-19,2026-05-25,168,2026-05-19,2026-05-25
/Users/vidura/Code/big-weather/data/regional-2020-2025/raw/weather/location_id=in_shillong/year=2026/weather-2026-05-26-2026-06-01.parquet,360c7bfc607a7bd58955b624eeabcbdbb34b6d5263f3d7cfe66c18366bde6ca8,53782,d091e88dd6306665b5f49c3b1bf69803ed924e1eddb6358ecc319118418de425,in_shillong,25.5788,91.8933,2026,2026-05-26,2026-06-01,168,2026-05-26,2026-06-01
/Users/vidura/Code/big-weather/data/regional-2020-2025/raw/weather/location_id=in_shillong/year=2026/weather-2026-06-02-2026-06-08.parquet,916c5929d3faaed9b70e4fa010396fb8fa0ee8377f9efbb9db009eb74d7a2556,52781,d72fafd43ebc086c36debad41392199aca3688c85eba3f2f366c9f790b27024a,in_shillong,25.5788,91.8933,2026,2026-06-02,2026-06-08,168,2026-06-02,2026-06-08
/Users/vidura/Code/big-weather/data/regional-2020-2025/raw/weather/location_id=in_shillong/year=2026/weather-2026-06-09-2026-06-15.parquet,5e73568b94d2211ec48b7123b70b127c4b48775cab12aa1c1664115217621cf0,52600,fa4abbe576f16ddcd1dcb2fbf21b10ff124ff8d0ff40ca6199d3caaf5d226f91,in_shillong,25.5788,91.8933,2026,2026-06-09,2026-06-15,168,2026-06-09,2026-06-15
/Users/vidura/Code/big-weather/data/regional-2020-2025/raw/weather/location_id=in_shillong/year=2026/weather-2026-06-16-2026-06-22.parquet,2d37e60d70b1f61d867e0bb0c04c0bb71936ba191098deeb9625373fd72d5049,52372,86ee5f8b9dc92baff5a0dddd31bf15ba92908f666570ad76e94abbb1b6119829,in_shillong,25.5788,91.8933,2026,2026-06-16,2026-06-22,168,2026-06-16,2026-06-22
/Users/vidura/Code/big-weather/data/regional-2020-2025/raw/weather/location_id=in_shillong/year=2026/weather-2026-06-23-2026-06-29.parquet,88cec536652866623edac67be465e06b2727f5157d9ce8943abd6d1c8c2e7bfd,52633,6f664291923f5e1ad3391893956412492bd8813cbaeb3480452963f60e4e8167,in_shillong,25.5788,91.8933,2026,2026-06-23,2026-06-29,168,2026-06-23,2026-06-29
/Users/vidura/Code/big-weather/data/regional-2020-2025/raw/weather/location_id=in_shillong/year=2026/weather-2026-06-30-2026-07-06.parquet,dfadb3b3ab96f49a9ba7953d26e3e1fa5a851df48e998d07fdc6a4ee52f6a45e,53408,7fee84f7682549e2b3fafdf07655dd997cf2fb00db09f34186bfe8337a603df8,in_shillong,25.5788,91.8933,2026,2026-06-30,2026-07-06,168,2026-06-30,2026-07-06
/Users/vidura/Code/big-weather/data/regional-2020-2025/raw/weather/location_id=in_shillong/year=2026/weather-2026-07-07-2026-07-13.parquet,29509d7789f5f59e1b9861c8038d477ea852555eb93cc3f3290556854768aed0,51847,9b3f4025cacc4f4a96ee3c43b3329fde19c8873e6dd6eccdea448ee290dd5620,in_shillong,25.5788,91.8933,2026,2026-07-07,2026-07-13,168,2026-07-07,2026-07-13
/Users/vidura/Code/big-weather/data/regional-2020-2025/raw/weather/location_id=in_shillong/year=2026/weather-2026-07-14-2026-07-20.parquet,036082463b793d0fb44d1cfd2edea11f1e204f6ea138e6953d7f43b6e4966ee3,53013,5a31d358b536f3035d643812a9b96b43a0b458463e90bf61502cdad0edd41069,in_shillong,25.5788,91.8933,2026,2026-07-14,2026-07-20,168,2026-07-14,2026-07-20
/Users/vidura/Code/big-weather/data/regional-2020-2025/raw/weather/location_id=in_shillong/year=2026/weather-2026-07-21-2026-07-27.parquet,51a26b24a4a8ab62de5956ea23672315fa7efded13218f763e1abc303318bba0,52912,eaaa121ab811679191951d403c0e30f8d5677e93a17759770f2afc39c01fe56a,in_shillong,25.5788,91.8933,2026,2026-07-21,2026-07-27,168,2026-07-21,2026-07-27
/Users/vidura/Code/big-weather/data/regional-2020-2025/raw/weather/location_id=in_shillong/year=2026/weather-2026-07-28-2026-08-03.parquet,40c8ca05a2f72b82f76c1445cab2b0221ce93574e3ac63a495de53e4817fbb2a,51869,4990cb2f75712acc053255a5aa22398203ec6925fd3f1230f861c3a8f327125f,in_shillong,25.5788,91.8933,2026,2026-07-28,2026-08-03,168,2026-07-28,2026-08-03
/Users/vidura/Code/big-weather/data/regional-2020-2025/raw/weather/location_id=in_shillong/year=2026/weather-2026-08-04-2026-08-10.parquet,6aad544a8dd32869ebd8cb49af01e935c8d99e9200303f9dbf828561b426fdc0,53006,e281852ed33873cd46e22060f3cac7a125229f0dc2d4dd90fef1a5c42c92d6ac,in_shillong,25.5788,91.8933,2026,2026-08-04,2026-08-10,168,2026-08-04,2026-08-10
/Users/vidura/Code/big-weather/data/regional-2020-2025/raw/weather/location_id=in_shillong/year=2026/weather-2026-08-11-2026-08-17.parquet,644ce08ae89bf0eccd7979046b9c33692212fd11e0807bb59365e436d4769e8f,52952,d95403c45fda885f30f742fd4a66c790d68a8d3f2f32ae854448a715142af7e7,in_shillong,25.5788,91.8933,2026,2026-08-11,2026-08-17,168,2026-08-11,2026-08-17
/Users/vidura/Code/big-weather/data/regional-2020-2025/raw/weather/location_id=in_shillong/year=2026/weather-2026-08-18-2026-08-24.parquet,fa13291b4050885d5ca72b155e482ddfd512a1e163d47523f85d5e02a5ec738b,52396,08b4d39334268ecfa3c907d5af16131444c3465fe2d8ccaf1e6018938ca95fbb,in_shillong,25.5788,91.8933,2026,2026-08-18,2026-08-24,168,2026-08-18,2026-08-24
/Users/vidura/Code/big-weather/data/regional-2020-2025/raw/weather/location_id=in_shillong/year=2026/weather-2026-08-25-2026-08-31.parquet,ce2ac1d5a3d0f128f9510481bbfcf695d46b902b91d3fcf245b8654024075e1d,52604,96e2c73fcf1373bf31ad810b0bbdc9bb76e6e9bc1ff477a38481a9283d843ae0,in_shillong,25.5788,91.8933,2026,2026-08-25,2026-08-31,168,2026-08-25,2026-08-31
/Users/vidura/Code/big-weather/data/regional-2020-2025/raw/weather/location_id=in_tawang/year=2026/weather-2026-04-28-2026-05-04.parquet,e3976a46c19de2826735675fc8f0d4aef9384a8e0c5a2a6f6aeb8d0a1869b57f,52908,fe59fe357d118e38716172a2a55bab234c0aa669528a7a96fd398208ac4457fa,in_tawang,27.5861,91.8594,2026,2026-04-28,2026-05-04,168,2026-04-28,2026-05-04
/Users/vidura/Code/big-weather/data/regional-2020-2025/raw/weather/location_id=in_tawang/year=2026/weather-2026-05-05-2026-05-11.parquet,2d3f5f967d8806b6a8f13c7cd1c0e84327784add989420261ee6d1c4b0ae05d9,53400,41611a5befe27902b2fb4cde2b3f117c47b0f4cd34d9f60baca5ff5c9b7f407e,in_tawang,27.5861,91.8594,2026,2026-05-05,2026-05-11,168,2026-05-05,2026-05-11
/Users/vidura/Code/big-weather/data/regional-2020-2025/raw/weather/location_id=in_tawang/year=2026/weather-2026-05-12-2026-05-18.parquet,4c17da34a3408ed56ff66421f0849a888299167c3d985fdb3af4a541a370eda5,53257,00e15f61494f07a87cc2b9ff312af12d4397181bf1cff4d50184729d71f7199c,in_tawang,27.5861,91.8594,2026,2026-05-12,2026-05-18,168,2026-05-12,2026-05-18
/Users/vidura/Code/big-weather/data/regional-2020-2025/raw/weather/location_id=in_tawang/year=2026/weather-2026-05-19-2026-05-25.parquet,db4f8cccda9d3eccb47f7534c23df761c3b8877a32b58e7b023ec7c2d9a26e3e,53485,0547552097240a483d631fe6eb65158e72a79347a194fa917c053580e9f81412,in_tawang,27.5861,91.8594,2026,2026-05-19,2026-05-25,168,2026-05-19,2026-05-25
/Users/vidura/Code/big-weather/data/regional-2020-2025/raw/weather/location_id=in_tawang/year=2026/weather-2026-05-26-2026-06-01.parquet,cc015e1e34271dbf2715db2ad4bfbdc68491d9a2b75ab0d747613be4e2f29a42,53535,a3ec0908ad7d52e5602806d17f0f0b69c7a9688e470d851b464f4fb71b0131c9,in_tawang,27.5861,91.8594,2026,2026-05-26,2026-06-01,168,2026-05-26,2026-06-01
/Users/vidura/Code/big-weather/data/regional-2020-2025/raw/weather/location_id=in_tawang/year=2026/weather-2026-06-02-2026-06-08.parquet,7b452e57ca5445bfdc50c770647a402662f81988d3fe6e3b2aa17df0cd46ddac,53258,d0f84e54046fda51772224ac66fca332cfbbf0b67cec89f050c9d112969243ea,in_tawang,27.5861,91.8594,2026,2026-06-02,2026-06-08,168,2026-06-02,2026-06-08
/Users/vidura/Code/big-weather/data/regional-2020-2025/raw/weather/location_id=in_tawang/year=2026/weather-2026-06-09-2026-06-15.parquet,bb9497a6c87c626528c7092160962c9fd664c7259ed3c8aa116c73fadadb44ab,53022,ad09e0e7bd79261678e09ccafb4e2a096dd5a7cc7fa1b67ee9493cac377cee6c,in_tawang,27.5861,91.8594,2026,2026-06-09,2026-06-15,168,2026-06-09,2026-06-15
/Users/vidura/Code/big-weather/data/regional-2020-2025/raw/weather/location_id=in_tawang/year=2026/weather-2026-06-16-2026-06-22.parquet,78adc3f3a889a729cc21d3d0578b110b196dc15396913b7587ae4a83bf710ce3,53104,283fce317a78641f2cd3937cbb0c51bdbd4bda8ea31eb9809f126f9f0a1c7bde,in_tawang,27.5861,91.8594,2026,2026-06-16,2026-06-22,168,2026-06-16,2026-06-22
/Users/vidura/Code/big-weather/data/regional-2020-2025/raw/weather/location_id=in_tawang/year=2026/weather-2026-06-23-2026-06-29.parquet,9f1c7e01b9b65021f8e4cc142a445dae742b57adebf96e9f763baf1f69a889f3,53227,f3a6fc9d526df4380ba469215855478f499d67e36d953548147637416ec22cfd,in_tawang,27.5861,91.8594,2026,2026-06-23,2026-06-29,168,2026-06-23,2026-06-29
/Users/vidura/Code/big-weather/data/regional-2020-2025/raw/weather/location_id=in_tawang/year=2026/weather-2026-06-30-2026-07-06.parquet,83447ddeaf613bc72f989a8ad37afb25327af5106b46401aa1395a4114e05431,52794,5c596deb888fbea893e492aff3ba0f5a7b9503137d642ff505e26c6e70377b02,in_tawang,27.5861,91.8594,2026,2026-06-30,2026-07-06,168,2026-06-30,2026-07-06
/Users/vidura/Code/big-weather/data/regional-2020-2025/raw/weather/location_id=in_tawang/year=2026/weather-2026-07-07-2026-07-13.parquet,a841dfda291c437776ab5f807f8efc6e7eed487354a4a97c2423e5f16a919166,50856,7d0ee58a78ffe011e449195413ac6523f07fc608cbea7d09f69fd20b6ef8fd1e,in_tawang,27.5861,91.8594,2026,2026-07-07,2026-07-13,168,2026-07-07,2026-07-13
/Users/vidura/Code/big-weather/data/regional-2020-2025/raw/weather/location_id=in_tawang/year=2026/weather-2026-07-14-2026-07-20.parquet,6e883e7669ec8e82b73943b202122e8319e51a61fa1a48f39c565ed432078eeb,51572,acc366d9ccfd5b6a092f3c0866c60ac1f82e04adbd34fdbe5c2b61ead00fbb32,in_tawang,27.5861,91.8594,2026,2026-07-14,2026-07-20,168,2026-07-14,2026-07-20
/Users/vidura/Code/big-weather/data/regional-2020-2025/raw/weather/location_id=in_tawang/year=2026/weather-2026-07-21-2026-07-27.parquet,a1c5510d48fe6d9115c80128609b8c0547d101a474ea1b14c3a7e408027879ea,52426,eeac9fdd7ba59f6e6bee72b4859713d41e7e533e61862b2cd9140c3998274e79,in_tawang,27.5861,91.8594,2026,2026-07-21,2026-07-27,168,2026-07-21,2026-07-27
/Users/vidura/Code/big-weather/data/regional-2020-2025/raw/weather/location_id=in_tawang/year=2026/weather-2026-07-28-2026-08-03.parquet,550b886b21f477f5f0084cbcc404aa16d312430815efec7cb050b8d6946fd773,51109,87d0f4f0a14b040e71f718ab3fa5d937e3f3475dfe4a6a0dd22f29e3f79cd904,in_tawang,27.5861,91.8594,2026,2026-07-28,2026-08-03,168,2026-07-28,2026-08-03
/Users/vidura/Code/big-weather/data/regional-2020-2025/raw/weather/location_id=in_tawang/year=2026/weather-2026-08-04-2026-08-10.parquet,1ce23093ff6eaf83b9897d364a63fcd1028c8da1ca57034d1a453e046b35e300,52225,0fec92062705c41d06f1a37623c4d161fd2ec7c4f3ce6893a723304e5ace5485,in_tawang,27.5861,91.8594,2026,2026-08-04,2026-08-10,168,2026-08-04,2026-08-10
/Users/vidura/Code/big-weather/data/regional-2020-2025/raw/weather/location_id=in_tawang/year=2026/weather-2026-08-11-2026-08-17.parquet,740a21d1d50a0795f6640dc4acb8e06a460a81d37ba9f6397c1b15cd95b5ad33,53288,7dc2bf25e38db6dfc3db3e317507faea21c76d00eb0a5752ec3f0b7819f04913,in_tawang,27.5861,91.8594,2026,2026-08-11,2026-08-17,168,2026-08-11,2026-08-17
/Users/vidura/Code/big-weather/data/regional-2020-2025/raw/weather/location_id=in_tawang/year=2026/weather-2026-08-18-2026-08-24.parquet,e155856847afc4add3119a16e4c4ddd6533eff8dbbb5dc4a50d9af45c4e2f61f,51313,b79e98a4f56a37131b705d740777e29471ac6090a8721a5e66ce5954c9b5908a,in_tawang,27.5861,91.8594,2026,2026-08-18,2026-08-24,168,2026-08-18,2026-08-24
/Users/vidura/Code/big-weather/data/regional-2020-2025/raw/weather/location_id=in_tawang/year=2026/weather-2026-08-25-2026-08-31.parquet,40ecf77651523ecc79ae2adfdf5cc5d8a355b4679e3ad63cd6130f64d5ef98de,51735,0d0eccdd66d63f0e7f00e5ab9b6cbe05f0c4f89187998a3b461a00e8b28ace04,in_tawang,27.5861,91.8594,2026,2026-08-25,2026-08-31,168,2026-08-25,2026-08-31
/Users/vidura/Code/big-weather/data/regional-2020-2025/raw/weather/location_id=in_thiruvananthapuram/year=2026/weather-2026-04-28-2026-05-04.parquet,13e6c6c7c31fae3ae2bb254b2d81986a4cc821f5e69eae8375d7f39e9dbea41f,52637,e8be6c48d80d7e57e0af206ffa659c322621719a9661db1ebafd3e02ebc95f84,in_thiruvananthapuram,8.5241,76.9366,2026,2026-04-28,2026-05-04,168,2026-04-28,2026-05-04
/Users/vidura/Code/big-weather/data/regional-2020-2025/raw/weather/location_id=in_thiruvananthapuram/year=2026/weather-2026-05-05-2026-05-11.parquet,7e8983db344b4afbe0343d2a1c96811b22a887f7147c31b53e37b6160d5f911a,53205,f63bcb0f34b3732a87cf8675c85ac32cab151ddf5317ffae9b9693d21e7b88d6,in_thiruvananthapuram,8.5241,76.9366,2026,2026-05-05,2026-05-11,168,2026-05-05,2026-05-11
/Users/vidura/Code/big-weather/data/regional-2020-2025/raw/weather/location_id=in_thiruvananthapuram/year=2026/weather-2026-05-12-2026-05-18.parquet,cd27b9ffb448dd8313424da0ea896be98ae174e286e4e94c74f47264658c5c4b,52846,3f05a81669bd93d9c4c9a9e21659fb038ee513ac57bfe07fd12392486500043f,in_thiruvananthapuram,8.5241,76.9366,2026,2026-05-12,2026-05-18,168,2026-05-12,2026-05-18
/Users/vidura/Code/big-weather/data/regional-2020-2025/raw/weather/location_id=in_thiruvananthapuram/year=2026/weather-2026-05-19-2026-05-25.parquet,780898345e62b5ce0de87071855d95298ed62119f2e2a10a79de6bdf6ee9823a,52613,69dae9e631ab4c69bcfa821e4caa1b0fc72e0d4f23561c2284da889308ea9c01,in_thiruvananthapuram,8.5241,76.9366,2026,2026-05-19,2026-05-25,168,2026-05-19,2026-05-25
/Users/vidura/Code/big-weather/data/regional-2020-2025/raw/weather/location_id=in_thiruvananthapuram/year=2026/weather-2026-05-26-2026-06-01.parquet,296caf2f0c99af9c79aa201d76f4ceffebfc0193bfe68e86d380466d579a81c4,52109,4052f2bdab4025ea0e2a16fbb12f955ac626f0b5b27b2822b5ba39d24d16ad95,in_thiruvananthapuram,8.5241,76.9366,2026,2026-05-26,2026-06-01,168,2026-05-26,2026-06-01
/Users/vidura/Code/big-weather/data/regional-2020-2025/raw/weather/location_id=in_thiruvananthapuram/year=2026/weather-2026-06-02-2026-06-08.parquet,2926a8b2965eda405b4d59505bfadea6254f2064feb7037a99a0c8821f0adc0e,52926,15d70574c1219317660566b4301a7cb0a998e7623e33f1763c9d29cd5379bf43,in_thiruvananthapuram,8.5241,76.9366,2026,2026-06-02,2026-06-08,168,2026-06-02,2026-06-08
/Users/vidura/Code/big-weather/data/regional-2020-2025/raw/weather/location_id=in_thiruvananthapuram/year=2026/weather-2026-06-09-2026-06-15.parquet,0f5d037372ab89fefe0c0569b682933635e894d57d8f03f6f4f8658b82c4890b,52521,2db509352f124dfe55b319c2b44464e56fe609d3afec98d7087ba4ae5bc30ac2,in_thiruvananthapuram,8.5241,76.9366,2026,2026-06-09,2026-06-15,168,2026-06-09,2026-06-15
/Users/vidura/Code/big-weather/data/regional-2020-2025/raw/weather/location_id=in_thiruvananthapuram/year=2026/weather-2026-06-16-2026-06-22.parquet,8243372aa4e4a97b4da616fc0cc18481034f5e6de09745e8ecf1f5266f31ecca,52122,5eafa84d22b81e263c37c5f66a0a9d214dc27eef0cd3108bae890a5fa7beeac8,in_thiruvananthapuram,8.5241,76.9366,2026,2026-06-16,2026-06-22,168,2026-06-16,2026-06-22
/Users/vidura/Code/big-weather/data/regional-2020-2025/raw/weather/location_id=in_thiruvananthapuram/year=2026/weather-2026-06-23-2026-06-29.parquet,32447da54ad687c580e9c15a28f6adc9dc7276ebebfef3bedaef864d385f3938,51535,a6b3cdd3345e0df2069399db0d02fe476232340dcffa0379dcb5c55273a2afe3,in_thiruvananthapuram,8.5241,76.9366,2026,2026-06-23,2026-06-29,168,2026-06-23,2026-06-29
/Users/vidura/Code/big-weather/data/regional-2020-2025/raw/weather/location_id=in_thiruvananthapuram/year=2026/weather-2026-06-30-2026-07-06.parquet,bc142a09faf198d66d079ebcb5e24393a3c438bca5c43500ef9d4f162abe7d81,52563,52bfa8bfc8d9e3225b554d998c3ceec560a89950d63a56fb3d0ac6bf1ee051df,in_thiruvananthapuram,8.5241,76.9366,2026,2026-06-30,2026-07-06,168,2026-06-30,2026-07-06
/Users/vidura/Code/big-weather/data/regional-2020-2025/raw/weather/location_id=in_thiruvananthapuram/year=2026/weather-2026-07-07-2026-07-13.parquet,66cf17dda0197071d510a625bbc717936915240a0b65bbe038fd840e2f64c57e,51331,5f6a2357f25131bcbaa64a172aa893ef8deed6855d5f15067389e67490ee51a2,in_thiruvananthapuram,8.5241,76.9366,2026,2026-07-07,2026-07-13,168,2026-07-07,2026-07-13
/Users/vidura/Code/big-weather/data/regional-2020-2025/raw/weather/location_id=in_thiruvananthapuram/year=2026/weather-2026-07-14-2026-07-20.parquet,1aa02a4770a582486a1ea48af2fc1cd3b82d1782d186c68adf713a2c12e3b60d,51070,e5a0b0a3c09f269e5c5a15d5e0f739bf8be8da332b255ec7f18ef19995da9c83,in_thiruvananthapuram,8.5241,76.9366,2026,2026-07-14,2026-07-20,168,2026-07-14,2026-07-20
/Users/vidura/Code/big-weather/data/regional-2020-2025/raw/weather/location_id=in_thiruvananthapuram/year=2026/weather-2026-07-21-2026-07-27.parquet,06dd67d24c4caa73c8ac587aecdcafdd98f522bec46451e40cee6341fcfcb775,51496,413255385a961894e8008fd10f76a9e93bb5e2d01d14c80e5bb8c51f389f8ac4,in_thiruvananthapuram,8.5241,76.9366,2026,2026-07-21,2026-07-27,168,2026-07-21,2026-07-27
/Users/vidura/Code/big-weather/data/regional-2020-2025/raw/weather/location_id=in_thiruvananthapuram/year=2026/weather-2026-07-28-2026-08-03.parquet,38abbce381bd1b010f0563ce0b7460149cbd5affadea36d94ad371f8281bbdbf,52328,a5ad6de8dd49e2459d3e5e4a3cc6737babc938af9f7778ca492926a80d205696,in_thiruvananthapuram,8.5241,76.9366,2026,2026-07-28,2026-08-03,168,2026-07-28,2026-08-03
/Users/vidura/Code/big-weather/data/regional-2020-2025/raw/weather/location_id=in_thiruvananthapuram/year=2026/weather-2026-08-04-2026-08-10.parquet,949701aa63a9d479dadb8217ae024316a9bf2777d1634905fc9a68419f27ce4d,51960,d7de0d9495a00588e92ef5056aaef3195d045749fb574765580e026f7b8f31ff,in_thiruvananthapuram,8.5241,76.9366,2026,2026-08-04,2026-08-10,168,2026-08-04,2026-08-10
/Users/vidura/Code/big-weather/data/regional-2020-2025/raw/weather/location_id=in_thiruvananthapuram/year=2026/weather-2026-08-11-2026-08-17.parquet,d7391de4ec761ce78ade8fcdcbf2971153486a3d55e4393787713f65da84b0fc,51264,4ca8bbeb35ee3cd502d8e91a52a0f705d52ff3b2898916d51d3d0e302d0580c9,in_thiruvananthapuram,8.5241,76.9366,2026,2026-08-11,2026-08-17,168,2026-08-11,2026-08-17
/Users/vidura/Code/big-weather/data/regional-2020-2025/raw/weather/location_id=in_thiruvananthapuram/year=2026/weather-2026-08-18-2026-08-24.parquet,3d4f44d2f6706898fda04b5ce15f81afff3b4adc1d27af8b9fd56d4ba5dd9c8f,51212,1b53b89c47fcb67111e300a7027c7531487ba5ec1ca91c5fbdbd8c3efe833559,in_thiruvananthapuram,8.5241,76.9366,2026,2026-08-18,2026-08-24,168,2026-08-18,2026-08-24
/Users/vidura/Code/big-weather/data/regional-2020-2025/raw/weather/location_id=in_thiruvananthapuram/year=2026/weather-2026-08-25-2026-08-31.parquet,cafa91883310e2a323fc85c97b8cbe5d57af63a09349366b5eacc0158c3a43b9,51459,f09fdd8a3e8a792cc729af4b776ed0f36011b874f82dd36eeda0ea9c1effb236,in_thiruvananthapuram,8.5241,76.9366,2026,2026-08-25,2026-08-31,168,2026-08-25,2026-08-31
/Users/vidura/Code/big-weather/data/regional-2020-2025/raw/weather/location_id=in_thoothukudi/year=2026/weather-2026-04-28-2026-05-04.parquet,62b18df3da8b65a2113b7e160eea478451a7d7e1ac4da62cbead7f24ec3b6b9a,51469,6bb92d409f7736e8684630598148a7e6dc2f944414be089b500f7de38f5a1144,in_thoothukudi,8.7642,78.1348,2026,2026-04-28,2026-05-04,168,2026-04-28,2026-05-04
/Users/vidura/Code/big-weather/data/regional-2020-2025/raw/weather/location_id=in_thoothukudi/year=2026/weather-2026-05-05-2026-05-11.parquet,f21d626f81f6ea3557b6bf9ef7b74d725be15cdd748ad2709b1ee9c574b43f91,53356,2cced32f91ff78a2a0caa741f2e0ced54951546851c2ece1aee8def3818ff336,in_thoothukudi,8.7642,78.1348,2026,2026-05-05,2026-05-11,168,2026-05-05,2026-05-11
/Users/vidura/Code/big-weather/data/regional-2020-2025/raw/weather/location_id=in_thoothukudi/year=2026/weather-2026-05-12-2026-05-18.parquet,780194087e1eaa31d928a6a0bb2517476915591e7b01f5b2e3c554633dc181e7,52714,0c5f171caee86d2123af5c73934b54fcae56a6eff4ec778f5e5e2bac8b682a41,in_thoothukudi,8.7642,78.1348,2026,2026-05-12,2026-05-18,168,2026-05-12,2026-05-18
/Users/vidura/Code/big-weather/data/regional-2020-2025/raw/weather/location_id=in_thoothukudi/year=2026/weather-2026-05-19-2026-05-25.parquet,823152ab65203157e0dbe57ac4c658a9c18cb36b6197267424700bacdb30821a,52137,20dfc6fc9813997e1baa8069419079491654123fbbd61ac5d61d755e20ea44d1,in_thoothukudi,8.7642,78.1348,2026,2026-05-19,2026-05-25,168,2026-05-19,2026-05-25
/Users/vidura/Code/big-weather/data/regional-2020-2025/raw/weather/location_id=in_thoothukudi/year=2026/weather-2026-05-26-2026-06-01.parquet,c33f0ef74038168441d6b8e529ff0713fc08d47a125f9c00b9d394005d0d1715,51236,2963d4b362c569b6d2929768c8c761ec5eb0681a371b97299309c7f5a3bd4478,in_thoothukudi,8.7642,78.1348,2026,2026-05-26,2026-06-01,168,2026-05-26,2026-06-01
/Users/vidura/Code/big-weather/data/regional-2020-2025/raw/weather/location_id=in_thoothukudi/year=2026/weather-2026-06-02-2026-06-08.parquet,0a6372731314a9478e6b5c461409e58fc5729f1786d1c59e312a40158a232a57,51542,97a778f672310120e9d7f36c89739a1b3bca8d67cf9fcd6b80ba1dda95435909,in_thoothukudi,8.7642,78.1348,2026,2026-06-02,2026-06-08,168,2026-06-02,2026-06-08
/Users/vidura/Code/big-weather/data/regional-2020-2025/raw/weather/location_id=in_thoothukudi/year=2026/weather-2026-06-09-2026-06-15.parquet,5ebeb21ac0773a12b76141e61417bcada7fdeb5258b806be8723b11c81d9c8d4,51454,cfd7c7a09973171752322ebd7413efa4bd8ef3bb7f1d55757aa075c9ee980662,in_thoothukudi,8.7642,78.1348,2026,2026-06-09,2026-06-15,168,2026-06-09,2026-06-15
/Users/vidura/Code/big-weather/data/regional-2020-2025/raw/weather/location_id=in_thoothukudi/year=2026/weather-2026-06-16-2026-06-22.parquet,b6f70d40a0d0f46d7e04c16d3a23999eb9baad901b81cc8d39efb09b4b8e8edb,51363,83a63f8451545585e00456c5aa14287bf0f0c07db0332be936114a9abd2904ed,in_thoothukudi,8.7642,78.1348,2026,2026-06-16,2026-06-22,168,2026-06-16,2026-06-22
/Users/vidura/Code/big-weather/data/regional-2020-2025/raw/weather/location_id=in_thoothukudi/year=2026/weather-2026-06-23-2026-06-29.parquet,bba04d1dc1abc279eebafdd896fda97b075de632a66719fe10cba77e6bd8a143,51382,27a1950519055191730e615d4b477521b77bd6fd099105eee04d75de8c01d841,in_thoothukudi,8.7642,78.1348,2026,2026-06-23,2026-06-29,168,2026-06-23,2026-06-29
/Users/vidura/Code/big-weather/data/regional-2020-2025/raw/weather/location_id=in_thoothukudi/year=2026/weather-2026-06-30-2026-07-06.parquet,426a04894dfc2eb16a61ef939ffe37861f1b791be31177be0b93dddb9536d210,52024,d493075e7fa349f8580e61ad77f2a331e551b3b3e26a7d7cb549491a20f79d24,in_thoothukudi,8.7642,78.1348,2026,2026-06-30,2026-07-06,168,2026-06-30,2026-07-06
/Users/vidura/Code/big-weather/data/regional-2020-2025/raw/weather/location_id=in_thoothukudi/year=2026/weather-2026-07-07-2026-07-13.parquet,3c024c5a30c4724ace44db80fe39bd6ecb0247d28746d1f9c07b6ee3f49d65e4,51149,6cb2ed56a48bcd00d67fb584266ad4693266362e75c85a6da2117acb8a805e8a,in_thoothukudi,8.7642,78.1348,2026,2026-07-07,2026-07-13,168,2026-07-07,2026-07-13
/Users/vidura/Code/big-weather/data/regional-2020-2025/raw/weather/location_id=in_thoothukudi/year=2026/weather-2026-07-14-2026-07-20.parquet,e32d00ec81716eda83d47af9384c051d3e9141d30a324b4ff7bc6967a7ddb3f1,50683,4b741d487f37e5a2b6085ab6034e82c35be728b2b2e92b6f053f3d753497087c,in_thoothukudi,8.7642,78.1348,2026,2026-07-14,2026-07-20,168,2026-07-14,2026-07-20
/Users/vidura/Code/big-weather/data/regional-2020-2025/raw/weather/location_id=in_thoothukudi/year=2026/weather-2026-07-21-2026-07-27.parquet,393ed56f6669473f226b1c6a9bf454e14a46d81ea5e9ba003acbcaa1f7529149,51082,c00ee76a5220b814adb8c4fef050dd78d2e41be5a9f67160250b754e6e46df7a,in_thoothukudi,8.7642,78.1348,2026,2026-07-21,2026-07-27,168,2026-07-21,2026-07-27
/Users/vidura/Code/big-weather/data/regional-2020-2025/raw/weather/location_id=in_thoothukudi/year=2026/weather-2026-07-28-2026-08-03.parquet,c59875e7b5b99d329307824601c7a106513e3bf901c584224f5990b0534abd68,51423,f16ac14feb29bb16eeb33ad2858dfddfbb106f9162de8aacdb47b01e55ef8ac4,in_thoothukudi,8.7642,78.1348,2026,2026-07-28,2026-08-03,168,2026-07-28,2026-08-03
/Users/vidura/Code/big-weather/data/regional-2020-2025/raw/weather/location_id=in_thoothukudi/year=2026/weather-2026-08-04-2026-08-10.parquet,1da8f9d129572def0db9ad4dae512bd67fb7539ee056148d1afb063179d0a216,51878,de4dc8c4a1a18f94cd878652c3a6d1553360e23eaeb5bc504c02924f522c50eb,in_thoothukudi,8.7642,78.1348,2026,2026-08-04,2026-08-10,168,2026-08-04,2026-08-10
/Users/vidura/Code/big-weather/data/regional-2020-2025/raw/weather/location_id=in_thoothukudi/year=2026/weather-2026-08-11-2026-08-17.parquet,d312a86added3f433ebbbcf2d8987c33b7223a7135cac71351d1258489628a7e,51258,d7d30cf20f7f234b030d6bfb1e0d24efe34ed58251852b977d60787d0e88c97b,in_thoothukudi,8.7642,78.1348,2026,2026-08-11,2026-08-17,168,2026-08-11,2026-08-17
/Users/vidura/Code/big-weather/data/regional-2020-2025/raw/weather/location_id=in_thoothukudi/year=2026/weather-2026-08-18-2026-08-24.parquet,496ef658d1c4bfb089541894058d9a5ed75dee38658f938c1794312434143a0b,50759,24e959e437d127616cfca2dbd4546e281841dc4e3b8b2b71b4fde1da2fcf12e4,in_thoothukudi,8.7642,78.1348,2026,2026-08-18,2026-08-24,168,2026-08-18,2026-08-24
/Users/vidura/Code/big-weather/data/regional-2020-2025/raw/weather/location_id=in_thoothukudi/year=2026/weather-2026-08-25-2026-08-31.parquet,d94e2c71fc0ac8cd276bcb36f107859c668d02f107dd110a2ae39fee9da3f93c,50872,21a7e2adc84822a96299eb0b5b9e4c516c52a2e348007f07221c06548b799d1d,in_thoothukudi,8.7642,78.1348,2026,2026-08-25,2026-08-31,168,2026-08-25,2026-08-31
/Users/vidura/Code/big-weather/data/regional-2020-2025/raw/weather/location_id=kh_bokor/year=2026/weather-2026-04-28-2026-05-04.parquet,cd6ec0c31e94db57a80ef67321c5bf6f2e98d27cb03666fc0508d91f7188c4f1,52929,8ce8f11b686e3b6c1450fb074efef8e5f7d885d378fa9d808a39a827cbbd727b,kh_bokor,10.628,104.028,2026,2026-04-28,2026-05-04,168,2026-04-28,2026-05-04
/Users/vidura/Code/big-weather/data/regional-2020-2025/raw/weather/location_id=kh_bokor/year=2026/weather-2026-05-05-2026-05-11.parquet,3c34ac783d2f36833886a270515054bef5de416d7c535b8887fc43716ed945ca,52663,95dc804022801c89305e3bc821b0c8c3a67d1c70cb851d33a3b627f8b2a15b86,kh_bokor,10.628,104.028,2026,2026-05-05,2026-05-11,168,2026-05-05,2026-05-11
/Users/vidura/Code/big-weather/data/regional-2020-2025/raw/weather/location_id=kh_bokor/year=2026/weather-2026-05-12-2026-05-18.parquet,1bbcac6e8dbe69495950174de90d06eda1d78922ad5bafee2652aa84a9402e9f,51993,8f864a5938d7303f02381afb41fdd775e1e561242ee6a71a4db72c1f3ccb5e7b,kh_bokor,10.628,104.028,2026,2026-05-12,2026-05-18,168,2026-05-12,2026-05-18
/Users/vidura/Code/big-weather/data/regional-2020-2025/raw/weather/location_id=kh_bokor/year=2026/weather-2026-05-19-2026-05-25.parquet,a719d504e91507626e4fdde3ebd29cecdf90e905674bbd9cfa929d7bd4971de4,52540,0f316c2016130fe58f4aa42070acfe75028c111bd7aafafeeff796ceb43a85cf,kh_bokor,10.628,104.028,2026,2026-05-19,2026-05-25,168,2026-05-19,2026-05-25
/Users/vidura/Code/big-weather/data/regional-2020-2025/raw/weather/location_id=kh_bokor/year=2026/weather-2026-05-26-2026-06-01.parquet,6cf5c950783a76140bdc489997e957bef12db0d3e3de1bf52903fcd48f8450b5,51930,83f225069a8d8f965043e381184dd4ad148a01e92e5464b879ddaa86a986a666,kh_bokor,10.628,104.028,2026,2026-05-26,2026-06-01,168,2026-05-26,2026-06-01
/Users/vidura/Code/big-weather/data/regional-2020-2025/raw/weather/location_id=kh_bokor/year=2026/weather-2026-06-02-2026-06-08.parquet,a076b85ae8508d1cd605df19b3a12c0ced9cb9d45dcaec268c19694800d483c8,51836,c66fa46d3bfd3507317bd91376d74b401e2c36072a8b055f5cebf11d72a79209,kh_bokor,10.628,104.028,2026,2026-06-02,2026-06-08,168,2026-06-02,2026-06-08
/Users/vidura/Code/big-weather/data/regional-2020-2025/raw/weather/location_id=kh_bokor/year=2026/weather-2026-06-09-2026-06-15.parquet,fbdace761675146128329c59ebeed8b2d5a0d2daa23017644a677164e9916f06,51897,f56b84e1a3e0a6ba59d8c23e8b071515edbfc0735b345cc8ecce257a2f7193fa,kh_bokor,10.628,104.028,2026,2026-06-09,2026-06-15,168,2026-06-09,2026-06-15
/Users/vidura/Code/big-weather/data/regional-2020-2025/raw/weather/location_id=kh_bokor/year=2026/weather-2026-06-16-2026-06-22.parquet,a25dbefee34c5374c2262f48912f7d2c6ffdbe7a70284e7b5d7da11ef80db700,51604,b9dbf037929145d4ee19b3c6e2d49c245e0329667df19bbf56939d8ad5764c0d,kh_bokor,10.628,104.028,2026,2026-06-16,2026-06-22,168,2026-06-16,2026-06-22
/Users/vidura/Code/big-weather/data/regional-2020-2025/raw/weather/location_id=kh_bokor/year=2026/weather-2026-06-23-2026-06-29.parquet,ead9fe0571f97c07bd7b24a2e0952403387e136bdde286299caee27a713a1afe,51148,f9ea72a9926ad436825f2b375cc7d4eebedbdacde190a7f822afcdf3f8bda2de,kh_bokor,10.628,104.028,2026,2026-06-23,2026-06-29,168,2026-06-23,2026-06-29
/Users/vidura/Code/big-weather/data/regional-2020-2025/raw/weather/location_id=kh_bokor/year=2026/weather-2026-06-30-2026-07-06.parquet,d071f331f210e15a35e1d09f7146cbdabfbf4eb9d88bec037f661b81e1722708,51937,d6ccfca1da17c67e4305b4c489bd389590e2235b599a9ce7de569b2297dbe287,kh_bokor,10.628,104.028,2026,2026-06-30,2026-07-06,168,2026-06-30,2026-07-06
/Users/vidura/Code/big-weather/data/regional-2020-2025/raw/weather/location_id=kh_bokor/year=2026/weather-2026-07-07-2026-07-13.parquet,09f274da22ce8d1a168317d7ee2156f039658ebbf17777900add81f53d3d55a1,52313,1c03614542e4b54e12270f1dd28242858d9cea3d148fb34b36d06572518730ac,kh_bokor,10.628,104.028,2026,2026-07-07,2026-07-13,168,2026-07-07,2026-07-13
/Users/vidura/Code/big-weather/data/regional-2020-2025/raw/weather/location_id=kh_bokor/year=2026/weather-2026-07-14-2026-07-20.parquet,9764e2465cd6409fd571ea59bbfe82c6cebc728db0b2592ce099bf2ca8365ef1,52193,83f99ac18ca0a2ccf2a36a279fe5dcde92061735c580b1fb95ced9c29f6764b3,kh_bokor,10.628,104.028,2026,2026-07-14,2026-07-20,168,2026-07-14,2026-07-20
/Users/vidura/Code/big-weather/data/regional-2020-2025/raw/weather/location_id=kh_bokor/year=2026/weather-2026-07-21-2026-07-27.parquet,a095683f445910b22f316d23cc9a2db16b8f5557e8cd4e65782ad9dff44abaaa,52182,94a7cad5ce4e3407c910d844e982f1a4b103e01bce843f6a549ac014876cac6c,kh_bokor,10.628,104.028,2026,2026-07-21,2026-07-27,168,2026-07-21,2026-07-27
/Users/vidura/Code/big-weather/data/regional-2020-2025/raw/weather/location_id=kh_bokor/year=2026/weather-2026-07-28-2026-08-03.parquet,eac8d1f139b80c4eb87ce89714ae448fcec18be9ea4b9022f719349c92c4338b,52402,3ddfc5f092c89b58f0a824f08280e4e6b712c07edfa9889c5376451b4c971f92,kh_bokor,10.628,104.028,2026,2026-07-28,2026-08-03,168,2026-07-28,2026-08-03
/Users/vidura/Code/big-weather/data/regional-2020-2025/raw/weather/location_id=kh_bokor/year=2026/weather-2026-08-04-2026-08-10.parquet,d88bbcc7a479fd19685e1cdfe22a9e754b10e572d75d064eab50c3d12191fec5,51455,8abf240301cc83a65ceda6e14545bf83e1594fee6226043da359220bfca5e336,kh_bokor,10.628,104.028,2026,2026-08-04,2026-08-10,168,2026-08-04,2026-08-10
/Users/vidura/Code/big-weather/data/regional-2020-2025/raw/weather/location_id=kh_bokor/year=2026/weather-2026-08-11-2026-08-17.parquet,222960f9ed28c4be7d8bb4dff3c16911b6d7ed6d761bd1b6eadbd00ce9d6d768,51224,19aeb802aa7ccbd4e2db90ed9789a7e1370c66e490b84c772c38dea248928158,kh_bokor,10.628,104.028,2026,2026-08-11,2026-08-17,168,2026-08-11,2026-08-17
/Users/vidura/Code/big-weather/data/regional-2020-2025/raw/weather/location_id=kh_bokor/year=2026/weather-2026-08-18-2026-08-24.parquet,d9d7d5b1b663eb0e7a4f3459bbd3f74b78c4b264c47e7e29d6e2749385926c5e,51451,23312e718507db8586dff8ca212f4c7c84a65a1defa542b3862f3ab8311fdfb4,kh_bokor,10.628,104.028,2026,2026-08-18,2026-08-24,168,2026-08-18,2026-08-24
/Users/vidura/Code/big-weather/data/regional-2020-2025/raw/weather/location_id=kh_bokor/year=2026/weather-2026-08-25-2026-08-31.parquet,8264cb65edc3634f706cf6d7f5b7b1f753aef83245cb88d8078b40d335d89ae4,50983,ec4d2949aeb480b478838ccffa9f5e7404bc8963ab6d69d19201c53bbc1e5d43,kh_bokor,10.628,104.028,2026,2026-08-25,2026-08-31,168,2026-08-25,2026-08-31
/Users/vidura/Code/big-weather/data/regional-2020-2025/raw/weather/location_id=kh_phnom_penh/year=2026/weather-2026-04-28-2026-05-04.parquet,6fa574398996644b9c71340b936845e7f011a91cfa760c41e1f184c55dbd0aab,52901,719c5d3648ae5b8d0071e19b309fd1850472555f318dcad8a006f229e02e82f7,kh_phnom_penh,11.5564,104.9282,2026,2026-04-28,2026-05-04,168,2026-04-28,2026-05-04
/Users/vidura/Code/big-weather/data/regional-2020-2025/raw/weather/location_id=kh_phnom_penh/year=2026/weather-2026-05-05-2026-05-11.parquet,1655479f995af8a56deb286f93d1c62ae3b4e0686543a831fa549a07df76992d,53184,91c7e3c4f806d8ce97d801c82f612f30b57d9c2097e50010e97e3d2d2d649bba,kh_phnom_penh,11.5564,104.9282,2026,2026-05-05,2026-05-11,168,2026-05-05,2026-05-11
/Users/vidura/Code/big-weather/data/regional-2020-2025/raw/weather/location_id=kh_phnom_penh/year=2026/weather-2026-05-12-2026-05-18.parquet,d8efc408d27d6a90d638d3ff4d344dce8ef357e2596903ffb0d472d1668f6cd7,52634,8912fcd8b8e55950b344a3e93248ec1d955b55f0ff3fec94552d855246d68f09,kh_phnom_penh,11.5564,104.9282,2026,2026-05-12,2026-05-18,168,2026-05-12,2026-05-18
/Users/vidura/Code/big-weather/data/regional-2020-2025/raw/weather/location_id=kh_phnom_penh/year=2026/weather-2026-05-19-2026-05-25.parquet,21e65cccd1647752793ca6ab7b9237258c5f265415bd27554bcb829dfc85446c,53329,c872fb4a55c447b5a771e9e28f9388c2db8ac0b3851d1a53d31000c76d876c2c,kh_phnom_penh,11.5564,104.9282,2026,2026-05-19,2026-05-25,168,2026-05-19,2026-05-25
/Users/vidura/Code/big-weather/data/regional-2020-2025/raw/weather/location_id=kh_phnom_penh/year=2026/weather-2026-05-26-2026-06-01.parquet,cbcc9a26a2e9b7544cd826ed64c249c4f84e74524bbc3aaf64ebb91abe38ff19,52840,2f0e92907ea3c08c60c3ac7a30b26789566e147545664cb1ab16f66539e3da1b,kh_phnom_penh,11.5564,104.9282,2026,2026-05-26,2026-06-01,168,2026-05-26,2026-06-01
/Users/vidura/Code/big-weather/data/regional-2020-2025/raw/weather/location_id=kh_phnom_penh/year=2026/weather-2026-06-02-2026-06-08.parquet,83b8cfea3ed1b66c06e4ba38739cb3711619c3489cc60cdb687f941500216253,52838,9bbecb50a53be1336ec4df1ba425e194f1eca68ef164183008bb04205a473725,kh_phnom_penh,11.5564,104.9282,2026,2026-06-02,2026-06-08,168,2026-06-02,2026-06-08
/Users/vidura/Code/big-weather/data/regional-2020-2025/raw/weather/location_id=kh_phnom_penh/year=2026/weather-2026-06-09-2026-06-15.parquet,5c1e65c586d6d836051d1bc9875192a7f8a164a01728b34096c3cc9e9a9b2321,53383,19562ad73ac26eab1f7a3c3af963231414c3e4eba6770b97a8eca99cdcddd05d,kh_phnom_penh,11.5564,104.9282,2026,2026-06-09,2026-06-15,168,2026-06-09,2026-06-15
/Users/vidura/Code/big-weather/data/regional-2020-2025/raw/weather/location_id=kh_phnom_penh/year=2026/weather-2026-06-16-2026-06-22.parquet,9b10df595793fad8b2b0ba11190ac63e2587eb2ea2d7f67cb06a53bf604d4094,53260,51592b64495a44728379a72cc19a01668052850509899167ab4a0d4df8509a45,kh_phnom_penh,11.5564,104.9282,2026,2026-06-16,2026-06-22,168,2026-06-16,2026-06-22
/Users/vidura/Code/big-weather/data/regional-2020-2025/raw/weather/location_id=kh_phnom_penh/year=2026/weather-2026-06-23-2026-06-29.parquet,b5595f30a923f8d7c1a466826fa61bf4cabaab8226d8ce4072e487f8c6b6007c,53035,ca556dee0f68db684e037a1d83ae2be5db717da2786384b623019d32e158433b,kh_phnom_penh,11.5564,104.9282,2026,2026-06-23,2026-06-29,168,2026-06-23,2026-06-29
/Users/vidura/Code/big-weather/data/regional-2020-2025/raw/weather/location_id=kh_phnom_penh/year=2026/weather-2026-06-30-2026-07-06.parquet,6cccc679e3d457fa1461fd83d60f631449b178698524bf2c1dc3fcf2def25126,52655,bc68869a02fa468d8d9b9dff282916a9da3891f5614b5211c320adf7bd6ce38b,kh_phnom_penh,11.5564,104.9282,2026,2026-06-30,2026-07-06,168,2026-06-30,2026-07-06
/Users/vidura/Code/big-weather/data/regional-2020-2025/raw/weather/location_id=kh_phnom_penh/year=2026/weather-2026-07-07-2026-07-13.parquet,47cc43decd9c65fb7cd797462934ce920970690e96c51be86f1562767244a800,53387,0efe64498cb0cc96c6cca28a1b7885e153afe9d322f6898933cb2c412e09d418,kh_phnom_penh,11.5564,104.9282,2026,2026-07-07,2026-07-13,168,2026-07-07,2026-07-13
/Users/vidura/Code/big-weather/data/regional-2020-2025/raw/weather/location_id=kh_phnom_penh/year=2026/weather-2026-07-14-2026-07-20.parquet,fc6099a93bad939d904f657ab8b0247f5555b9a3743c097c21760c36b9a1a74c,53043,876d2b13304d610eaa5beea31bae6b014b4fe339de877ee71e954aa1120d91aa,kh_phnom_penh,11.5564,104.9282,2026,2026-07-14,2026-07-20,168,2026-07-14,2026-07-20
/Users/vidura/Code/big-weather/data/regional-2020-2025/raw/weather/location_id=kh_phnom_penh/year=2026/weather-2026-07-21-2026-07-27.parquet,ed4afef32e4200488e1195f218893044872e3b37832f42cade01f9a2a0eeb345,54033,1619439582ba885b978864dcb69c01f965f9f9471c8d42fd3a256425b294b3e5,kh_phnom_penh,11.5564,104.9282,2026,2026-07-21,2026-07-27,168,2026-07-21,2026-07-27
/Users/vidura/Code/big-weather/data/regional-2020-2025/raw/weather/location_id=kh_phnom_penh/year=2026/weather-2026-07-28-2026-08-03.parquet,4fc5882796e1536fb62438b3a74950288761f210d34c9d7f1c8db54891635082,52996,6e2aa234a4d17f9ad8506eaba843a065eb7e4de19f72dfe26e5d932b86a356ab,kh_phnom_penh,11.5564,104.9282,2026,2026-07-28,2026-08-03,168,2026-07-28,2026-08-03
/Users/vidura/Code/big-weather/data/regional-2020-2025/raw/weather/location_id=kh_phnom_penh/year=2026/weather-2026-08-04-2026-08-10.parquet,df51c74938f8ff1d8e1c9d12e886cb8ef5613819f866791eb0b72d41dfb3bf50,51869,0ff8e215b7365566312325e18edf4137d762930f4c9362c9ed3f7d2e1a371cd4,kh_phnom_penh,11.5564,104.9282,2026,2026-08-04,2026-08-10,168,2026-08-04,2026-08-10
/Users/vidura/Code/big-weather/data/regional-2020-2025/raw/weather/location_id=kh_phnom_penh/year=2026/weather-2026-08-11-2026-08-17.parquet,3c8979814b55b318364ebc129715aa7a08f99438d7e931dd8e34ba75609a6ae0,51928,fabd8e54a1d1bb665ac9fed6b4e6ac5898ad8e5409bfa3b20c9cdd2be05fb938,kh_phnom_penh,11.5564,104.9282,2026,2026-08-11,2026-08-17,168,2026-08-11,2026-08-17
/Users/vidura/Code/big-weather/data/regional-2020-2025/raw/weather/location_id=kh_phnom_penh/year=2026/weather-2026-08-18-2026-08-24.parquet,d145536cf825677640ac9fcb06eff4c83e6e4d8060cb3ee2abeb6261f0f4debd,52130,3fd73e0c371f614ceb4f2532a46631f5301bd3a83a59b17a4600300c7ceca8f7,kh_phnom_penh,11.5564,104.9282,2026,2026-08-18,2026-08-24,168,2026-08-18,2026-08-24
/Users/vidura/Code/big-weather/data/regional-2020-2025/raw/weather/location_id=kh_phnom_penh/year=2026/weather-2026-08-25-2026-08-31.parquet,f351537a56f3addf3383ebffd417b911b54f056b43e8aea81954a06ffc80f369,52056,7dc2505eb4f5812e45f692d6ee81a0edf63402c498cae395d3c96135e157ebf3,kh_phnom_penh,11.5564,104.9282,2026,2026-08-25,2026-08-31,168,2026-08-25,2026-08-31
/Users/vidura/Code/big-weather/data/regional-2020-2025/raw/weather/location_id=kh_sen_monorom/year=2026/weather-2026-04-28-2026-05-04.parquet,8ceffaa48946a2b44c842d2ec59360e0f15191cd70c4f9f0082dbd9da5595501,53433,04a3c4e69ccf304a034a977b1438e8bf3a94473bec14f9c07b43ad133f5a7396,kh_sen_monorom,12.4558,107.1881,2026,2026-04-28,2026-05-04,168,2026-04-28,2026-05-04
/Users/vidura/Code/big-weather/data/regional-2020-2025/raw/weather/location_id=kh_sen_monorom/year=2026/weather-2026-05-05-2026-05-11.parquet,49fe433a10d6620cbeef2ee74564f49ac0f099bb1e1240748e9fdebacf36c059,53559,932b8912ef5d6144eaf0da18a7a02e7664a66c1f916b9cb1a15ab7d5904bc79a,kh_sen_monorom,12.4558,107.1881,2026,2026-05-05,2026-05-11,168,2026-05-05,2026-05-11
/Users/vidura/Code/big-weather/data/regional-2020-2025/raw/weather/location_id=kh_sen_monorom/year=2026/weather-2026-05-12-2026-05-18.parquet,cb8bbaa6bb30e29aca424a05b75b62095e990253110fb765fa01a1dd57bf29f1,53962,fbd0d17c45659f729ff5628116efa2706d2553875d2d569682a1f3db35986d4b,kh_sen_monorom,12.4558,107.1881,2026,2026-05-12,2026-05-18,168,2026-05-12,2026-05-18
/Users/vidura/Code/big-weather/data/regional-2020-2025/raw/weather/location_id=kh_sen_monorom/year=2026/weather-2026-05-19-2026-05-25.parquet,6e5fd1b3328655f66baf61a3e81e0435c2ce94631bf8a064e87facf0744a80f4,52821,0d393ec37a9cf35270d5d44a4984500817d1dd206edbbae88921c36fdf5ff472,kh_sen_monorom,12.4558,107.1881,2026,2026-05-19,2026-05-25,168,2026-05-19,2026-05-25
/Users/vidura/Code/big-weather/data/regional-2020-2025/raw/weather/location_id=kh_sen_monorom/year=2026/weather-2026-05-26-2026-06-01.parquet,b4e7f86ff18e088d58df128f887935f0c238888f054784844dc67f66f402d523,52836,56e9fb08c38c322114c41dd1db572bce52be174b49ae72619a1815f516d5ed89,kh_sen_monorom,12.4558,107.1881,2026,2026-05-26,2026-06-01,168,2026-05-26,2026-06-01
/Users/vidura/Code/big-weather/data/regional-2020-2025/raw/weather/location_id=kh_sen_monorom/year=2026/weather-2026-06-02-2026-06-08.parquet,e2d0ef6a3b16115d383f1c0da25aa20841ce62e47c0fbab7132ed2d1e01a61f7,52691,84452d4d5b0d7d0996bbdd16a178ffa57c42f9bb88ef9959f56563f17db146a0,kh_sen_monorom,12.4558,107.1881,2026,2026-06-02,2026-06-08,168,2026-06-02,2026-06-08
/Users/vidura/Code/big-weather/data/regional-2020-2025/raw/weather/location_id=kh_sen_monorom/year=2026/weather-2026-06-09-2026-06-15.parquet,e6bd1931961fda348726d9278498a51e5235e48487abba8c7c37346a64ef9b39,53146,9f500f336566556e039eae0237d1434e99a81a1d334e683ed4a42515944c2ec1,kh_sen_monorom,12.4558,107.1881,2026,2026-06-09,2026-06-15,168,2026-06-09,2026-06-15
/Users/vidura/Code/big-weather/data/regional-2020-2025/raw/weather/location_id=kh_sen_monorom/year=2026/weather-2026-06-16-2026-06-22.parquet,d5e62cf01a649368aee23b60bd60ed08ee6f3eb03caea72b0b9a5143523a59cd,52070,ea72e29c61dd26ca025d769f37d17b9551c208be8ff8f151f49b46cb8a86a7b3,kh_sen_monorom,12.4558,107.1881,2026,2026-06-16,2026-06-22,168,2026-06-16,2026-06-22
/Users/vidura/Code/big-weather/data/regional-2020-2025/raw/weather/location_id=kh_sen_monorom/year=2026/weather-2026-06-23-2026-06-29.parquet,be4386dae47496dd878d7a2d2616d08a5eb1953d5ec6c2f45fef93ca32887c51,52087,5d771d40638b8d91aebd3ba0c4d8a805c62313ddf564a37fb3b01eacb5b6ea0e,kh_sen_monorom,12.4558,107.1881,2026,2026-06-23,2026-06-29,168,2026-06-23,2026-06-29
/Users/vidura/Code/big-weather/data/regional-2020-2025/raw/weather/location_id=kh_sen_monorom/year=2026/weather-2026-06-30-2026-07-06.parquet,91b1cd798cca3f0e0c9041fbde851c7504a3b6fbab816e3add24ee50e5cf70dd,52378,203e28334fef6f42981717aa45492ae362ccc84e2aa36ff4441721b8052978f2,kh_sen_monorom,12.4558,107.1881,2026,2026-06-30,2026-07-06,168,2026-06-30,2026-07-06
/Users/vidura/Code/big-weather/data/regional-2020-2025/raw/weather/location_id=kh_sen_monorom/year=2026/weather-2026-07-07-2026-07-13.parquet,75cc5350ce0894e79068972362cc5f6dd0f62e3634c7fe9ba5778cc34e880ab6,52254,f8b059ae49355aa94b5f50c1f20e70f5aeb88e7ff844833eeb4cdde64473a15d,kh_sen_monorom,12.4558,107.1881,2026,2026-07-07,2026-07-13,168,2026-07-07,2026-07-13
/Users/vidura/Code/big-weather/data/regional-2020-2025/raw/weather/location_id=kh_sen_monorom/year=2026/weather-2026-07-14-2026-07-20.parquet,542c4e29b27788e4ba3bcf1dd9df9c9377d412b06dfbdbff70599a82de5354fa,52501,4b81e1fd14263995a0234a4de492e736505c3ebbd8794dd17db5b0a01a156e72,kh_sen_monorom,12.4558,107.1881,2026,2026-07-14,2026-07-20,168,2026-07-14,2026-07-20
/Users/vidura/Code/big-weather/data/regional-2020-2025/raw/weather/location_id=kh_sen_monorom/year=2026/weather-2026-07-21-2026-07-27.parquet,e7b63356ee0fa67a2cd86adc099f50810648aad8cd65c0201022a4fb9b574b6d,53514,8328e627ec1006477a278cb23aff6bc4076ca30fbe2293c1c7cb6ab2c8e1d48d,kh_sen_monorom,12.4558,107.1881,2026,2026-07-21,2026-07-27,168,2026-07-21,2026-07-27
/Users/vidura/Code/big-weather/data/regional-2020-2025/raw/weather/location_id=kh_sen_monorom/year=2026/weather-2026-07-28-2026-08-03.parquet,20c6c75f7b386ffb0b49f8c53981d3b425ed6c4ac7481eabffdf57a19d90eb2d,52700,6f1b6455a19ceca36eb7a3c3d1baa933ad554e40c2f176b6897f6a7635d6e095,kh_sen_monorom,12.4558,107.1881,2026,2026-07-28,2026-08-03,168,2026-07-28,2026-08-03
/Users/vidura/Code/big-weather/data/regional-2020-2025/raw/weather/location_id=kh_sen_monorom/year=2026/weather-2026-08-04-2026-08-10.parquet,34ac3e189db64ddf08ba568360b4cb00c3ae4124ae4a5bc96d921744cdd7b2b6,52204,b9aa5907a183e6746881ae7385f90e903796f0f4cdba726bb521fa3fbb533fab,kh_sen_monorom,12.4558,107.1881,2026,2026-08-04,2026-08-10,168,2026-08-04,2026-08-10
/Users/vidura/Code/big-weather/data/regional-2020-2025/raw/weather/location_id=kh_sen_monorom/year=2026/weather-2026-08-11-2026-08-17.parquet,18a22457cec557816aed3917df73115d67aa43dfa193e17bd4968fb2f0ebbc83,52345,cf6f4d412d0e751dbc458331e7f8cc12f15697e97aa7b69d71234705d90bb102,kh_sen_monorom,12.4558,107.1881,2026,2026-08-11,2026-08-17,168,2026-08-11,2026-08-17
/Users/vidura/Code/big-weather/data/regional-2020-2025/raw/weather/location_id=kh_sen_monorom/year=2026/weather-2026-08-18-2026-08-24.parquet,3c8bf152ef160cc3c6893d6e12bbb98e9f7af9890a7ca538757bb4263d6e35bc,52854,3212b46c4ba92089b40acec4123694c6e176944e84b18fd8536111383509748d,kh_sen_monorom,12.4558,107.1881,2026,2026-08-18,2026-08-24,168,2026-08-18,2026-08-24
/Users/vidura/Code/big-weather/data/regional-2020-2025/raw/weather/location_id=kh_sen_monorom/year=2026/weather-2026-08-25-2026-08-31.parquet,618d6d8ff283bb2f524c6ce2b6b3262552a1565c18d3af704e836c4a5a0d36be,51999,053b92426b7ae35118962fa8218550844701844c94efced8eeebf91bcdc1e7fd,kh_sen_monorom,12.4558,107.1881,2026,2026-08-25,2026-08-31,168,2026-08-25,2026-08-31
/Users/vidura/Code/big-weather/data/regional-2020-2025/raw/weather/location_id=la_luang_prabang/year=2026/weather-2026-04-28-2026-05-04.parquet,a46b562fa673fafc716a8b61baf890d099f763224af31b9f1474c66204305142,53612,34fdd3e65da0f392417eb4cdeaae712731c4f4d129e3cafd00d4b9a13449d202,la_luang_prabang,19.8833,102.1333,2026,2026-04-28,2026-05-04,168,2026-04-28,2026-05-04
/Users/vidura/Code/big-weather/data/regional-2020-2025/raw/weather/location_id=la_luang_prabang/year=2026/weather-2026-05-05-2026-05-11.parquet,b2af60263c214b4a3eaa825f40c60c8107a69fa0764740b88bd6aec09b7965be,54138,ac12510b2b40207a920554024d6bb6ca43a1a20144e933ae43dc50360b939a2f,la_luang_prabang,19.8833,102.1333,2026,2026-05-05,2026-05-11,168,2026-05-05,2026-05-11
/Users/vidura/Code/big-weather/data/regional-2020-2025/raw/weather/location_id=la_luang_prabang/year=2026/weather-2026-05-12-2026-05-18.parquet,1d946204648e8ae24431286d360c281f2c2becee83fd9e3c99718fa2ae491474,52676,4e71a1a25d86ab2203709f3b7581355e58130a177b96fc9256cb137867a87b6e,la_luang_prabang,19.8833,102.1333,2026,2026-05-12,2026-05-18,168,2026-05-12,2026-05-18
/Users/vidura/Code/big-weather/data/regional-2020-2025/raw/weather/location_id=la_luang_prabang/year=2026/weather-2026-05-19-2026-05-25.parquet,c190eb20fc4bd4e0b04589dbb9d7275c5700f27b832452d8a5adf074feaa2d31,53237,60b99ae2c9478cd6b623325d60a89cd55ebb246268f9c7960c316112aaf6f00d,la_luang_prabang,19.8833,102.1333,2026,2026-05-19,2026-05-25,168,2026-05-19,2026-05-25
/Users/vidura/Code/big-weather/data/regional-2020-2025/raw/weather/location_id=la_luang_prabang/year=2026/weather-2026-05-26-2026-06-01.parquet,0a82b29b6cf82a5e2d549a00f8c8e76f31b2ed4501d21ef40a86a74a4568d84a,53189,c646f326d241c8c2640341d8343901a87f2590ca2c251609edb6fe36aab57e7f,la_luang_prabang,19.8833,102.1333,2026,2026-05-26,2026-06-01,168,2026-05-26,2026-06-01
/Users/vidura/Code/big-weather/data/regional-2020-2025/raw/weather/location_id=la_luang_prabang/year=2026/weather-2026-06-02-2026-06-08.parquet,4eba3527298d50967204944f1f56ff4f0a229bf5cb2c1d27573c39ff6351b32e,53128,9d220aa8539ad4954d6e2664f0aa52fcef6722ced0741df1607730febf0c37f5,la_luang_prabang,19.8833,102.1333,2026,2026-06-02,2026-06-08,168,2026-06-02,2026-06-08
/Users/vidura/Code/big-weather/data/regional-2020-2025/raw/weather/location_id=la_luang_prabang/year=2026/weather-2026-06-09-2026-06-15.parquet,478c23b746b8185b98145d8480198ce75051192de4ee775c72dccb80600e713e,53063,913127bfa55977af49948445e389bb8fc65295c99a029f388eb33d303a93a125,la_luang_prabang,19.8833,102.1333,2026,2026-06-09,2026-06-15,168,2026-06-09,2026-06-15
/Users/vidura/Code/big-weather/data/regional-2020-2025/raw/weather/location_id=la_luang_prabang/year=2026/weather-2026-06-16-2026-06-22.parquet,8969694dad73e79ed046313f74818ac1d3ce4980930815f696a82498d87ed520,51705,cc3704e927c2f8703ea28f7064d087650cbbfaae8f39b729eac1ade2b15a184e,la_luang_prabang,19.8833,102.1333,2026,2026-06-16,2026-06-22,168,2026-06-16,2026-06-22
/Users/vidura/Code/big-weather/data/regional-2020-2025/raw/weather/location_id=la_luang_prabang/year=2026/weather-2026-06-23-2026-06-29.parquet,71980e432a8f6dc93a9011457612e95d503678ccd5fbbabd06cc5dab9e704dd7,53253,30823c5e99d2b26851fb08d814e6fff5b1b705de8ba7a0a9429ebadb1faee684,la_luang_prabang,19.8833,102.1333,2026,2026-06-23,2026-06-29,168,2026-06-23,2026-06-29
/Users/vidura/Code/big-weather/data/regional-2020-2025/raw/weather/location_id=la_luang_prabang/year=2026/weather-2026-06-30-2026-07-06.parquet,f1cf08b9dd16bec9fd022c0e2c7027a4c36942b53b840b03ac757bc0b592d0d5,52733,bb264bbb08bb7cd5f9d178299a3e96c79e38f2ff2022edd385b25b697c6c31ef,la_luang_prabang,19.8833,102.1333,2026,2026-06-30,2026-07-06,168,2026-06-30,2026-07-06
/Users/vidura/Code/big-weather/data/regional-2020-2025/raw/weather/location_id=la_luang_prabang/year=2026/weather-2026-07-07-2026-07-13.parquet,a0bc9e184411617f06c8f530bffcc76757535e0475a1835100f89a9781ee8824,53208,70f0594e6b5781015af18bfc111519e71346b18f3aa64c89a2b9e4b748d44a81,la_luang_prabang,19.8833,102.1333,2026,2026-07-07,2026-07-13,168,2026-07-07,2026-07-13
/Users/vidura/Code/big-weather/data/regional-2020-2025/raw/weather/location_id=la_luang_prabang/year=2026/weather-2026-07-14-2026-07-20.parquet,ad6e5f453aa2a8357cbf7dca544b254cb5d716a11e942f9317f1a5151c4377d4,51503,1b86e5da359dc97c03cabd67b1c6a9fa3c4eaf47e71c852d22b49582d964a1bf,la_luang_prabang,19.8833,102.1333,2026,2026-07-14,2026-07-20,168,2026-07-14,2026-07-20
/Users/vidura/Code/big-weather/data/regional-2020-2025/raw/weather/location_id=la_luang_prabang/year=2026/weather-2026-07-21-2026-07-27.parquet,8376d7dd73641581565c7679b51a1e8df24b458f0eef05d48fa52e63d081a76b,53663,a96e3f061525e67a51cca1c8ecbb384e35af453f7a880bd228b9f8122d4ec154,la_luang_prabang,19.8833,102.1333,2026,2026-07-21,2026-07-27,168,2026-07-21,2026-07-27
/Users/vidura/Code/big-weather/data/regional-2020-2025/raw/weather/location_id=la_luang_prabang/year=2026/weather-2026-07-28-2026-08-03.parquet,c0d757610100f7ae0a7e173ff7a10c1a63c2fa322f27f97d10bfc85ec5de881a,51846,de3cba8e99d535d0b8458852fe6b325fe37448254cd4cb9fe4a559c75d76d9e2,la_luang_prabang,19.8833,102.1333,2026,2026-07-28,2026-08-03,168,2026-07-28,2026-08-03
/Users/vidura/Code/big-weather/data/regional-2020-2025/raw/weather/location_id=la_luang_prabang/year=2026/weather-2026-08-04-2026-08-10.parquet,6a38eb8dec01dafcb12560a999746bd3ad1c23d06fb58b40a25be344260e2c2f,51438,62a001781aaaaf50d2e26d3e1639687ced3b5e8b42e7831d8519d1ddcee850bc,la_luang_prabang,19.8833,102.1333,2026,2026-08-04,2026-08-10,168,2026-08-04,2026-08-10
/Users/vidura/Code/big-weather/data/regional-2020-2025/raw/weather/location_id=la_luang_prabang/year=2026/weather-2026-08-11-2026-08-17.parquet,870a9ffef4b0216c27e205c8a0fd44119f40299aa426f24913f43311256210f7,52706,0b15145bfb7e44115df753d092add8c10f21e0404fce83dfed9e41b5bfe98160,la_luang_prabang,19.8833,102.1333,2026,2026-08-11,2026-08-17,168,2026-08-11,2026-08-17
/Users/vidura/Code/big-weather/data/regional-2020-2025/raw/weather/location_id=la_luang_prabang/year=2026/weather-2026-08-18-2026-08-24.parquet,87da10176fe349001b6fe759652941b64931e4b34f19c8159b10517afa58d75a,51908,3abc78dd286af070cb22451df31c803e6837d03fce42a5f25aa89b46e7878c37,la_luang_prabang,19.8833,102.1333,2026,2026-08-18,2026-08-24,168,2026-08-18,2026-08-24
/Users/vidura/Code/big-weather/data/regional-2020-2025/raw/weather/location_id=la_luang_prabang/year=2026/weather-2026-08-25-2026-08-31.parquet,1545514bb6f4f73ab06675ec18b83ccbd794206cc0dfd155f7cc6558cebb46e0,52437,5b2ca5656d46112cc5933f76919fe7a92c308bfd2cafe51ac34949a284dd92e4,la_luang_prabang,19.8833,102.1333,2026,2026-08-25,2026-08-31,168,2026-08-25,2026-08-31
/Users/vidura/Code/big-weather/data/regional-2020-2025/raw/weather/location_id=la_paksong/year=2026/weather-2026-04-28-2026-05-04.parquet,57d57b67e643b59e83dc1e0d751b97a115e06101397257c254f84eb056a4d8e3,53601,678ff4207748cdc17e24cfcc06c3d6291237cd42dabd2629b8995010e2a44d8b,la_paksong,15.1817,106.23,2026,2026-04-28,2026-05-04,168,2026-04-28,2026-05-04
/Users/vidura/Code/big-weather/data/regional-2020-2025/raw/weather/location_id=la_paksong/year=2026/weather-2026-05-05-2026-05-11.parquet,1c55b5920f53b99b8024b6d0d7583dd53ff9fd327b2bd3de82c196fc0bd7b6fb,53606,7da4cb8156ec2c1d3cdd543e921c61e9215c9bd6a8fdfbf0f19a1110c10fff7a,la_paksong,15.1817,106.23,2026,2026-05-05,2026-05-11,168,2026-05-05,2026-05-11
/Users/vidura/Code/big-weather/data/regional-2020-2025/raw/weather/location_id=la_paksong/year=2026/weather-2026-05-12-2026-05-18.parquet,f6097e202df22c7f1bf1576c77fa2e4b0bed979165c7521138facbcc3805130e,53286,d39879fc3ce310baf5e96115dc1c6d901bde32a1cb2b6e6f3b9f3b38720aa865,la_paksong,15.1817,106.23,2026,2026-05-12,2026-05-18,168,2026-05-12,2026-05-18
/Users/vidura/Code/big-weather/data/regional-2020-2025/raw/weather/location_id=la_paksong/year=2026/weather-2026-05-19-2026-05-25.parquet,2747ee6bcdd342c6ad1ac9e7e6e0274fb974e4bcdb5863709c57e6604e12c5fc,53091,12f164738568fd97bcf91b65651dc497ad47c4bb147d604df65e8e56cb515231,la_paksong,15.1817,106.23,2026,2026-05-19,2026-05-25,168,2026-05-19,2026-05-25
/Users/vidura/Code/big-weather/data/regional-2020-2025/raw/weather/location_id=la_paksong/year=2026/weather-2026-05-26-2026-06-01.parquet,638893e5e9f9e15bd0198d9d7e0fdcb56724b3b3fb03d5c91fd098496d12c586,53043,8fb97c7fb9ae28f3fe0d42ac121bf70e428011f48a6085f619554b913aac0883,la_paksong,15.1817,106.23,2026,2026-05-26,2026-06-01,168,2026-05-26,2026-06-01
/Users/vidura/Code/big-weather/data/regional-2020-2025/raw/weather/location_id=la_paksong/year=2026/weather-2026-06-02-2026-06-08.parquet,5ec6f380b92682ea3ffca77a44df6f7621f9dc51cdd8ee2a4900149d63b79b43,52373,897c4d5aab45189012d82a3607cfd2a5b7d1152cfde7e55ac529f4fd1c428e91,la_paksong,15.1817,106.23,2026,2026-06-02,2026-06-08,168,2026-06-02,2026-06-08
/Users/vidura/Code/big-weather/data/regional-2020-2025/raw/weather/location_id=la_paksong/year=2026/weather-2026-06-09-2026-06-15.parquet,9bd7a6ad49f87bbe754d70ced5051c2d823a962b819d7ace73cadf731ce4affc,52949,d7178f2e1c04dfca739ec356ad9cb1bd6dd25642e0e44c96fd77252f817d2aaa,la_paksong,15.1817,106.23,2026,2026-06-09,2026-06-15,168,2026-06-09,2026-06-15
/Users/vidura/Code/big-weather/data/regional-2020-2025/raw/weather/location_id=la_paksong/year=2026/weather-2026-06-16-2026-06-22.parquet,b6933e03dbff389da04b31fa856ca07f1a894354c100abb9c0a165efc50fad24,52391,a02869249b763416c16a26488af94196d0a358f6f2eda70ee09a1dc48b3641ac,la_paksong,15.1817,106.23,2026,2026-06-16,2026-06-22,168,2026-06-16,2026-06-22
/Users/vidura/Code/big-weather/data/regional-2020-2025/raw/weather/location_id=la_paksong/year=2026/weather-2026-06-23-2026-06-29.parquet,2a66fb8c1bea925a0be0dcd57f002bf675de95db4a1189f61e6845a509cecdd9,52290,fdf1c9713eb0c9bfa1a7307d7a2a5649357aa6fd9c078fb2d198efda319c3d70,la_paksong,15.1817,106.23,2026,2026-06-23,2026-06-29,168,2026-06-23,2026-06-29
/Users/vidura/Code/big-weather/data/regional-2020-2025/raw/weather/location_id=la_paksong/year=2026/weather-2026-06-30-2026-07-06.parquet,36e37bf8a07edb34176da0f0c9b5691b8bba06eabc0791ca0378d0cd14ffcebc,51068,b3ab62de386207a93d80df38ca5456b2c2cf683b5cb2e6565d7891af3b1a38b6,la_paksong,15.1817,106.23,2026,2026-06-30,2026-07-06,168,2026-06-30,2026-07-06
/Users/vidura/Code/big-weather/data/regional-2020-2025/raw/weather/location_id=la_paksong/year=2026/weather-2026-07-07-2026-07-13.parquet,eff04d40c2b213251f32e9668094c658afd5b6cfe542678f548bf0ac890b7747,51455,838ec44b39ed922aef9763076790a6092634aa50c492d539ee068b57db3e7acb,la_paksong,15.1817,106.23,2026,2026-07-07,2026-07-13,168,2026-07-07,2026-07-13
/Users/vidura/Code/big-weather/data/regional-2020-2025/raw/weather/location_id=la_paksong/year=2026/weather-2026-07-14-2026-07-20.parquet,9de88e4c1f25651323eadbec6e8a896744ec976b32fe200485a8bc539ac76e25,52417,c5ed6a0843a66034d6d6571c8258b553bdafb4f1e658c1c232e4f0d30f7dd128,la_paksong,15.1817,106.23,2026,2026-07-14,2026-07-20,168,2026-07-14,2026-07-20
/Users/vidura/Code/big-weather/data/regional-2020-2025/raw/weather/location_id=la_paksong/year=2026/weather-2026-07-21-2026-07-27.parquet,0edbe0b4de861632fc57fc038fbb16f816421c54362f623c5b3e9ea8db2ab0c3,52883,0efea99298f5c6416773fd09853b40e31c1adea37c56e0f96f57be8aa4e550c3,la_paksong,15.1817,106.23,2026,2026-07-21,2026-07-27,168,2026-07-21,2026-07-27
/Users/vidura/Code/big-weather/data/regional-2020-2025/raw/weather/location_id=la_paksong/year=2026/weather-2026-07-28-2026-08-03.parquet,671be2414eed92aeec490a7a5acf16bcd5e06451e2b7944e37b78cd3424d4b8b,51008,4d4d9d8f222c24ab2bafec6e4ada344cbefe7df39d77760ecc080354a4667e94,la_paksong,15.1817,106.23,2026,2026-07-28,2026-08-03,168,2026-07-28,2026-08-03
/Users/vidura/Code/big-weather/data/regional-2020-2025/raw/weather/location_id=la_paksong/year=2026/weather-2026-08-04-2026-08-10.parquet,790d948710ac1e6140f2d7f17601bae03dc2921ff9d579338fa3a65ba8302fc5,49666,1b4850a683956338ab6afce8103ec8ec8b30f40aa1179172260b158049ac6dbc,la_paksong,15.1817,106.23,2026,2026-08-04,2026-08-10,168,2026-08-04,2026-08-10
/Users/vidura/Code/big-weather/data/regional-2020-2025/raw/weather/location_id=la_paksong/year=2026/weather-2026-08-11-2026-08-17.parquet,681fa8c52bc9761b7a605a4bd32c9eb29daa02160c08ba7d66ad5f05b61855db,51330,49ef2896dd0cfe71203b74611f2b5f8c4fd4a2927200ef6a241e7a3e0a477a62,la_paksong,15.1817,106.23,2026,2026-08-11,2026-08-17,168,2026-08-11,2026-08-17
/Users/vidura/Code/big-weather/data/regional-2020-2025/raw/weather/location_id=la_paksong/year=2026/weather-2026-08-18-2026-08-24.parquet,9a94fbc9bdfa7e692ee961779a8e39c66ac1c6d9a5fc34b51468bc17d8f09445,50771,525c163ac30e161cbc1048be2f1568fed914f54c8f45973580b28590c1ecf9db,la_paksong,15.1817,106.23,2026,2026-08-18,2026-08-24,168,2026-08-18,2026-08-24
/Users/vidura/Code/big-weather/data/regional-2020-2025/raw/weather/location_id=la_paksong/year=2026/weather-2026-08-25-2026-08-31.parquet,7af60152975a8b843b749c895590c8601a9c34df27b0bbabdbb621de693e3f69,50678,a64a994d4d51806109b4b317eb735759a287b9351e30ce8c219e2b0f3f3f2d0b,la_paksong,15.1817,106.23,2026,2026-08-25,2026-08-31,168,2026-08-25,2026-08-31
/Users/vidura/Code/big-weather/data/regional-2020-2025/raw/weather/location_id=la_phonsavan/year=2026/weather-2026-04-28-2026-05-04.parquet,98091e196ef145d5256df3990123e958c0b7a6ac2ae36747db812e63d5b2b259,53741,cf7814ffed09b4f3e58ac8501ebf512f840534e17d4cb8ff4179fdf89a0b771e,la_phonsavan,19.45,103.2167,2026,2026-04-28,2026-05-04,168,2026-04-28,2026-05-04
/Users/vidura/Code/big-weather/data/regional-2020-2025/raw/weather/location_id=la_phonsavan/year=2026/weather-2026-05-05-2026-05-11.parquet,d6161bd2b9f27232b3e7407b2e271c469722080acf6d7edd54c34f3360618375,53427,1f4b21cb8e40236b8381b23de5e8f7d9644be9dc08ab43a62f9b7006b7ac426d,la_phonsavan,19.45,103.2167,2026,2026-05-05,2026-05-11,168,2026-05-05,2026-05-11
/Users/vidura/Code/big-weather/data/regional-2020-2025/raw/weather/location_id=la_phonsavan/year=2026/weather-2026-05-12-2026-05-18.parquet,a5ed00ddf33cab873e003534bd224ce81d8d75b3ffa548dddf644a9428953008,52143,70b26c2e690dc2a38943e96e17c1e44137b6cb6f9a48013cc14c6da2aa4de44b,la_phonsavan,19.45,103.2167,2026,2026-05-12,2026-05-18,168,2026-05-12,2026-05-18
/Users/vidura/Code/big-weather/data/regional-2020-2025/raw/weather/location_id=la_phonsavan/year=2026/weather-2026-05-19-2026-05-25.parquet,a360a160613c5e2f65b2b2adef6fe7888ac809c46e3a099079a7418f23d8d0cf,53296,065239877efc1bc8550f89e58ee028350c8078633ff9bc23ddf533db363ba6b2,la_phonsavan,19.45,103.2167,2026,2026-05-19,2026-05-25,168,2026-05-19,2026-05-25
/Users/vidura/Code/big-weather/data/regional-2020-2025/raw/weather/location_id=la_phonsavan/year=2026/weather-2026-05-26-2026-06-01.parquet,c83d1077eb72939416be3da800e347d2d80db96ccf7d1172d763c446cae86a49,52987,978cc53f30856a5ace19a74412dce81dcb232dfffd26d9014aa2e27c90efb7b1,la_phonsavan,19.45,103.2167,2026,2026-05-26,2026-06-01,168,2026-05-26,2026-06-01
/Users/vidura/Code/big-weather/data/regional-2020-2025/raw/weather/location_id=la_phonsavan/year=2026/weather-2026-06-02-2026-06-08.parquet,63f9e7af6fc14a7ac21033eda3485dfd6ea12e84f45feacdde0fe86e9022f7be,53018,7333a00baaf99e4d61cfe353251036a5d599e3445328ff80c011115795e2bc53,la_phonsavan,19.45,103.2167,2026,2026-06-02,2026-06-08,168,2026-06-02,2026-06-08
/Users/vidura/Code/big-weather/data/regional-2020-2025/raw/weather/location_id=la_phonsavan/year=2026/weather-2026-06-09-2026-06-15.parquet,c164961b2315190d7a52faadcf6bf94f9770c86a149bbcb865e8b57206d26e39,53012,40d16646426326cf7dc9ca123a29a9db0e6599a9a81429f032372b61f9138b51,la_phonsavan,19.45,103.2167,2026,2026-06-09,2026-06-15,168,2026-06-09,2026-06-15
/Users/vidura/Code/big-weather/data/regional-2020-2025/raw/weather/location_id=la_phonsavan/year=2026/weather-2026-06-16-2026-06-22.parquet,e2884e28e1a0b5f8d85d8cf872ae751eeb6e13f3339c602929c6516ad3dc309b,51774,4b1b4bf95f4bd5ff858534d9b202a93c61ecc2931b1d049bddb7db41b41a728e,la_phonsavan,19.45,103.2167,2026,2026-06-16,2026-06-22,168,2026-06-16,2026-06-22
/Users/vidura/Code/big-weather/data/regional-2020-2025/raw/weather/location_id=la_phonsavan/year=2026/weather-2026-06-23-2026-06-29.parquet,71f48304a1a96f2965d10ec8bc707d56997b848f32d1ab77a7ccd47c8d9d143d,53011,4be5437f288d067a455fd66126a153e87f1627c58c12b9cce7809afa2ce286fc,la_phonsavan,19.45,103.2167,2026,2026-06-23,2026-06-29,168,2026-06-23,2026-06-29
/Users/vidura/Code/big-weather/data/regional-2020-2025/raw/weather/location_id=la_phonsavan/year=2026/weather-2026-06-30-2026-07-06.parquet,e6ed7792625a49d6998cc4bab47f9c9e6c68898aaa16dac4edbe20a907fc73b5,52129,d56b750f3002e2ce7d6fb9f2cac8e2058dac0e2f65d8ed48a319d6fde3c9b62f,la_phonsavan,19.45,103.2167,2026,2026-06-30,2026-07-06,168,2026-06-30,2026-07-06
/Users/vidura/Code/big-weather/data/regional-2020-2025/raw/weather/location_id=la_phonsavan/year=2026/weather-2026-07-07-2026-07-13.parquet,8ddb25cace320c74bb7998081d049aa6f4b383ebea975a477799845dbe38bc0e,52383,c5e457184ad50c60472e6705548362ea112592189c56855942f23b696d0788b3,la_phonsavan,19.45,103.2167,2026,2026-07-07,2026-07-13,168,2026-07-07,2026-07-13
/Users/vidura/Code/big-weather/data/regional-2020-2025/raw/weather/location_id=la_phonsavan/year=2026/weather-2026-07-14-2026-07-20.parquet,e2f1c0980c604f8581f17886781b91fd8e4a266b427cdad04cc24ff94cf08d33,51832,628e286541ae4c758b601ce87bf71b5a8bf332313f55439f0e8f57a0c1dc1fe8,la_phonsavan,19.45,103.2167,2026,2026-07-14,2026-07-20,168,2026-07-14,2026-07-20
/Users/vidura/Code/big-weather/data/regional-2020-2025/raw/weather/location_id=la_phonsavan/year=2026/weather-2026-07-21-2026-07-27.parquet,4c0d055f35df5659595ecd800c14215a2a65e40fdde48075f099a2fa81805748,53231,c3fc7f0efc54d3bcc4ff5d6b7e9dd467f02ccedb480d2e69ff50b845bbc07f3c,la_phonsavan,19.45,103.2167,2026,2026-07-21,2026-07-27,168,2026-07-21,2026-07-27
/Users/vidura/Code/big-weather/data/regional-2020-2025/raw/weather/location_id=la_phonsavan/year=2026/weather-2026-07-28-2026-08-03.parquet,8efc2941d3d730e3d7db09192a1311a5fd4ff87b7f99fb6a3c6194f5f08890b6,52101,9a02bc895db6a5907bee2a2cb872387fd2e6100068cadb5e71940821bed54dc9,la_phonsavan,19.45,103.2167,2026,2026-07-28,2026-08-03,168,2026-07-28,2026-08-03
/Users/vidura/Code/big-weather/data/regional-2020-2025/raw/weather/location_id=la_phonsavan/year=2026/weather-2026-08-04-2026-08-10.parquet,7a527e0480b8bee10c29fdda398b2511ca1f327cc80bc23ef7b7ead75d0d7572,51732,38a8031d81d89657c736c3d564246ba32563d8009f6aa98fffb3bbba545b34d0,la_phonsavan,19.45,103.2167,2026,2026-08-04,2026-08-10,168,2026-08-04,2026-08-10
/Users/vidura/Code/big-weather/data/regional-2020-2025/raw/weather/location_id=la_phonsavan/year=2026/weather-2026-08-11-2026-08-17.parquet,d58a1c2b4d44ebd18427cca5d8c2e0cc73407740dce6a462229d774d935335ed,52974,dac6d24718bd8e26c01f7276a57c3274e9efab09358ac56d048502ed31c33570,la_phonsavan,19.45,103.2167,2026,2026-08-11,2026-08-17,168,2026-08-11,2026-08-17
/Users/vidura/Code/big-weather/data/regional-2020-2025/raw/weather/location_id=la_phonsavan/year=2026/weather-2026-08-18-2026-08-24.parquet,35c408ebd15742103e4eed5174ac3d145b8679048a0094cffd6b65abc2a6061a,51264,a815219d6e91cda02f1a5a3b28777a2820b86efb2f8243c19281c88c7a9b47bd,la_phonsavan,19.45,103.2167,2026,2026-08-18,2026-08-24,168,2026-08-18,2026-08-24
/Users/vidura/Code/big-weather/data/regional-2020-2025/raw/weather/location_id=la_phonsavan/year=2026/weather-2026-08-25-2026-08-31.parquet,a0b04c16092b6ccebf5a1deb94cf5c2de7a75b3710036a9a526b8a7c9eefbf56,52151,0260eebbbd4b3fec96f7a2786e3450beeddb0e6448f68a014c7df0219276dc75,la_phonsavan,19.45,103.2167,2026,2026-08-25,2026-08-31,168,2026-08-25,2026-08-31
/Users/vidura/Code/big-weather/data/regional-2020-2025/raw/weather/location_id=la_vientiane/year=2026/weather-2026-04-28-2026-05-04.parquet,80376764f332a6f0ca8ab2a30822a8aeba24511bd31e6a56cab753381879f176,53381,5ab7b4c5938ee50b54f3abc930c4976f5b6adaa1c1b71e2c8f1c6a08f6f3b179,la_vientiane,17.9757,102.6331,2026,2026-04-28,2026-05-04,168,2026-04-28,2026-05-04
/Users/vidura/Code/big-weather/data/regional-2020-2025/raw/weather/location_id=la_vientiane/year=2026/weather-2026-05-05-2026-05-11.parquet,5fdc8679a3a9c024f517bf2501b7300a30d3cb3b91dd3bd6164deac848562f82,53595,d2f7e0174d767521eecb756d97bc6cc0922e1937af458e6be772666409e0f5e5,la_vientiane,17.9757,102.6331,2026,2026-05-05,2026-05-11,168,2026-05-05,2026-05-11
/Users/vidura/Code/big-weather/data/regional-2020-2025/raw/weather/location_id=la_vientiane/year=2026/weather-2026-05-12-2026-05-18.parquet,31367321b24ac98edf87afbdd3a45b68d4892c88815fda384280aee59950f72d,54487,f957ebd00e9abe0ba4e2f085cb2f52868e77f5942af7de959790abfe19c6a2b0,la_vientiane,17.9757,102.6331,2026,2026-05-12,2026-05-18,168,2026-05-12,2026-05-18
/Users/vidura/Code/big-weather/data/regional-2020-2025/raw/weather/location_id=la_vientiane/year=2026/weather-2026-05-19-2026-05-25.parquet,0be411b25151900cf229daca8e1be7034f0a9df6c3333845c502f6fe47ec64e1,54462,494fa2f347770ee2912e7d5c0602f16a2f1f57313c5df63aaf06f72d57b8ab51,la_vientiane,17.9757,102.6331,2026,2026-05-19,2026-05-25,168,2026-05-19,2026-05-25
/Users/vidura/Code/big-weather/data/regional-2020-2025/raw/weather/location_id=la_vientiane/year=2026/weather-2026-05-26-2026-06-01.parquet,60ecf6cd2855621798f0450dab6fce387adff875efe0f4c9f079f228f6af3656,53468,3825bcf43b8558a411cd9b49801e560841d69eecc465359413aacc99dc057b3a,la_vientiane,17.9757,102.6331,2026,2026-05-26,2026-06-01,168,2026-05-26,2026-06-01
/Users/vidura/Code/big-weather/data/regional-2020-2025/raw/weather/location_id=la_vientiane/year=2026/weather-2026-06-02-2026-06-08.parquet,fd08400a089121ec331dfa9c1e0c56f410d2d091aac852175420b86f1122c587,53824,ff508f29ac7e586a4251fb598c949e217e5d01fd45226a62b6524606c722490e,la_vientiane,17.9757,102.6331,2026,2026-06-02,2026-06-08,168,2026-06-02,2026-06-08
/Users/vidura/Code/big-weather/data/regional-2020-2025/raw/weather/location_id=la_vientiane/year=2026/weather-2026-06-09-2026-06-15.parquet,e26fcd14c6641df7335a12d7728cae1210baef1828ae75f0ce7402e90c88f3ee,54057,486d92c00012bdff7e90d96da6df5c52a1d6ee47130f2740a1a3dc38b619011e,la_vientiane,17.9757,102.6331,2026,2026-06-09,2026-06-15,168,2026-06-09,2026-06-15
/Users/vidura/Code/big-weather/data/regional-2020-2025/raw/weather/location_id=la_vientiane/year=2026/weather-2026-06-16-2026-06-22.parquet,d481611846c381f7e1277ebbc8dcdd825fe571887e5af82df96b271ba6e155a7,52687,13b8f21bea35c16cb9feaa01c0faef5d115bf1de62fc0c519374e50507c494c3,la_vientiane,17.9757,102.6331,2026,2026-06-16,2026-06-22,168,2026-06-16,2026-06-22
/Users/vidura/Code/big-weather/data/regional-2020-2025/raw/weather/location_id=la_vientiane/year=2026/weather-2026-06-23-2026-06-29.parquet,312d681efd830986be9a83e6bbce74ef1f068dc45e200c1670f0e328ddd71080,53949,41033f20576bf8e6f793c92b7b7ae31b779b0d20f0ddc5160c2ecb9b4d79669b,la_vientiane,17.9757,102.6331,2026,2026-06-23,2026-06-29,168,2026-06-23,2026-06-29
/Users/vidura/Code/big-weather/data/regional-2020-2025/raw/weather/location_id=la_vientiane/year=2026/weather-2026-06-30-2026-07-06.parquet,0770ffddc487313ebc9f745368decce917fd3239e3ba67657bb7799d41f7a972,52574,947519cdbed7a868a0a2bfceae06feabb727369a792dc4372584400ecddaa2b6,la_vientiane,17.9757,102.6331,2026,2026-06-30,2026-07-06,168,2026-06-30,2026-07-06
/Users/vidura/Code/big-weather/data/regional-2020-2025/raw/weather/location_id=la_vientiane/year=2026/weather-2026-07-07-2026-07-13.parquet,bea2536d7ffe5bc3670654ae9d075cbb6f43e638cb96787bcfa878b1b479f1c0,53151,bbb1109dd990f14b55b00578552b64dd823c13564a02bd59e429a94f96534be2,la_vientiane,17.9757,102.6331,2026,2026-07-07,2026-07-13,168,2026-07-07,2026-07-13
/Users/vidura/Code/big-weather/data/regional-2020-2025/raw/weather/location_id=la_vientiane/year=2026/weather-2026-07-14-2026-07-20.parquet,baa02efb2474ef000819231278985080c58290d597b675dd1ec370218d5c75f4,52871,1385546dc77d6265d96ce1b1634493b2db5d51cc670db6687cc743e2199995c8,la_vientiane,17.9757,102.6331,2026,2026-07-14,2026-07-20,168,2026-07-14,2026-07-20
/Users/vidura/Code/big-weather/data/regional-2020-2025/raw/weather/location_id=la_vientiane/year=2026/weather-2026-07-21-2026-07-27.parquet,b12baa95a32d0029c5e8b82ed2a6e143e4df6cbf845682affb4f835a8623f59e,53574,3704f32dae4292a78df5287c45f39b8858e0e617ab36082cfe461afcc832535f,la_vientiane,17.9757,102.6331,2026,2026-07-21,2026-07-27,168,2026-07-21,2026-07-27
/Users/vidura/Code/big-weather/data/regional-2020-2025/raw/weather/location_id=la_vientiane/year=2026/weather-2026-07-28-2026-08-03.parquet,f269c8450b2220c268e7592442c1b9c73834711a603e13ab81f631f70e9e1558,51347,35348c6ec0d3682dbaab7e24c09036c8062d98bcd54a3437534946b6786b2284,la_vientiane,17.9757,102.6331,2026,2026-07-28,2026-08-03,168,2026-07-28,2026-08-03
/Users/vidura/Code/big-weather/data/regional-2020-2025/raw/weather/location_id=la_vientiane/year=2026/weather-2026-08-04-2026-08-10.parquet,2d9461110659b82457112fbb1ebf44839bf7669ee8b9cfbf1ea63760527b15c6,51936,d8a6d4f5d6e164ad76df5aaf67d209f203f805e4199b3f623dffc27582f2e194,la_vientiane,17.9757,102.6331,2026,2026-08-04,2026-08-10,168,2026-08-04,2026-08-10
/Users/vidura/Code/big-weather/data/regional-2020-2025/raw/weather/location_id=la_vientiane/year=2026/weather-2026-08-11-2026-08-17.parquet,d31a2bf12aeb8d99ae438f4c29e4bb32c6575c8c7505be0d85e34c853c6ca8b1,52669,7912434b31c81463461789739fd0a38997c206aad7468b761f25db6413a813f7,la_vientiane,17.9757,102.6331,2026,2026-08-11,2026-08-17,168,2026-08-11,2026-08-17
/Users/vidura/Code/big-weather/data/regional-2020-2025/raw/weather/location_id=la_vientiane/year=2026/weather-2026-08-18-2026-08-24.parquet,3538cc76b020380599f73c43d8ea3dc26e03ddd2f869a04e63cb7198780bc132,52047,a2b63b418479fcb40b793a1b0983fdcbefd768435067b1925a969e40393e6ab5,la_vientiane,17.9757,102.6331,2026,2026-08-18,2026-08-24,168,2026-08-18,2026-08-24
/Users/vidura/Code/big-weather/data/regional-2020-2025/raw/weather/location_id=la_vientiane/year=2026/weather-2026-08-25-2026-08-31.parquet,1af09789a30b70b82da378f82c1efc4362fefe00231cdfed64990c10ec3f6a54,52378,42ac14ac4433a1497c510cc27406e3b73cf72dddc2e5ded6d96376e248a6fe77,la_vientiane,17.9757,102.6331,2026,2026-08-25,2026-08-31,168,2026-08-25,2026-08-31
/Users/vidura/Code/big-weather/data/regional-2020-2025/raw/weather/location_id=lk_ambewela/year=2026/weather-2026-04-28-2026-05-04.parquet,1d231feadea77fd32718e37eccf0787ddba5ec8ebfe291b7275696cbab060080,52237,b1fbd9511eeaeae1f7c03ebc8355073823ed3dfe9c3661dd3834590c2fc4723c,lk_ambewela,6.8992,80.8028,2026,2026-04-28,2026-05-04,168,2026-04-28,2026-05-04
/Users/vidura/Code/big-weather/data/regional-2020-2025/raw/weather/location_id=lk_ambewela/year=2026/weather-2026-05-05-2026-05-11.parquet,b4c062ff32112f4ef996547bd9e3e391f34c2706f2410e12de42c66a255a3e8d,52512,43f752e2c2c5cd311c77a00887b5db359ce82a588232e102610115c2166c824e,lk_ambewela,6.8992,80.8028,2026,2026-05-05,2026-05-11,168,2026-05-05,2026-05-11
/Users/vidura/Code/big-weather/data/regional-2020-2025/raw/weather/location_id=lk_ambewela/year=2026/weather-2026-05-12-2026-05-18.parquet,21bb2680441655761c440f9952902feba26b8770f09f1527821040659e91a103,52158,b44c874a839ca7c64996c977286232b9055ba1c78564337535ade27ff3022367,lk_ambewela,6.8992,80.8028,2026,2026-05-12,2026-05-18,168,2026-05-12,2026-05-18
/Users/vidura/Code/big-weather/data/regional-2020-2025/raw/weather/location_id=lk_ambewela/year=2026/weather-2026-05-19-2026-05-25.parquet,505032fa9844dfd53c345204895b66487bb0b33fc0ebd7a8955b05a6be44eb18,51307,a8a9be3e525c30dbc6d00363d22733d4dd3f9daa355f0c8cb144ac1e74756d21,lk_ambewela,6.8992,80.8028,2026,2026-05-19,2026-05-25,168,2026-05-19,2026-05-25
/Users/vidura/Code/big-weather/data/regional-2020-2025/raw/weather/location_id=lk_ambewela/year=2026/weather-2026-05-26-2026-06-01.parquet,df032ba6c15db670c5e48414eeee4af29ce09700d92eb6f751e92078911a12d2,51223,4e0c75df66128cb7428aca8cf828d1067599917050a67a84d3ae45ab4b8440b3,lk_ambewela,6.8992,80.8028,2026,2026-05-26,2026-06-01,168,2026-05-26,2026-06-01
/Users/vidura/Code/big-weather/data/regional-2020-2025/raw/weather/location_id=lk_ambewela/year=2026/weather-2026-06-02-2026-06-08.parquet,b0b5543cd79d7fa4f3b0ea381aaed598910b6c47304fd8c81e4bcc3405107e09,51622,29e1e329de9206efc696627e0a2e476c9ad86ec36d26f78b32f82434aab8f7e7,lk_ambewela,6.8992,80.8028,2026,2026-06-02,2026-06-08,168,2026-06-02,2026-06-08
/Users/vidura/Code/big-weather/data/regional-2020-2025/raw/weather/location_id=lk_ambewela/year=2026/weather-2026-06-09-2026-06-15.parquet,a56b09bea43762df0db6db82509370489f5e299b92747076ce4ed43117735bed,51472,575b7b3290791b36c67733611ee8bf8b38812b42bc59fafb02039ec9067ad176,lk_ambewela,6.8992,80.8028,2026,2026-06-09,2026-06-15,168,2026-06-09,2026-06-15
/Users/vidura/Code/big-weather/data/regional-2020-2025/raw/weather/location_id=lk_ambewela/year=2026/weather-2026-06-16-2026-06-22.parquet,8007fc128b242be0505a0beb741ae5191d9cf1ca6614062e926b24a2e021b2ac,51590,5cccb15d59fc13a49162abe4eb68910592ef618ca9ce1af5062a8561e2f5f5cd,lk_ambewela,6.8992,80.8028,2026,2026-06-16,2026-06-22,168,2026-06-16,2026-06-22
/Users/vidura/Code/big-weather/data/regional-2020-2025/raw/weather/location_id=lk_ambewela/year=2026/weather-2026-06-23-2026-06-29.parquet,2dd36c4d6e950bd14620cec9958621226a831327228d231d4c40478d0d14f91d,51748,9ab3dd5e1788bb4ccb4f40d8a337750a4a1932946cb6098f24fab329e9758d31,lk_ambewela,6.8992,80.8028,2026,2026-06-23,2026-06-29,168,2026-06-23,2026-06-29
/Users/vidura/Code/big-weather/data/regional-2020-2025/raw/weather/location_id=lk_ambewela/year=2026/weather-2026-06-30-2026-07-06.parquet,2e42e61dfc1bcab2f3c7db2805aae43d59104b1865c1ab393ee089abfbeca75c,51869,51b871cd6c03f1c0a5212a29befc357614608ec24b2cfa96b0bf17d438c09ec7,lk_ambewela,6.8992,80.8028,2026,2026-06-30,2026-07-06,168,2026-06-30,2026-07-06
/Users/vidura/Code/big-weather/data/regional-2020-2025/raw/weather/location_id=lk_ambewela/year=2026/weather-2026-07-07-2026-07-13.parquet,405376c77382770eda23ec3f88fef42680be3ac832f24d223fcba22a4bb0f9a3,51591,71558abed40b5e85a83a54cec3f293af04ab652c4b179b3934283f29bd5cdfcf,lk_ambewela,6.8992,80.8028,2026,2026-07-07,2026-07-13,168,2026-07-07,2026-07-13
/Users/vidura/Code/big-weather/data/regional-2020-2025/raw/weather/location_id=lk_ambewela/year=2026/weather-2026-07-14-2026-07-20.parquet,209d59fb7e4a68c01971f151391c0c6f6d852552ad98da39cc794d319cd4e633,51348,44d592c5352d3606956438ccb60941e93a550fcd72da6f2977c8cf50119a773b,lk_ambewela,6.8992,80.8028,2026,2026-07-14,2026-07-20,168,2026-07-14,2026-07-20
/Users/vidura/Code/big-weather/data/regional-2020-2025/raw/weather/location_id=lk_ambewela/year=2026/weather-2026-07-21-2026-07-27.parquet,a920ed5327e19c9c91a604b98c2f8d481d4ff9202fa4b554b8b62575675d6e1d,51656,c647a3fd87ca4713a766e625af52f64ce3f3331ba22285b12e1b9def066eb338,lk_ambewela,6.8992,80.8028,2026,2026-07-21,2026-07-27,168,2026-07-21,2026-07-27
/Users/vidura/Code/big-weather/data/regional-2020-2025/raw/weather/location_id=lk_ambewela/year=2026/weather-2026-07-28-2026-08-03.parquet,d71914140ef1a2b090fba2941a8d57e15f0190e2d76116b8c4ccf64cbd3bd6d4,51989,1fdf92d12ebd737f7fe5283c6d207b42a19037412317294c3bf92bf0bcc02318,lk_ambewela,6.8992,80.8028,2026,2026-07-28,2026-08-03,168,2026-07-28,2026-08-03
/Users/vidura/Code/big-weather/data/regional-2020-2025/raw/weather/location_id=lk_ambewela/year=2026/weather-2026-08-04-2026-08-10.parquet,3a832fcacad7decb9e33247a76a6f6a6a26f5880bb5788700322c17132924310,51231,7ab8ff3306b88bd93a5ea68f47a540432d4574263a400915c94cc3dce13cdde8,lk_ambewela,6.8992,80.8028,2026,2026-08-04,2026-08-10,168,2026-08-04,2026-08-10
/Users/vidura/Code/big-weather/data/regional-2020-2025/raw/weather/location_id=lk_ambewela/year=2026/weather-2026-08-11-2026-08-17.parquet,6f2ef03c895f3b80c7d9e00935287e64e328d09e756213ccee059d9b52c2b79b,51146,b515ea3bbfe4499e016f7a788d1a0f835ab625a5dfe3f0ae91b0d83823243f7c,lk_ambewela,6.8992,80.8028,2026,2026-08-11,2026-08-17,168,2026-08-11,2026-08-17
/Users/vidura/Code/big-weather/data/regional-2020-2025/raw/weather/location_id=lk_ambewela/year=2026/weather-2026-08-18-2026-08-24.parquet,9b43a6382e864680660ce4148d56bce827ada39beb17cd810dd68ce509956402,51312,293c4b8bca6555a34f49f68c003b7256a8b2e8e78dbe608f9fc24dcf5fd2b748,lk_ambewela,6.8992,80.8028,2026,2026-08-18,2026-08-24,168,2026-08-18,2026-08-24
/Users/vidura/Code/big-weather/data/regional-2020-2025/raw/weather/location_id=lk_ambewela/year=2026/weather-2026-08-25-2026-08-31.parquet,b6a4faa21b6da6e4fa8a732202a5321c8f253c1b2e6742ac1d231c10685c8666,50957,8fddeff9685caa641643e1be6e5ab70350980480561ea8654f4a7b9e850d51fb,lk_ambewela,6.8992,80.8028,2026,2026-08-25,2026-08-31,168,2026-08-25,2026-08-31
/Users/vidura/Code/big-weather/data/regional-2020-2025/raw/weather/location_id=lk_anuradhapura/year=2020/weather.parquet,3f3a5ea007ec74657288e54ffd04733d78022e1f8dda9ea4214d186ce465d404,578745,5f3a679306c023b1d8f1a4b429581e5c68ad7472876ad0575213b35dce826818,lk_anuradhapura,8.3114,80.4037,2020,2020-01-01,2020-12-31,8784,,
/Users/vidura/Code/big-weather/data/regional-2020-2025/raw/weather/location_id=lk_anuradhapura/year=2021/weather.parquet,ebc795122ff7ce8e6b5a24a047412662f74360c547243391997654ac37fc4dac,578119,c62b9d22be798d3d78c9552f8ea559ca6d2841030334e65e2f0371851fc4107b,lk_anuradhapura,8.3114,80.4037,2021,2021-01-01,2021-12-31,8760,,
/Users/vidura/Code/big-weather/data/regional-2020-2025/raw/weather/location_id=lk_anuradhapura/year=2022/weather.parquet,1da978beb24ab0b6dbac5a6b672d14ecee759c6cdc6ba1e953f7a86940ad6164,577476,53f08d9fe5ff5095d2f5a8717c369c782c18c8cae2396a5a3267f6180c8d5bdb,lk_anuradhapura,8.3114,80.4037,2022,2022-01-01,2022-12-31,8760,,
/Users/vidura/Code/big-weather/data/regional-2020-2025/raw/weather/location_id=lk_anuradhapura/year=2023/weather.parquet,6ad9a8184b41bd636021f09fdf25f85fbfb8d69c6b9ce810f1f134193d80321e,579539,d180213e9252376874c6d99918b645a73c4969690d07e0c999107047dd5e7fe1,lk_anuradhapura,8.3114,80.4037,2023,2023-01-01,2023-12-31,8760,,
/Users/vidura/Code/big-weather/data/regional-2020-2025/raw/weather/location_id=lk_anuradhapura/year=2024/weather.parquet,b7f9d1f972ca4fb4b36493b40c84c359c700a1942b8990c23d1dddea92efe29e,571629,b93d7ec7f7eafe4908d8838ad6c3038d7e7cb4e186bcadd4a81d848c4f91bb34,lk_anuradhapura,8.3114,80.4037,2024,2024-01-01,2024-12-31,8784,,
/Users/vidura/Code/big-weather/data/regional-2020-2025/raw/weather/location_id=lk_anuradhapura/year=2025/weather.parquet,4a3b41e5e04288d332fce9920a2a76a5c118f87149a097639bc90ff95a2e9ba7,580719,ccfc4b3431141520ef66e790b70dc050387b2b5a0a6ec42009bd66a1474d5f18,lk_anuradhapura,8.3114,80.4037,2025,2025-01-01,2025-12-31,8760,,
/Users/vidura/Code/big-weather/data/regional-2020-2025/raw/weather/location_id=lk_anuradhapura/year=2026/weather-2026-04-28-2026-05-04.parquet,91d621f445abc0eef3e94f792bde4bf994f1497e453d1b63090410f0fe45f37a,52444,e05660b168c2f5ddc57700949193ea62d7311db194be9e4a6078e04cea7ad222,lk_anuradhapura,8.3114,80.4037,2026,2026-04-28,2026-05-04,168,2026-04-28,2026-05-04
/Users/vidura/Code/big-weather/data/regional-2020-2025/raw/weather/location_id=lk_anuradhapura/year=2026/weather-2026-05-05-2026-05-11.parquet,45b9fb4d0460804484677253b7e6395c52c09de110e2b9fc4928572682316e1c,53367,ff6ee95c456551937a83f7edb6d9db10759e84c1c3e75706e02e5a3ed33223b7,lk_anuradhapura,8.3114,80.4037,2026,2026-05-05,2026-05-11,168,2026-05-05,2026-05-11
/Users/vidura/Code/big-weather/data/regional-2020-2025/raw/weather/location_id=lk_anuradhapura/year=2026/weather-2026-05-12-2026-05-18.parquet,2b32abe42f24a6acb40cfa3c295ba80c2b65f1a26b3b2620c5f7bc3639589c2d,52659,db36a84c9e5aae235e866b4a8a8f649ca008ac9fe90a5dc15eb99eae7b2b2952,lk_anuradhapura,8.3114,80.4037,2026,2026-05-12,2026-05-18,168,2026-05-12,2026-05-18
/Users/vidura/Code/big-weather/data/regional-2020-2025/raw/weather/location_id=lk_anuradhapura/year=2026/weather-2026-05-19-2026-05-25.parquet,f03f813e9ba0c99ab741191190ca24f0350e5aedb68e4bb67629601e25f73d9d,51167,655955bbed222560f7c7c59f6052f7beb05a46e6b4cd984ef3f948d8efbb94ac,lk_anuradhapura,8.3114,80.4037,2026,2026-05-19,2026-05-25,168,2026-05-19,2026-05-25
/Users/vidura/Code/big-weather/data/regional-2020-2025/raw/weather/location_id=lk_anuradhapura/year=2026/weather-2026-05-26-2026-06-01.parquet,d54afbe93c20115022ad1db3112c4cafe14671465c9d0ab41281774f0c25b879,50943,dc3d4172cdf9dfce1295551c02facf0ad2b9b6f0eaf724107981348a1842968a,lk_anuradhapura,8.3114,80.4037,2026,2026-05-26,2026-06-01,168,2026-05-26,2026-06-01
/Users/vidura/Code/big-weather/data/regional-2020-2025/raw/weather/location_id=lk_anuradhapura/year=2026/weather-2026-06-02-2026-06-08.parquet,aedd7117f744475c2094622427b7e625fdbb7f94b66e2c4913f34d8e813128fc,51394,23e95eba06a69ba1685b63fa0c38e6fa0acafce8d25b8843db03788f29b50685,lk_anuradhapura,8.3114,80.4037,2026,2026-06-02,2026-06-08,168,2026-06-02,2026-06-08
/Users/vidura/Code/big-weather/data/regional-2020-2025/raw/weather/location_id=lk_anuradhapura/year=2026/weather-2026-06-09-2026-06-15.parquet,b1f4d00579a2a50eef59967e7784cc4d1aa57790162d49004a5ca748e9f639ea,51648,a9e30b99af5b938aa443e75c158cae7c62c9085f8eaa6ee711e1ba2ced47ff96,lk_anuradhapura,8.3114,80.4037,2026,2026-06-09,2026-06-15,168,2026-06-09,2026-06-15
/Users/vidura/Code/big-weather/data/regional-2020-2025/raw/weather/location_id=lk_anuradhapura/year=2026/weather-2026-06-16-2026-06-22.parquet,77fbe2b897cc7e5ef855b8f98cc16f9e2af431039ad27986def35d5d9d118100,50967,c7f21565cd0a70f80b5460089e15a201dd9953a637cc63351e77481fc182494b,lk_anuradhapura,8.3114,80.4037,2026,2026-06-16,2026-06-22,168,2026-06-16,2026-06-22
/Users/vidura/Code/big-weather/data/regional-2020-2025/raw/weather/location_id=lk_anuradhapura/year=2026/weather-2026-06-23-2026-06-29.parquet,0f8893ac7238530cc69cacf7278e00a7f3ea5f6c7137b52209662b76695505a6,51016,55e6921e1b0f55dc4052928720a1fe4efcf9b9feda76f0d808fef409813e341f,lk_anuradhapura,8.3114,80.4037,2026,2026-06-23,2026-06-29,168,2026-06-23,2026-06-29
/Users/vidura/Code/big-weather/data/regional-2020-2025/raw/weather/location_id=lk_anuradhapura/year=2026/weather-2026-06-30-2026-07-06.parquet,1801a82c2f5697e57095ffd9994aa4510d69ca673f1204cda7ab211a53949bd5,51204,007a8cd59b7f9a6c9e0e40af9255bdfddfdd0e006903b4e00207581909be3255,lk_anuradhapura,8.3114,80.4037,2026,2026-06-30,2026-07-06,168,2026-06-30,2026-07-06
/Users/vidura/Code/big-weather/data/regional-2020-2025/raw/weather/location_id=lk_anuradhapura/year=2026/weather-2026-07-07-2026-07-13.parquet,577745255c3d7905020d51f589d973b8e9e0b5af841129a725741b24c2cfeefd,50935,fa7606fc5740c1367af49060007b74a70bca9235c19c821816adaf63617752d2,lk_anuradhapura,8.3114,80.4037,2026,2026-07-07,2026-07-13,168,2026-07-07,2026-07-13
/Users/vidura/Code/big-weather/data/regional-2020-2025/raw/weather/location_id=lk_anuradhapura/year=2026/weather-2026-07-14-2026-07-20.parquet,4586a9e8ae8238b28a9e4f78593bd829c0bd69401acf2910536e0fee1f451fdb,50721,689e5d56697e12828bf2dd1f5d75ca03fb52cc4e913ff8d177bcffa5059c472f,lk_anuradhapura,8.3114,80.4037,2026,2026-07-14,2026-07-20,168,2026-07-14,2026-07-20
/Users/vidura/Code/big-weather/data/regional-2020-2025/raw/weather/location_id=lk_anuradhapura/year=2026/weather-2026-07-21-2026-07-27.parquet,056bcbcf92a93831170bc971230ee77cfa069371e684936fcffcec4d105a5c01,50954,f3b60b7ff35ff33a7de4a66dac838629c3612ee390f0e839a6c337fe056e756c,lk_anuradhapura,8.3114,80.4037,2026,2026-07-21,2026-07-27,168,2026-07-21,2026-07-27
/Users/vidura/Code/big-weather/data/regional-2020-2025/raw/weather/location_id=lk_anuradhapura/year=2026/weather-2026-07-28-2026-08-03.parquet,f1b5304262128267f8358b5974b0e259b56841612071e8af32ac4712ba2e9e58,51496,85c0e7df6d214bccd9d7d3726bfcac9112c20902cc82e15adb0567b89d440864,lk_anuradhapura,8.3114,80.4037,2026,2026-07-28,2026-08-03,168,2026-07-28,2026-08-03
/Users/vidura/Code/big-weather/data/regional-2020-2025/raw/weather/location_id=lk_anuradhapura/year=2026/weather-2026-08-04-2026-08-10.parquet,67d8e0d7eb5f633517e4376c05761d8d26be7d2afaa4f72a204c94b415178759,51322,ecbed99ca379c6663f879636e95794382fc050e2c3bdfda0fffddd3a0807ceb3,lk_anuradhapura,8.3114,80.4037,2026,2026-08-04,2026-08-10,168,2026-08-04,2026-08-10
/Users/vidura/Code/big-weather/data/regional-2020-2025/raw/weather/location_id=lk_anuradhapura/year=2026/weather-2026-08-11-2026-08-17.parquet,e56468405fea93c0ea9907fe2fc3a6332176edcfd78a4666ec409fb526f89630,50590,0dae443ed9d28619022677c708662faeaddb15353994c978d37b3ec7ac1f1896,lk_anuradhapura,8.3114,80.4037,2026,2026-08-11,2026-08-17,168,2026-08-11,2026-08-17
/Users/vidura/Code/big-weather/data/regional-2020-2025/raw/weather/location_id=lk_anuradhapura/year=2026/weather-2026-08-18-2026-08-24.parquet,62c30b688b56e6584faa1f33686d8a4d494152d8be5bbdb216aa70fe923e83e5,50626,1b75103a8b54b470c242d49a91ac023a4343a0fcd3447a2089a023150152ed2f,lk_anuradhapura,8.3114,80.4037,2026,2026-08-18,2026-08-24,168,2026-08-18,2026-08-24
/Users/vidura/Code/big-weather/data/regional-2020-2025/raw/weather/location_id=lk_anuradhapura/year=2026/weather-2026-08-25-2026-08-31.parquet,1163e44c50d740b64c0124edb6cd5c410184a85d9a32e08a7a4b2a627f9562d9,50982,481e40302e9391d5545e484a87f834929e71b272479fbf0ca85c37857777a681,lk_anuradhapura,8.3114,80.4037,2026,2026-08-25,2026-08-31,168,2026-08-25,2026-08-31
/Users/vidura/Code/big-weather/data/regional-2020-2025/raw/weather/location_id=lk_badulla/year=2026/weather-2026-04-28-2026-05-04.parquet,f2637acf21546ee340de8a7b6222ab20824a397535e274fb061a5966b5400696,52507,e85438566c24bf162eeac7607866d004d4ae15962136cb8aa9eca6f0135f1ca2,lk_badulla,6.9934,81.055,2026,2026-04-28,2026-05-04,168,2026-04-28,2026-05-04
/Users/vidura/Code/big-weather/data/regional-2020-2025/raw/weather/location_id=lk_badulla/year=2026/weather-2026-05-05-2026-05-11.parquet,46a754d9f9b46424d295ca08b7963dc35c2a04826628e194f3f6b92ef17a30f0,52830,4b0ecda8c4c202b7d9809110be35bf803ffb90c6613414628aaef178c25deb3e,lk_badulla,6.9934,81.055,2026,2026-05-05,2026-05-11,168,2026-05-05,2026-05-11
/Users/vidura/Code/big-weather/data/regional-2020-2025/raw/weather/location_id=lk_badulla/year=2026/weather-2026-05-12-2026-05-18.parquet,d134f76c03aa510abd560d3d552ef2c4e870c0c8da20dc0ce3089110b01e7867,52530,75b51c3e0e277231680d66ab7022eb838c0fd43a9bc4a326582ae142098f50aa,lk_badulla,6.9934,81.055,2026,2026-05-12,2026-05-18,168,2026-05-12,2026-05-18
/Users/vidura/Code/big-weather/data/regional-2020-2025/raw/weather/location_id=lk_badulla/year=2026/weather-2026-05-19-2026-05-25.parquet,273d60b87fd3b4c871eecb0de004e61c3bbfaffe19b2795e8ba7aec0673007a1,51636,24727693ac09c686a61050add81bc2b34cac7e140cf91cc7184c4524c84cd5a4,lk_badulla,6.9934,81.055,2026,2026-05-19,2026-05-25,168,2026-05-19,2026-05-25
/Users/vidura/Code/big-weather/data/regional-2020-2025/raw/weather/location_id=lk_badulla/year=2026/weather-2026-05-26-2026-06-01.parquet,fe199c62a838b646118f7d359fc21f9e62fb8b2fb0d5efbbca2a5c91d5ebc036,51783,7d01a0f15c5cc009a2c22043d33ef74b7b3c765c67ed51baf325335bc0cd9fb7,lk_badulla,6.9934,81.055,2026,2026-05-26,2026-06-01,168,2026-05-26,2026-06-01
/Users/vidura/Code/big-weather/data/regional-2020-2025/raw/weather/location_id=lk_badulla/year=2026/weather-2026-06-02-2026-06-08.parquet,67afaf5d018ad43af412d14f4436bfe44e2b5cd8f0994d7a14c32fc3e72eb350,51713,721fc5842bf2854b78c757b0879fcd33e73a5b97e119e6b64120dff688ec6410,lk_badulla,6.9934,81.055,2026,2026-06-02,2026-06-08,168,2026-06-02,2026-06-08
/Users/vidura/Code/big-weather/data/regional-2020-2025/raw/weather/location_id=lk_badulla/year=2026/weather-2026-06-09-2026-06-15.parquet,26eeacf5a058c6e6cb385439d0ff77be7243f13ef30ec4a1ad84664ae01e1e72,52113,edcb84828a7704be8b7c3a514122951a848dcb8c6993087d982fe6a65e714413,lk_badulla,6.9934,81.055,2026,2026-06-09,2026-06-15,168,2026-06-09,2026-06-15
/Users/vidura/Code/big-weather/data/regional-2020-2025/raw/weather/location_id=lk_badulla/year=2026/weather-2026-06-16-2026-06-22.parquet,f6a8b5772f53f75133a95070f295fbd838ef9fa9d40e2a3877c104004fcd32e0,52171,81bb774be15903d1babafcc1aa62966119a64b0691465d04596b920354cfbefc,lk_badulla,6.9934,81.055,2026,2026-06-16,2026-06-22,168,2026-06-16,2026-06-22
/Users/vidura/Code/big-weather/data/regional-2020-2025/raw/weather/location_id=lk_badulla/year=2026/weather-2026-06-23-2026-06-29.parquet,4adaac8fe919e8b71a7d1e7941d6063a4cc8eead098fc672ff872a2155918da7,52315,b064293f3af29d8524cdf4b52af7521132a366b091a10471766ca87cdf0462ce,lk_badulla,6.9934,81.055,2026,2026-06-23,2026-06-29,168,2026-06-23,2026-06-29
/Users/vidura/Code/big-weather/data/regional-2020-2025/raw/weather/location_id=lk_badulla/year=2026/weather-2026-06-30-2026-07-06.parquet,1cea1b6a8e27f1d7f7902de026fc6280c5ad8e38d538c4a5b81460d4c6434880,52500,9546c46f7864f62fa17563eb69d1a8c4df55262bfcf3de617ac4370eaeb7a4ef,lk_badulla,6.9934,81.055,2026,2026-06-30,2026-07-06,168,2026-06-30,2026-07-06
/Users/vidura/Code/big-weather/data/regional-2020-2025/raw/weather/location_id=lk_badulla/year=2026/weather-2026-07-07-2026-07-13.parquet,2d818839854ad3416a6cb0acf4e96d1d2205ea6be6fd773cc6b2ddfcaebbb3f7,51976,396a42dffd9cb162d2cd2a446af259cb2533c7ff5a861dffa236ecfcc96c29fa,lk_badulla,6.9934,81.055,2026,2026-07-07,2026-07-13,168,2026-07-07,2026-07-13
/Users/vidura/Code/big-weather/data/regional-2020-2025/raw/weather/location_id=lk_badulla/year=2026/weather-2026-07-14-2026-07-20.parquet,ee265662a38bf5ca30357d545eb97a7dfabc07bf8533f41c2f2787a8a009898c,51174,9841b1d64916e70f8fa7f664c135dd69716f33f96011a170309b886c3759c060,lk_badulla,6.9934,81.055,2026,2026-07-14,2026-07-20,168,2026-07-14,2026-07-20
/Users/vidura/Code/big-weather/data/regional-2020-2025/raw/weather/location_id=lk_badulla/year=2026/weather-2026-07-21-2026-07-27.parquet,146086bb81ab61092f2ca889b6fd8d987b6c9a25db1301942c3468e555ea9682,51772,3e2cda6dc06b0d16a8b9166e69e3a4622fa9f5aa5d740d9ffca85b45f7bf9d35,lk_badulla,6.9934,81.055,2026,2026-07-21,2026-07-27,168,2026-07-21,2026-07-27
/Users/vidura/Code/big-weather/data/regional-2020-2025/raw/weather/location_id=lk_badulla/year=2026/weather-2026-07-28-2026-08-03.parquet,45c31d9c239067902a0afa5875b4485ce497d9775f9db18699ff7de8073eea8c,52077,c638951137e776467b9a5a259c5461b5945273d19390bf19360ca3e8ee2567e4,lk_badulla,6.9934,81.055,2026,2026-07-28,2026-08-03,168,2026-07-28,2026-08-03
/Users/vidura/Code/big-weather/data/regional-2020-2025/raw/weather/location_id=lk_badulla/year=2026/weather-2026-08-04-2026-08-10.parquet,4b7db38633a4ff27a6fea194f28946afde68a0953aecd738434eb672527cfdcc,51515,185a972fb872d9f3e8c4ae0aa33dd3ea805c9f669a34bbebb8c9cbc4b20463d0,lk_badulla,6.9934,81.055,2026,2026-08-04,2026-08-10,168,2026-08-04,2026-08-10
/Users/vidura/Code/big-weather/data/regional-2020-2025/raw/weather/location_id=lk_badulla/year=2026/weather-2026-08-11-2026-08-17.parquet,a56dabf32923820a9935c7c8e6c2d3a6d1df9424109d31f29cb430c4bffbc05f,51436,4f6816566f0f015feb5a3d37b626571cf5cfcf435dee088f4f1bf6ac231c3896,lk_badulla,6.9934,81.055,2026,2026-08-11,2026-08-17,168,2026-08-11,2026-08-17
/Users/vidura/Code/big-weather/data/regional-2020-2025/raw/weather/location_id=lk_badulla/year=2026/weather-2026-08-18-2026-08-24.parquet,83dad882e0758662a70f1ac02aa4dc0cbd451a1987bbe682d86a9b09d0349d16,51367,92525142d14bef996b14eff67d69418b6dfd069c5d9401a4ba69151a55c6283d,lk_badulla,6.9934,81.055,2026,2026-08-18,2026-08-24,168,2026-08-18,2026-08-24
/Users/vidura/Code/big-weather/data/regional-2020-2025/raw/weather/location_id=lk_badulla/year=2026/weather-2026-08-25-2026-08-31.parquet,38aabb408df9112650aea8a834bab22a9b37b1673a3441d20cbbe49f1591de9e,51080,56650b504cfc58ce194d09bcba963c394bc0d2acc91c448e6e53ca12457e6981,lk_badulla,6.9934,81.055,2026,2026-08-25,2026-08-31,168,2026-08-25,2026-08-31
/Users/vidura/Code/big-weather/data/regional-2020-2025/raw/weather/location_id=lk_bandarawela/year=2026/weather-2026-04-28-2026-05-04.parquet,813c3853ec65aaf1dc73d6e5fc16f1f20e5459759fe907cb5b402e2ce9a3e4b5,52125,86fcd2e9df87391686e4b13122f80d5c254f7083a811055dfed5adc9d76b447b,lk_bandarawela,6.8259,80.9982,2026,2026-04-28,2026-05-04,168,2026-04-28,2026-05-04
/Users/vidura/Code/big-weather/data/regional-2020-2025/raw/weather/location_id=lk_bandarawela/year=2026/weather-2026-05-05-2026-05-11.parquet,9afce982efe1e1ea10c5e6dc43f72fde74084c20260104be6a381d9be57afe2d,53121,dd6fd5d097b7adda2f7ffa037c964912ba6fc2e24ea14fdf46034835058a0348,lk_bandarawela,6.8259,80.9982,2026,2026-05-05,2026-05-11,168,2026-05-05,2026-05-11
/Users/vidura/Code/big-weather/data/regional-2020-2025/raw/weather/location_id=lk_bandarawela/year=2026/weather-2026-05-12-2026-05-18.parquet,28d5027b13b0824d530244d633885bc191d3a207f631fcf5d58cfec07ad68d74,52798,5a5be74e31008caa42bc3b8a1ed152ddb6cad84c14ea949385b5f7066b84d46b,lk_bandarawela,6.8259,80.9982,2026,2026-05-12,2026-05-18,168,2026-05-12,2026-05-18
/Users/vidura/Code/big-weather/data/regional-2020-2025/raw/weather/location_id=lk_bandarawela/year=2026/weather-2026-05-19-2026-05-25.parquet,ee21a3a524305c88e387842176e979280449f9e0172d4306a23e5f3a871ee3cc,51643,7f89dca4fc9874d3b4d04ada20bb8db07c71d735b832161754ac28965401e3c8,lk_bandarawela,6.8259,80.9982,2026,2026-05-19,2026-05-25,168,2026-05-19,2026-05-25
/Users/vidura/Code/big-weather/data/regional-2020-2025/raw/weather/location_id=lk_bandarawela/year=2026/weather-2026-05-26-2026-06-01.parquet,1feafeb7c1bb93f4e648709f998d83ae83e8a7758fbf30afdb1d24ca6e07559d,51617,450f65e724d59a0a8232d88cb90d0ddc6a520769d15bb8cff8ea445774d1b3ca,lk_bandarawela,6.8259,80.9982,2026,2026-05-26,2026-06-01,168,2026-05-26,2026-06-01
/Users/vidura/Code/big-weather/data/regional-2020-2025/raw/weather/location_id=lk_bandarawela/year=2026/weather-2026-06-02-2026-06-08.parquet,95e9790134ce91829a256b1e02d8184146495e52ed5c753d9df8e20cbb44af59,51271,d8a4fb7f71c007e795241351e69b09f0c94f92619988860a7b56099da1f5ccda,lk_bandarawela,6.8259,80.9982,2026,2026-06-02,2026-06-08,168,2026-06-02,2026-06-08
/Users/vidura/Code/big-weather/data/regional-2020-2025/raw/weather/location_id=lk_bandarawela/year=2026/weather-2026-06-09-2026-06-15.parquet,9d73073c99a23e58ef85ecdf7e82fcad87898d1e3b116040c96b49c99cc5447c,51656,5d4a4461ba033960bff6264186452b1281abf95ddaf835255804f091b788029d,lk_bandarawela,6.8259,80.9982,2026,2026-06-09,2026-06-15,168,2026-06-09,2026-06-15
/Users/vidura/Code/big-weather/data/regional-2020-2025/raw/weather/location_id=lk_bandarawela/year=2026/weather-2026-06-16-2026-06-22.parquet,af456e45766aac81d27bde5cdf0f3aafd21894297b8b395312ab2cf2a3868c2f,51816,cfa449457c62d76420a57de37125b9479a6ed2c1a1ef583e4b9fb48641878003,lk_bandarawela,6.8259,80.9982,2026,2026-06-16,2026-06-22,168,2026-06-16,2026-06-22
/Users/vidura/Code/big-weather/data/regional-2020-2025/raw/weather/location_id=lk_bandarawela/year=2026/weather-2026-06-23-2026-06-29.parquet,6f60e6eb30de3bd34640df5460a472c60bba36ce9312cec0ec17e739a1c8cd3e,52336,9ab2f7449f6d714d98e30445ee54626b7a0809618fbff7ac5a42dbd9f9435ea6,lk_bandarawela,6.8259,80.9982,2026,2026-06-23,2026-06-29,168,2026-06-23,2026-06-29
/Users/vidura/Code/big-weather/data/regional-2020-2025/raw/weather/location_id=lk_bandarawela/year=2026/weather-2026-06-30-2026-07-06.parquet,c86d13812e33b78e706ffc08394f0d2f45dec0923360a98260eaf7eea601a3be,52406,a43be9a404a78fd3d6ea9cdf3c6bafb8ec5959b3bfc2c89e5be1d10e729cb6b1,lk_bandarawela,6.8259,80.9982,2026,2026-06-30,2026-07-06,168,2026-06-30,2026-07-06
/Users/vidura/Code/big-weather/data/regional-2020-2025/raw/weather/location_id=lk_bandarawela/year=2026/weather-2026-07-07-2026-07-13.parquet,baa6b148e2960a54b67bdba89a6b1ef9bc0cf294dce79fb50e152f4bd19d552c,51878,a59288e5dcecb2d4973c1527678bcec17dfb4a15b19a9371d1d576c90ce4b6a6,lk_bandarawela,6.8259,80.9982,2026,2026-07-07,2026-07-13,168,2026-07-07,2026-07-13
/Users/vidura/Code/big-weather/data/regional-2020-2025/raw/weather/location_id=lk_bandarawela/year=2026/weather-2026-07-14-2026-07-20.parquet,a225910ec0d4bf8326cbd964931fd679972b8e59a053b516be4718247974ebfb,51153,17f25a816cfe4a63475ffd090f965c844cd6625b7232c6fdd23b83a171a56fa4,lk_bandarawela,6.8259,80.9982,2026,2026-07-14,2026-07-20,168,2026-07-14,2026-07-20
/Users/vidura/Code/big-weather/data/regional-2020-2025/raw/weather/location_id=lk_bandarawela/year=2026/weather-2026-07-21-2026-07-27.parquet,47f77ceb041eb37b7f8cdce46af18a70e096025278ecb762189f8c6f318cfd3d,51755,16461e2c19bf9d8e362827dbc02717da0b751df788b246dfecbf28fb6ccbc787,lk_bandarawela,6.8259,80.9982,2026,2026-07-21,2026-07-27,168,2026-07-21,2026-07-27
/Users/vidura/Code/big-weather/data/regional-2020-2025/raw/weather/location_id=lk_bandarawela/year=2026/weather-2026-07-28-2026-08-03.parquet,0319bbfb1cc01c3481342efe6688eae6e0bdb0c2a50afc238e1e8310a5c7febb,52502,f8e408bd3709bb718d47993a145c61fc64c5947dd55e656460ce80eaaef560f6,lk_bandarawela,6.8259,80.9982,2026,2026-07-28,2026-08-03,168,2026-07-28,2026-08-03
/Users/vidura/Code/big-weather/data/regional-2020-2025/raw/weather/location_id=lk_bandarawela/year=2026/weather-2026-08-04-2026-08-10.parquet,e236ee5e82ec84fa1951b292532fb34e3cccbfdb95afcd363dc34ab542449cdc,51475,bfdcc0f0aa450e8658a07f84db6469114b6cc9f055de1e0f0416bcaa458a13f6,lk_bandarawela,6.8259,80.9982,2026,2026-08-04,2026-08-10,168,2026-08-04,2026-08-10
/Users/vidura/Code/big-weather/data/regional-2020-2025/raw/weather/location_id=lk_bandarawela/year=2026/weather-2026-08-11-2026-08-17.parquet,5236289ad97acbc74c3a3fbe02ec68e74bff3baf120e3a94ec4b5242b8fa5c7e,51599,18c09511944c36a97bb045ac14c543f3bff4bcdb24774e0a199af78e0be25df6,lk_bandarawela,6.8259,80.9982,2026,2026-08-11,2026-08-17,168,2026-08-11,2026-08-17
/Users/vidura/Code/big-weather/data/regional-2020-2025/raw/weather/location_id=lk_bandarawela/year=2026/weather-2026-08-18-2026-08-24.parquet,07591a41862656a5907057440ae4001c514be182458ff005622a57e7287f8ac5,51185,0cd078fcffdc73e3e257867d1b22310d9d1bf5d7ff7d68c10f0c5fc1d999184c,lk_bandarawela,6.8259,80.9982,2026,2026-08-18,2026-08-24,168,2026-08-18,2026-08-24
/Users/vidura/Code/big-weather/data/regional-2020-2025/raw/weather/location_id=lk_bandarawela/year=2026/weather-2026-08-25-2026-08-31.parquet,6d2da3be8d388d5932c88caef8c422ca439db867d3dd25e6103302fdf390f1de,50905,dc88f0355e5412994e6c65067e76f61997334901b65ee2d8a8289508c0dafa6b,lk_bandarawela,6.8259,80.9982,2026,2026-08-25,2026-08-31,168,2026-08-25,2026-08-31
/Users/vidura/Code/big-weather/data/regional-2020-2025/raw/weather/location_id=lk_batticaloa/year=2020/weather.parquet,03de9f6058f6a8909bfac974356f676905b6f4ce16b98ad126308793a94a03b1,577714,749bf369b5890d98a540cb05f813dd9d18a8a5ea728a9d649fab9edcf2c2787d,lk_batticaloa,7.7102,81.6924,2020,2020-01-01,2020-12-31,8784,,
/Users/vidura/Code/big-weather/data/regional-2020-2025/raw/weather/location_id=lk_batticaloa/year=2021/weather.parquet,ee200c5585eef646fc8cfb3ea810b3cfc6fbf38931c58f7d57d91f8659f2a1e6,581475,9bfd597c44d8596b3f7c7e1df1915b7422cac464b0aac43c8e0cdf4adbfad732,lk_batticaloa,7.7102,81.6924,2021,2021-01-01,2021-12-31,8760,,
/Users/vidura/Code/big-weather/data/regional-2020-2025/raw/weather/location_id=lk_batticaloa/year=2022/weather.parquet,56743ff45e7f1f717126d251d0d37cb45b6c3b33bb6ab595e1a473e36f4d83de,584210,9c4425324a9e8d74208cb7d47046bd29b275613c4f7db667a1444e9c59c713c1,lk_batticaloa,7.7102,81.6924,2022,2022-01-01,2022-12-31,8760,,
/Users/vidura/Code/big-weather/data/regional-2020-2025/raw/weather/location_id=lk_batticaloa/year=2023/weather.parquet,f183af163fc4c1caf69ab5ea358dab52c94dcfcd1f07482fad7cf132a6a7f462,583296,532a07eef3839d2799c6520600513e6a8909679bfd84943d64f40c399d8af7be,lk_batticaloa,7.7102,81.6924,2023,2023-01-01,2023-12-31,8760,,
/Users/vidura/Code/big-weather/data/regional-2020-2025/raw/weather/location_id=lk_batticaloa/year=2024/weather.parquet,0c79c583567e404031711b509a48292a235f34abe8bb4a41303a8f8f1b02e956,574306,c2c096ee08ade7216bbd61745f439b8cac037fb07593eb42c55cb96a372cc298,lk_batticaloa,7.7102,81.6924,2024,2024-01-01,2024-12-31,8784,,
/Users/vidura/Code/big-weather/data/regional-2020-2025/raw/weather/location_id=lk_batticaloa/year=2025/weather.parquet,8715de5b807148cf4abb1504e6c31d7bf9d26aa85bb9b63253fe028aec24cda8,581635,0043ad1581be45ab6f7eaf8ed6dd462b7721d819cced576356b5eb718e85f330,lk_batticaloa,7.7102,81.6924,2025,2025-01-01,2025-12-31,8760,,
/Users/vidura/Code/big-weather/data/regional-2020-2025/raw/weather/location_id=lk_batticaloa/year=2026/weather-2026-04-28-2026-05-04.parquet,6dee8c28578bd3f0bae68c29045e2ef5ee62a7122a0efad52d8fbd5bc6f7b8e4,52722,3f03dc8249017a3910064211f68382bf42cea545acb3e07f2f7c5432b29fe990,lk_batticaloa,7.7102,81.6924,2026,2026-04-28,2026-05-04,168,2026-04-28,2026-05-04
/Users/vidura/Code/big-weather/data/regional-2020-2025/raw/weather/location_id=lk_batticaloa/year=2026/weather-2026-05-05-2026-05-11.parquet,512b8072754610c98822f6996ecece556a1f23b99c78a5ef5cf4af9be71b7f1c,53343,cdfb9fe81d41b04ebc41772c3cbf8dab1c2945f8b1911a4aef7f8be8d513017d,lk_batticaloa,7.7102,81.6924,2026,2026-05-05,2026-05-11,168,2026-05-05,2026-05-11
/Users/vidura/Code/big-weather/data/regional-2020-2025/raw/weather/location_id=lk_batticaloa/year=2026/weather-2026-05-12-2026-05-18.parquet,c0eaf034d22449ce8544e7a5115dc90c7847d699bc4aa4ba8c4ebb061dd0d616,53397,285e44d2613b6cd16758f92a7e92af22cd07c31d04c84d93f8b2dcbd15d8a518,lk_batticaloa,7.7102,81.6924,2026,2026-05-12,2026-05-18,168,2026-05-12,2026-05-18
/Users/vidura/Code/big-weather/data/regional-2020-2025/raw/weather/location_id=lk_batticaloa/year=2026/weather-2026-05-19-2026-05-25.parquet,4f3cf9dc5d8787c11706b9e41c4b2405d7f4dbe9336a9d703d61251ee8ab4aa9,52380,5c8677ceda727edeb8e9fa29541d4db131f9d3030a8529b6d60894a861e55029,lk_batticaloa,7.7102,81.6924,2026,2026-05-19,2026-05-25,168,2026-05-19,2026-05-25
/Users/vidura/Code/big-weather/data/regional-2020-2025/raw/weather/location_id=lk_batticaloa/year=2026/weather-2026-05-26-2026-06-01.parquet,7ef12050801ba58570b3a4f390ccec02b146080acd83213ac1f1f7a3062d5aed,52844,d9ba34053e7c299578a239a12c23f54549410f14c5be7e4632d14c3a40e0edfd,lk_batticaloa,7.7102,81.6924,2026,2026-05-26,2026-06-01,168,2026-05-26,2026-06-01
/Users/vidura/Code/big-weather/data/regional-2020-2025/raw/weather/location_id=lk_batticaloa/year=2026/weather-2026-06-02-2026-06-08.parquet,73dde130647d73257aa662cf1ce79459c31780765ad026dfe2c10990e2abf38c,51991,d8c2d0aec29e2d1e68c4fc2d1d90851ad6a5323f0b1fd7384c199640fbe4bf4e,lk_batticaloa,7.7102,81.6924,2026,2026-06-02,2026-06-08,168,2026-06-02,2026-06-08
/Users/vidura/Code/big-weather/data/regional-2020-2025/raw/weather/location_id=lk_batticaloa/year=2026/weather-2026-06-09-2026-06-15.parquet,0ae497e91f8c3621296b9ab217086f4081b574143a30682e6eb743d920d05021,52356,96f83749bdf7dea414d2e31a7b6370be8e315591a9d86b82e88e1afe9a89b2c2,lk_batticaloa,7.7102,81.6924,2026,2026-06-09,2026-06-15,168,2026-06-09,2026-06-15
/Users/vidura/Code/big-weather/data/regional-2020-2025/raw/weather/location_id=lk_batticaloa/year=2026/weather-2026-06-16-2026-06-22.parquet,db6e9321a4f8fed990f29a22517d9967fdf4cf39d37beaa11cd570174e0d0e94,52598,002740b3b66f70b056d7d2092707d9dcf662eadb9d4178e3332261aa2fe8d172,lk_batticaloa,7.7102,81.6924,2026,2026-06-16,2026-06-22,168,2026-06-16,2026-06-22
/Users/vidura/Code/big-weather/data/regional-2020-2025/raw/weather/location_id=lk_batticaloa/year=2026/weather-2026-06-23-2026-06-29.parquet,90858f2fa3e7aab31db76c5525eb03b253cb046a66414e007490fe03ba72ec77,52869,e4610027120d751a35a4f2eb8f4406f6154620cc11eda7b2a95e22b0033d3d40,lk_batticaloa,7.7102,81.6924,2026,2026-06-23,2026-06-29,168,2026-06-23,2026-06-29
/Users/vidura/Code/big-weather/data/regional-2020-2025/raw/weather/location_id=lk_batticaloa/year=2026/weather-2026-06-30-2026-07-06.parquet,58157e05b57bc2ae3532438f74f2afe4a970a8e586ab68c8da194f25848b6127,51958,70adf3a73d5a7cfaecf4880fd7a96fc7dd7264020948462067f04beacf6feb89,lk_batticaloa,7.7102,81.6924,2026,2026-06-30,2026-07-06,168,2026-06-30,2026-07-06
/Users/vidura/Code/big-weather/data/regional-2020-2025/raw/weather/location_id=lk_batticaloa/year=2026/weather-2026-07-07-2026-07-13.parquet,b31c906ba4e6397d6d8a2c45adc4e9b68f4f39017675bf01fc851e7906e15ab5,52025,48e45f5bf8189815fa9eba0be0ccc29053a840cf25e0ddbe6ca751e0889db4bf,lk_batticaloa,7.7102,81.6924,2026,2026-07-07,2026-07-13,168,2026-07-07,2026-07-13
/Users/vidura/Code/big-weather/data/regional-2020-2025/raw/weather/location_id=lk_batticaloa/year=2026/weather-2026-07-14-2026-07-20.parquet,aafe01154dca2827e25a301c9d3ad53ce5d6da70b9f39fb5ce2e05e15b35072e,51758,84faa5630717ee3371cc03fe7551a8a986a9f06e442a92a3cd0e64dc52fa04c7,lk_batticaloa,7.7102,81.6924,2026,2026-07-14,2026-07-20,168,2026-07-14,2026-07-20
/Users/vidura/Code/big-weather/data/regional-2020-2025/raw/weather/location_id=lk_batticaloa/year=2026/weather-2026-07-21-2026-07-27.parquet,40395d9e7287d884ed24d5481ab1db181d8d612495b43a1257be2a7b0eee5f20,52579,84f676f05a4c744db71f615216e897dd54101549a5206266e3450bdce465e034,lk_batticaloa,7.7102,81.6924,2026,2026-07-21,2026-07-27,168,2026-07-21,2026-07-27
/Users/vidura/Code/big-weather/data/regional-2020-2025/raw/weather/location_id=lk_batticaloa/year=2026/weather-2026-07-28-2026-08-03.parquet,a9334b0d8e1e65e5b632449af335eaa6f3a4029bb0042adf169452f21a0b4cbd,52114,90a5062b3a50f4bffeac6896421807b42be29846f6bc0064bf199d8c4ce3df08,lk_batticaloa,7.7102,81.6924,2026,2026-07-28,2026-08-03,168,2026-07-28,2026-08-03
/Users/vidura/Code/big-weather/data/regional-2020-2025/raw/weather/location_id=lk_batticaloa/year=2026/weather-2026-08-04-2026-08-10.parquet,80f5d6083ce7fef1bdc3b8592edf8cf42c788f12f860a81eb11c11b5ec27bf3f,52078,d61319b029cc15bfd65fdf821b3ac9068186c9f92d5988dffa965dfcbb64a5d9,lk_batticaloa,7.7102,81.6924,2026,2026-08-04,2026-08-10,168,2026-08-04,2026-08-10
/Users/vidura/Code/big-weather/data/regional-2020-2025/raw/weather/location_id=lk_batticaloa/year=2026/weather-2026-08-11-2026-08-17.parquet,64ff38212b8546b0391fc0d76166e83ca4a9b16042bdd2cd49c4698103598a23,52138,c09fae607ee3d41824c4389adee596f44bdb27f206d41d85448da09f91a82804,lk_batticaloa,7.7102,81.6924,2026,2026-08-11,2026-08-17,168,2026-08-11,2026-08-17
/Users/vidura/Code/big-weather/data/regional-2020-2025/raw/weather/location_id=lk_batticaloa/year=2026/weather-2026-08-18-2026-08-24.parquet,056ce2054e324d5d83e50d7db0ed85fadc59e48c6da86efde8d15cac7a084346,51995,5bbbe08b4a920ad04b129c779a76d8e08c7f1ba1f21ac8e16e060a77a0659343,lk_batticaloa,7.7102,81.6924,2026,2026-08-18,2026-08-24,168,2026-08-18,2026-08-24
/Users/vidura/Code/big-weather/data/regional-2020-2025/raw/weather/location_id=lk_batticaloa/year=2026/weather-2026-08-25-2026-08-31.parquet,5905d6ef3572eb11fa1e0cb23dd61f2e46d0ac67ae2f5a67502c9c75453f1ac4,51497,21de8d61575912a5d73af12743eadc41ad89529f9dd2e5caf1cff2cd561a05b3,lk_batticaloa,7.7102,81.6924,2026,2026-08-25,2026-08-31,168,2026-08-25,2026-08-31
/Users/vidura/Code/big-weather/data/regional-2020-2025/raw/weather/location_id=lk_colombo/year=2020/weather.parquet,df4c0a77614c8b14efa749535085212e681934572218171f067862e5b2d4128b,581713,ebb7aa47a40db35165eab70dc7849638db8b958e25b9deb34fe7b7e712a05409,lk_colombo,6.9271,79.8612,2020,2020-01-01,2020-12-31,8784,,
/Users/vidura/Code/big-weather/data/regional-2020-2025/raw/weather/location_id=lk_colombo/year=2021/weather.parquet,33fa344587b2fd2e613f9ce1c2b14ad90811899e64fc433653d447aa5f628dcb,577525,aba0fec8cb6ab326eb712fac53c67a6c335b2a65da145373f49b3964300c7502,lk_colombo,6.9271,79.8612,2021,2021-01-01,2021-12-31,8760,,
/Users/vidura/Code/big-weather/data/regional-2020-2025/raw/weather/location_id=lk_colombo/year=2022/weather.parquet,95065ef65bd2d6be993ecf8d05a4cf1deb8d54461164efabcd3df395aa4a375e,585310,d61d005c59d1584f5eb0c9e09b0c662067472d9eb3c18f230d59b66ce5e3dcd4,lk_colombo,6.9271,79.8612,2022,2022-01-01,2022-12-31,8760,,
/Users/vidura/Code/big-weather/data/regional-2020-2025/raw/weather/location_id=lk_colombo/year=2023/weather.parquet,a0335d4598e082dd31681ef25cad78ad4f520f3c12f9b07ccab6801f73e7e333,580790,d9fd8e14680b2728ff20191ef02db618934632e197de1187bd84c16a94113740,lk_colombo,6.9271,79.8612,2023,2023-01-01,2023-12-31,8760,,
/Users/vidura/Code/big-weather/data/regional-2020-2025/raw/weather/location_id=lk_colombo/year=2024/weather.parquet,4d6710b86f204941a769614b06b732dbd4bdf9e9eccf865f168dfe15f87c570d,574037,fd2c0f64e58ab9c94e9c1e730a46cb5a139779236c7301f67df360e8f269f8b8,lk_colombo,6.9271,79.8612,2024,2024-01-01,2024-12-31,8784,,
/Users/vidura/Code/big-weather/data/regional-2020-2025/raw/weather/location_id=lk_colombo/year=2025/weather.parquet,5a506a15af67e57a0a5dc9548ac9886efa6f0ddef8e728eadf7a0b537753b4f2,578386,f5abf7a4537239a6655f1eb86fe79d239be9f6adc61b78e2699fedc1f75e1c73,lk_colombo,6.9271,79.8612,2025,2025-01-01,2025-12-31,8760,,
/Users/vidura/Code/big-weather/data/regional-2020-2025/raw/weather/location_id=lk_colombo/year=2026/weather-2026-04-28-2026-05-04.parquet,8239b2d08914e5e49e15a0daedebfc5ad92c6ffdba7961254efe86db180af681,52172,7e7d31011f8ccb0693d85ea77df34476e88caf27bf1f50c3075505a541de6388,lk_colombo,6.9271,79.8612,2026,2026-04-28,2026-05-04,168,2026-04-28,2026-05-04
/Users/vidura/Code/big-weather/data/regional-2020-2025/raw/weather/location_id=lk_colombo/year=2026/weather-2026-05-05-2026-05-11.parquet,669575aadeead0ef4c0e83ff4528829f8d79efd06ac371ba3a8a47f4e66f5aaa,53257,d94d2c93566914731226bcb781a738a8e1088f2602402f2bcbfb87dec6383a9a,lk_colombo,6.9271,79.8612,2026,2026-05-05,2026-05-11,168,2026-05-05,2026-05-11
/Users/vidura/Code/big-weather/data/regional-2020-2025/raw/weather/location_id=lk_colombo/year=2026/weather-2026-05-12-2026-05-18.parquet,c011afa2e98579c7186e8102dd072ec1ccf16f80fae49edf9bd63ddb7aa01bbe,52931,54233835b05135529adbca1a1dba476c3e5329659eb551012e5bcf7fd86d358e,lk_colombo,6.9271,79.8612,2026,2026-05-12,2026-05-18,168,2026-05-12,2026-05-18
/Users/vidura/Code/big-weather/data/regional-2020-2025/raw/weather/location_id=lk_colombo/year=2026/weather-2026-05-19-2026-05-25.parquet,8da22e99b2472acd6425a3443d278af572d0e8bbd228ce2f3ccff85a0655aa98,51800,9064af1b0df8ddc94897a39624730d0ac135b4ea3d27cdf3850892a0bbd29bef,lk_colombo,6.9271,79.8612,2026,2026-05-19,2026-05-25,168,2026-05-19,2026-05-25
/Users/vidura/Code/big-weather/data/regional-2020-2025/raw/weather/location_id=lk_colombo/year=2026/weather-2026-05-26-2026-06-01.parquet,49c5eb40bcd5834b36fe509a36a5e9b464b02cc79e067ca8f0c27281b98cd949,51227,e722dff28685dbde0eb5410cd1dbcd9031ece7b1846ab86306d3a4665dfce716,lk_colombo,6.9271,79.8612,2026,2026-05-26,2026-06-01,168,2026-05-26,2026-06-01
/Users/vidura/Code/big-weather/data/regional-2020-2025/raw/weather/location_id=lk_colombo/year=2026/weather-2026-06-02-2026-06-08.parquet,4dc0d67dd0220c55b49a0095b06f322d906594516e0a3e5bbd5b1d6e8e1c93d6,52124,606da1f4c9cc3e8253b2c3b6a64d4d6532f9ed02caa2ce725feb3fd93f80315a,lk_colombo,6.9271,79.8612,2026,2026-06-02,2026-06-08,168,2026-06-02,2026-06-08
/Users/vidura/Code/big-weather/data/regional-2020-2025/raw/weather/location_id=lk_colombo/year=2026/weather-2026-06-09-2026-06-15.parquet,0c0d2db667875e2d7edcc528e3d9ff778aea56e96975ddbd1b545d5e108d8e3a,52298,491b12e327afd1a5753a45ff6a1e02463d4f6e642438664c6c3e8ab22fc3b530,lk_colombo,6.9271,79.8612,2026,2026-06-09,2026-06-15,168,2026-06-09,2026-06-15
/Users/vidura/Code/big-weather/data/regional-2020-2025/raw/weather/location_id=lk_colombo/year=2026/weather-2026-06-16-2026-06-22.parquet,daa46455b14b81218b986a5d052366a439c0ae3ccd6a98edc369fb968be61896,51908,f4973edb683f39e0c50a407c3e87161c8f8db4c18b03061dc953a042d8decc91,lk_colombo,6.9271,79.8612,2026,2026-06-16,2026-06-22,168,2026-06-16,2026-06-22
/Users/vidura/Code/big-weather/data/regional-2020-2025/raw/weather/location_id=lk_colombo/year=2026/weather-2026-06-23-2026-06-29.parquet,4378530e2fa1105056cf134173886a8b75a3ff095c4bef5c8e689a93b58c914a,52106,a5139bc0fc7e7bf07f9cc91c9624ea8c77733f0a784f980b38405c465713113d,lk_colombo,6.9271,79.8612,2026,2026-06-23,2026-06-29,168,2026-06-23,2026-06-29
/Users/vidura/Code/big-weather/data/regional-2020-2025/raw/weather/location_id=lk_colombo/year=2026/weather-2026-06-30-2026-07-06.parquet,00c5dba97e0e533a4e276ee938e8bcb4dbdd6e1ab015ac2b42e1fd97abbb2ece,52113,55d7620664e9035cea9faa718a3564336883c38fa526500d8034990404c9609e,lk_colombo,6.9271,79.8612,2026,2026-06-30,2026-07-06,168,2026-06-30,2026-07-06
/Users/vidura/Code/big-weather/data/regional-2020-2025/raw/weather/location_id=lk_colombo/year=2026/weather-2026-07-07-2026-07-13.parquet,e9dee63ff85c8e18397c618c03711d1af601d53d0ab71466495881a9969b42a7,51430,dd808c93424e0bd19e923d8c2fbf590834f8ce88b26cc85aa71f18a5428b5593,lk_colombo,6.9271,79.8612,2026,2026-07-07,2026-07-13,168,2026-07-07,2026-07-13
/Users/vidura/Code/big-weather/data/regional-2020-2025/raw/weather/location_id=lk_colombo/year=2026/weather-2026-07-14-2026-07-20.parquet,7382f248d43c08887691774264ba9e49e7b592e127f1f88513fb355a0e4963d8,51030,a51a1a8034b765219b7edda874d5f49216e1b898d1b4e6326dda911925083c7b,lk_colombo,6.9271,79.8612,2026,2026-07-14,2026-07-20,168,2026-07-14,2026-07-20
/Users/vidura/Code/big-weather/data/regional-2020-2025/raw/weather/location_id=lk_colombo/year=2026/weather-2026-07-21-2026-07-27.parquet,c98b2da36e33b7d7ada8c16be301e68cd38667c11f2ba876f961f54222196f85,51605,481a6aa7a1c37ae3c1fd31ae954cb4035b5043be26b6006dd0d141cb3d288adc,lk_colombo,6.9271,79.8612,2026,2026-07-21,2026-07-27,168,2026-07-21,2026-07-27
/Users/vidura/Code/big-weather/data/regional-2020-2025/raw/weather/location_id=lk_colombo/year=2026/weather-2026-07-28-2026-08-03.parquet,2ff42fa4da6a62cabfd935860f5fb0065feed8fd8af0033e3caaa89f18b3cc6e,52278,d576eed9b4123d7dfb3d3b81a67c2688bd352288ffe66d87cb435b9e02c7d541,lk_colombo,6.9271,79.8612,2026,2026-07-28,2026-08-03,168,2026-07-28,2026-08-03
/Users/vidura/Code/big-weather/data/regional-2020-2025/raw/weather/location_id=lk_colombo/year=2026/weather-2026-08-04-2026-08-10.parquet,1f2db43990f0f0b165c7c355f9b82dd8a5cbc124595bc87e0b868068acdc7f60,52034,c80bab1f558a947be27fbecbb7abce6753b6f03660fc9f26b8e8f103c3ec29d6,lk_colombo,6.9271,79.8612,2026,2026-08-04,2026-08-10,168,2026-08-04,2026-08-10
/Users/vidura/Code/big-weather/data/regional-2020-2025/raw/weather/location_id=lk_colombo/year=2026/weather-2026-08-11-2026-08-17.parquet,6c3e5c744bae3eaaf73453f5efaf8f0abe7bffc10f5a0ee974d171af2f92f1ae,51269,90a763706b0c4520ea25f1d25028432457f1fde1fe6ce1907dbdae12facb5fc9,lk_colombo,6.9271,79.8612,2026,2026-08-11,2026-08-17,168,2026-08-11,2026-08-17
/Users/vidura/Code/big-weather/data/regional-2020-2025/raw/weather/location_id=lk_colombo/year=2026/weather-2026-08-18-2026-08-24.parquet,137dc9337c310f0d550e5795d9eb187c1055a2f47a6915e1e4a1d70def9f69a2,51540,b318862c6a1cc96ca6f4548e0c054f8933e3f2add6c15c2e326666bc140567aa,lk_colombo,6.9271,79.8612,2026,2026-08-18,2026-08-24,168,2026-08-18,2026-08-24
/Users/vidura/Code/big-weather/data/regional-2020-2025/raw/weather/location_id=lk_colombo/year=2026/weather-2026-08-25-2026-08-31.parquet,34c81cf06762e2d771de60d13556271a12c7727534ad263008e2dcda2171720e,51418,81684eff5f370134d5f91c89d3546fc859c673a09bf1cc8f23711f671ec5c452,lk_colombo,6.9271,79.8612,2026,2026-08-25,2026-08-31,168,2026-08-25,2026-08-31
/Users/vidura/Code/big-weather/data/regional-2020-2025/raw/weather/location_id=lk_diyatalawa/year=2026/weather-2026-04-28-2026-05-04.parquet,2c7471920e585bc40f2d273b0fbeb92f2a89933142ac0567cd26a99ac183fcab,51907,b240caddd992a3871ee436a7545d67567091bb0b1c716dde80b1134c12f061bd,lk_diyatalawa,6.807,80.9595,2026,2026-04-28,2026-05-04,168,2026-04-28,2026-05-04
/Users/vidura/Code/big-weather/data/regional-2020-2025/raw/weather/location_id=lk_diyatalawa/year=2026/weather-2026-05-05-2026-05-11.parquet,9e612badf698b71e13786c0c9fe5f54b66e0d04d6408829fb3600c6364bea40e,52664,212e9f6419019c62527b4de3690cbfd6660051113d1dadadce4e8a95b132758f,lk_diyatalawa,6.807,80.9595,2026,2026-05-05,2026-05-11,168,2026-05-05,2026-05-11
/Users/vidura/Code/big-weather/data/regional-2020-2025/raw/weather/location_id=lk_diyatalawa/year=2026/weather-2026-05-12-2026-05-18.parquet,6b894590eea78ef1d9d26cbf70d4dac00a06826c163ab68191a02d7a134ef9ba,52582,1cba9eee32aaa2b313d6309c2f2949853d9578cbdbfff09b84b1d84e3033bd36,lk_diyatalawa,6.807,80.9595,2026,2026-05-12,2026-05-18,168,2026-05-12,2026-05-18
/Users/vidura/Code/big-weather/data/regional-2020-2025/raw/weather/location_id=lk_diyatalawa/year=2026/weather-2026-05-19-2026-05-25.parquet,05ca91edc9087201286a307cbc2e9316ee32761074426daa58a3a8251f6245c7,51282,2e34352e327ab356110602aaf680326cd429c0d8483dd46f70c6d00be6745133,lk_diyatalawa,6.807,80.9595,2026,2026-05-19,2026-05-25,168,2026-05-19,2026-05-25
/Users/vidura/Code/big-weather/data/regional-2020-2025/raw/weather/location_id=lk_diyatalawa/year=2026/weather-2026-05-26-2026-06-01.parquet,29c368cf3b893c98a87ac3ca4da0e18e587a147546d7c7624ba715e9d11ddc48,51341,c61296706e597aa6f407be65907ab7a1267567d9553e84d55fb5de833a0351cb,lk_diyatalawa,6.807,80.9595,2026,2026-05-26,2026-06-01,168,2026-05-26,2026-06-01
/Users/vidura/Code/big-weather/data/regional-2020-2025/raw/weather/location_id=lk_diyatalawa/year=2026/weather-2026-06-02-2026-06-08.parquet,b4cc98e88c36097bb40387cd69dff79f0c5b91745e0cf77dc1522e0b7ef69a3f,51035,d16771a7c9409d19a3844f077334b93fd47c77293d5191811a76b98e7198e8d4,lk_diyatalawa,6.807,80.9595,2026,2026-06-02,2026-06-08,168,2026-06-02,2026-06-08
/Users/vidura/Code/big-weather/data/regional-2020-2025/raw/weather/location_id=lk_diyatalawa/year=2026/weather-2026-06-09-2026-06-15.parquet,87bf483887d9cdc8a994d0125134e10a59a775e93a54e6ab129911fa4d4a09e8,51465,2f7d97505a8481196a884bb663f71dbbf903c14a8ad6d36ef160f6e0bae82f29,lk_diyatalawa,6.807,80.9595,2026,2026-06-09,2026-06-15,168,2026-06-09,2026-06-15
/Users/vidura/Code/big-weather/data/regional-2020-2025/raw/weather/location_id=lk_diyatalawa/year=2026/weather-2026-06-16-2026-06-22.parquet,0622be6ba54c5a91b1e2e7e627c10c56cdd56e3babeb99eccd75ce10ea84ac56,51713,0b8ffec715312746b86dcbe7042fd5445fef39a0e3883b73674bfbcb175092da,lk_diyatalawa,6.807,80.9595,2026,2026-06-16,2026-06-22,168,2026-06-16,2026-06-22
/Users/vidura/Code/big-weather/data/regional-2020-2025/raw/weather/location_id=lk_diyatalawa/year=2026/weather-2026-06-23-2026-06-29.parquet,b518ba76f65d74625a340ee14b58531ea934aee3323b5c1e662850095c2d33be,51925,aeb59dbece06947865c110fa4c0509f0796e2b56deffb673ae1d6565abdfb8f1,lk_diyatalawa,6.807,80.9595,2026,2026-06-23,2026-06-29,168,2026-06-23,2026-06-29
/Users/vidura/Code/big-weather/data/regional-2020-2025/raw/weather/location_id=lk_diyatalawa/year=2026/weather-2026-06-30-2026-07-06.parquet,5c88046f3e52de2113c7c96c4ddac31ba6e24df8d87a3038a335bea3782f6e05,51984,809e3b7303e2542a7a86000ece0e3bb599d632a71b31d835b46a09aac2f1d586,lk_diyatalawa,6.807,80.9595,2026,2026-06-30,2026-07-06,168,2026-06-30,2026-07-06
/Users/vidura/Code/big-weather/data/regional-2020-2025/raw/weather/location_id=lk_diyatalawa/year=2026/weather-2026-07-07-2026-07-13.parquet,03f8939c5e78c3b4a9cd529175f6c35e524ff083879c8df5ed8402605ef6a327,51625,8a1b0d8908c1ff0969be8d9c031fbb26569e70c7484610543d912020cbe99bdb,lk_diyatalawa,6.807,80.9595,2026,2026-07-07,2026-07-13,168,2026-07-07,2026-07-13
/Users/vidura/Code/big-weather/data/regional-2020-2025/raw/weather/location_id=lk_diyatalawa/year=2026/weather-2026-07-14-2026-07-20.parquet,3e8c36d08435cd85ef4c2aff8531983e5c2c2d5cf1f3ae4f41acf247ade5041b,50991,62082472e9515bfaae2b76ace79d03605ed32b06988b6d45f8bd19e9259531f1,lk_diyatalawa,6.807,80.9595,2026,2026-07-14,2026-07-20,168,2026-07-14,2026-07-20
/Users/vidura/Code/big-weather/data/regional-2020-2025/raw/weather/location_id=lk_diyatalawa/year=2026/weather-2026-07-21-2026-07-27.parquet,69743b53b7e646a4c3a5de08699df41c9d6aa234674185bd68520d197248e507,51593,097082a1e2e460eec8063b6c90ffedfc750bc5169d94270bb7f559c0bad9f9e1,lk_diyatalawa,6.807,80.9595,2026,2026-07-21,2026-07-27,168,2026-07-21,2026-07-27
/Users/vidura/Code/big-weather/data/regional-2020-2025/raw/weather/location_id=lk_diyatalawa/year=2026/weather-2026-07-28-2026-08-03.parquet,d2e8d564004ca996e79d57eeb147b97add7f6e7ea048a958ab31145eb604157c,52215,108d24be7a4e5d28944c81c9ae94413a5a8c1200d6eba54af97365ba0f8fa2e8,lk_diyatalawa,6.807,80.9595,2026,2026-07-28,2026-08-03,168,2026-07-28,2026-08-03
/Users/vidura/Code/big-weather/data/regional-2020-2025/raw/weather/location_id=lk_diyatalawa/year=2026/weather-2026-08-04-2026-08-10.parquet,de1cb6d5af9c6f4c660bf37a18625441275e6fbc5223f5547ecb5a43c9c751c8,51178,9ff6723ae8fb6105eb8c0988580348c4d327019efd40c397201718aebec2d7fb,lk_diyatalawa,6.807,80.9595,2026,2026-08-04,2026-08-10,168,2026-08-04,2026-08-10
/Users/vidura/Code/big-weather/data/regional-2020-2025/raw/weather/location_id=lk_diyatalawa/year=2026/weather-2026-08-11-2026-08-17.parquet,6a7f2ac70d2d48df96d7e71074feff52ae64d8917f0a7002af4151b5c7d362ec,51436,4860a1bcbd1eb1ab8679858aeec8a9198c51a3c2364b4ccfc4f0e599e2b9e449,lk_diyatalawa,6.807,80.9595,2026,2026-08-11,2026-08-17,168,2026-08-11,2026-08-17
/Users/vidura/Code/big-weather/data/regional-2020-2025/raw/weather/location_id=lk_diyatalawa/year=2026/weather-2026-08-18-2026-08-24.parquet,3609aca6235f1e3233dc2641960d954eec51a5c90e9ac83d9f2bc2a6737fb31e,51157,8f14dd9f0f346b5920517b00c2d7712507af43824d4c4019ecff07fb8b15832e,lk_diyatalawa,6.807,80.9595,2026,2026-08-18,2026-08-24,168,2026-08-18,2026-08-24
/Users/vidura/Code/big-weather/data/regional-2020-2025/raw/weather/location_id=lk_diyatalawa/year=2026/weather-2026-08-25-2026-08-31.parquet,2a3779cd6f3344ac61c3ca4ecf5875543894a85204df7468fc270334cddd0d20,50890,5f2fb27a5ffd53d49d4c0027f61f83a092879bb0a74bda43ec6aa4707a59872f,lk_diyatalawa,6.807,80.9595,2026,2026-08-25,2026-08-31,168,2026-08-25,2026-08-31
/Users/vidura/Code/big-weather/data/regional-2020-2025/raw/weather/location_id=lk_ella/year=2026/weather-2026-04-28-2026-05-04.parquet,90d0df0bf5e53b7ad6cec0c5dc6a7f38f1dc1be2cbb83048d7c1fafd73a27ff1,52178,c1e08bfede250cdd4dd557b162435771ffc0401cc1c3a6c3e7b22c5891e5bdcd,lk_ella,6.8667,81.0466,2026,2026-04-28,2026-05-04,168,2026-04-28,2026-05-04
/Users/vidura/Code/big-weather/data/regional-2020-2025/raw/weather/location_id=lk_ella/year=2026/weather-2026-05-05-2026-05-11.parquet,76acd3533d6b25b5fc73cb8da0e2abe64ae377bc0ad82b73f48e5b455f8de562,52715,e756303f3032ce5c0f73ce68e1634351cea0d7619afbef62039d64bb0d33a488,lk_ella,6.8667,81.0466,2026,2026-05-05,2026-05-11,168,2026-05-05,2026-05-11
/Users/vidura/Code/big-weather/data/regional-2020-2025/raw/weather/location_id=lk_ella/year=2026/weather-2026-05-12-2026-05-18.parquet,71e8c2ef5ca36fa782482829f0eacb374527b5e7f0fe178a9082606c0a0bee5f,52785,791fdb79679a4cc9c4201c7161b8be7c473399c834453909016e5aef551f65de,lk_ella,6.8667,81.0466,2026,2026-05-12,2026-05-18,168,2026-05-12,2026-05-18
/Users/vidura/Code/big-weather/data/regional-2020-2025/raw/weather/location_id=lk_ella/year=2026/weather-2026-05-19-2026-05-25.parquet,cb95aae1cee086673f7ad4d6039cea7b2cb6ce71fdf54c97e0c57923f7ee9be2,51651,b241726f8a4e95d68524c2dab4e998ab3ac591f2406c60eabe7cf3e075be79da,lk_ella,6.8667,81.0466,2026,2026-05-19,2026-05-25,168,2026-05-19,2026-05-25
/Users/vidura/Code/big-weather/data/regional-2020-2025/raw/weather/location_id=lk_ella/year=2026/weather-2026-05-26-2026-06-01.parquet,3d72c189e6ab86b356dc27a950cbbbff1c563aa4d3894829a0fba42767831358,51640,d0b6b8d639c9ed944c3b48e83dab72bcd8a3d6f47b45173d87970625a3ca36d2,lk_ella,6.8667,81.0466,2026,2026-05-26,2026-06-01,168,2026-05-26,2026-06-01
/Users/vidura/Code/big-weather/data/regional-2020-2025/raw/weather/location_id=lk_ella/year=2026/weather-2026-06-02-2026-06-08.parquet,cddafc8840918036b19a007e61609255b0561030ab1e5151f28758949ebeea80,51230,d67d216c5890193b1f705c7cec1ba236c0062383b49588dd9872963b69a2ee79,lk_ella,6.8667,81.0466,2026,2026-06-02,2026-06-08,168,2026-06-02,2026-06-08
/Users/vidura/Code/big-weather/data/regional-2020-2025/raw/weather/location_id=lk_ella/year=2026/weather-2026-06-09-2026-06-15.parquet,7bfca5db4731130ec5d0fdd580ddda734a36e0b22f7f4288a188b61b3de1dfd7,51728,70854e05943be61b27a646b334382cff73137cb53db64209f296a80f58c92c75,lk_ella,6.8667,81.0466,2026,2026-06-09,2026-06-15,168,2026-06-09,2026-06-15
/Users/vidura/Code/big-weather/data/regional-2020-2025/raw/weather/location_id=lk_ella/year=2026/weather-2026-06-16-2026-06-22.parquet,f7cadde535391014f8a42bf76e79bc5560cc3c16f6ff6fe68af6f0718bd3d90d,51775,c00852907e6dc94a098e9d0c07817077dd5a519b33b72e538d27671b5a9b9cf9,lk_ella,6.8667,81.0466,2026,2026-06-16,2026-06-22,168,2026-06-16,2026-06-22
/Users/vidura/Code/big-weather/data/regional-2020-2025/raw/weather/location_id=lk_ella/year=2026/weather-2026-06-23-2026-06-29.parquet,23d314909e7f6e0264a39598efd785012a38a17e1ac1e673396d279cfd0b8bc2,52078,d227e853f0bac71fae48c0152f3de5251053c2d4db24568081c0fbc1d787ed21,lk_ella,6.8667,81.0466,2026,2026-06-23,2026-06-29,168,2026-06-23,2026-06-29
/Users/vidura/Code/big-weather/data/regional-2020-2025/raw/weather/location_id=lk_ella/year=2026/weather-2026-06-30-2026-07-06.parquet,b19286920d0e8543af1dd0be4685cc77561b5b85a1caf28095ac3890f6acf767,52343,7e4f4224f0d154ea05c98fdf78d660a165ed2b445c8abb492df05c5a4d382d64,lk_ella,6.8667,81.0466,2026,2026-06-30,2026-07-06,168,2026-06-30,2026-07-06
/Users/vidura/Code/big-weather/data/regional-2020-2025/raw/weather/location_id=lk_ella/year=2026/weather-2026-07-07-2026-07-13.parquet,e35a1327f0b0d8b13cc1d82da8d433a526f976c0379c398f742f12e37aad96a0,51939,80a2817ec160e0a3daeda276b4352ffb5ba6500e2ea5c329d963a56c48ac8649,lk_ella,6.8667,81.0466,2026,2026-07-07,2026-07-13,168,2026-07-07,2026-07-13
/Users/vidura/Code/big-weather/data/regional-2020-2025/raw/weather/location_id=lk_ella/year=2026/weather-2026-07-14-2026-07-20.parquet,d635c2fd60a3434d6cc00cc6f66a7675f679da5a65a2a3d293209cbdf4080a1a,51276,32f7a2633962358d5f67d938c5ce5e84caafded39b2b1553cb0f0b44a5a9bf3b,lk_ella,6.8667,81.0466,2026,2026-07-14,2026-07-20,168,2026-07-14,2026-07-20
/Users/vidura/Code/big-weather/data/regional-2020-2025/raw/weather/location_id=lk_ella/year=2026/weather-2026-07-21-2026-07-27.parquet,8711ebdaf92d97d132269125222fe46ec37c30eded507cb4c410a278a985a288,51819,9d2107b5f22d5ae5615098754abcfcb2a874c19b395f1ed5f15308c264b62680,lk_ella,6.8667,81.0466,2026,2026-07-21,2026-07-27,168,2026-07-21,2026-07-27
/Users/vidura/Code/big-weather/data/regional-2020-2025/raw/weather/location_id=lk_ella/year=2026/weather-2026-07-28-2026-08-03.parquet,9db223148bdb05e8a65d8d30d38337fafb606f78bc51283a3e8598daed527bc8,52449,55c778d140306d179850ffe936f59be0f5ce689bc7684167325935283f462076,lk_ella,6.8667,81.0466,2026,2026-07-28,2026-08-03,168,2026-07-28,2026-08-03
/Users/vidura/Code/big-weather/data/regional-2020-2025/raw/weather/location_id=lk_ella/year=2026/weather-2026-08-04-2026-08-10.parquet,c91e7a1a3c5860148fbb778a947a693608e4f312fa69bef1f129c4f6bdee701d,51438,6aa1516ec5e8f1d98cc7c452696d2517b789a807fae1af513eb39e9724242cf6,lk_ella,6.8667,81.0466,2026,2026-08-04,2026-08-10,168,2026-08-04,2026-08-10
/Users/vidura/Code/big-weather/data/regional-2020-2025/raw/weather/location_id=lk_ella/year=2026/weather-2026-08-11-2026-08-17.parquet,472d55d7fa894f72939ac819fb96a8db9999b483d090885f1c64312aa4101f8e,51626,533d9026caf3ab2d2c9258c1ddb7decdb34010ac0f8f7350d197ee7c3f1edf42,lk_ella,6.8667,81.0466,2026,2026-08-11,2026-08-17,168,2026-08-11,2026-08-17
/Users/vidura/Code/big-weather/data/regional-2020-2025/raw/weather/location_id=lk_ella/year=2026/weather-2026-08-18-2026-08-24.parquet,e085ec88b3c6b4bd34f0def51c2679996754001474fb10472bf40e8ac962efc2,51184,a3ca2b9d99c0d19822a831f27559c13770f8cb03c73e8ae159e4d58e5db87dc7,lk_ella,6.8667,81.0466,2026,2026-08-18,2026-08-24,168,2026-08-18,2026-08-24
/Users/vidura/Code/big-weather/data/regional-2020-2025/raw/weather/location_id=lk_ella/year=2026/weather-2026-08-25-2026-08-31.parquet,8cb1a18538f9436686a7790244088398bc1acc3fe809b50dfb939c908ac0285e,50956,2c51f72434feb9e8d869dc65583b8046e8e6bdef70c4d2c9a2598b27101a67c2,lk_ella,6.8667,81.0466,2026,2026-08-25,2026-08-31,168,2026-08-25,2026-08-31
/Users/vidura/Code/big-weather/data/regional-2020-2025/raw/weather/location_id=lk_galle/year=2020/weather.parquet,98305fc68c0f89440438937b1b07f9147b6ddaa7b050e0a367b6d337cfc87e03,572203,edaf8bb5f0968aaaa0cbd40434834dccb14f70253ae6ff01130359d9720c1298,lk_galle,6.0535,80.221,2020,2020-01-01,2020-12-31,8784,,
/Users/vidura/Code/big-weather/data/regional-2020-2025/raw/weather/location_id=lk_galle/year=2021/weather.parquet,0289f8b2790a86d95628d782370c296fe1fa1b85206528bc2f76ab7a34a28ff1,568625,4a6340ff2965c0939914088f0eb2fe177a79d59ce8a7f1216380c73392c291be,lk_galle,6.0535,80.221,2021,2021-01-01,2021-12-31,8760,,
/Users/vidura/Code/big-weather/data/regional-2020-2025/raw/weather/location_id=lk_galle/year=2022/weather.parquet,87e757ee6b62185873f5a1e7495c964deec9c9af4c1e0090094a2e6201cbe4e9,566072,ed4e21f770563907cd603ec5189e930ddeb09c552f1ed0f1f5b3997f312d836a,lk_galle,6.0535,80.221,2022,2022-01-01,2022-12-31,8760,,
/Users/vidura/Code/big-weather/data/regional-2020-2025/raw/weather/location_id=lk_galle/year=2023/weather.parquet,78d17ff34b9078906eb325ce4777afa5fb3cae0e01afb4fa00f35b55a94ca822,566747,75a17d04537d7085d5338fba7e7af4d970f57d36f0b134b3cf4200e6ebbad857,lk_galle,6.0535,80.221,2023,2023-01-01,2023-12-31,8760,,
/Users/vidura/Code/big-weather/data/regional-2020-2025/raw/weather/location_id=lk_galle/year=2024/weather.parquet,28087557cae1d8a7e19727b4ca77b4bba94331a22c673d13973fb0761f779e8d,561942,e112920347d6d8c5af7d5185c0aeda4e3a89c5c65f839cb92ddf487856be2275,lk_galle,6.0535,80.221,2024,2024-01-01,2024-12-31,8784,,
/Users/vidura/Code/big-weather/data/regional-2020-2025/raw/weather/location_id=lk_galle/year=2025/weather.parquet,4cccc6add1e5dba30a50bc7ebb1caee7c33bf712f0a7fd2cc6fa771bd284d363,568293,c12eb650e938f55709ec9bcdf6c8cd664938da708ef4836a2ae9fe71dcdb0a68,lk_galle,6.0535,80.221,2025,2025-01-01,2025-12-31,8760,,
/Users/vidura/Code/big-weather/data/regional-2020-2025/raw/weather/location_id=lk_galle/year=2026/weather-2026-04-28-2026-05-04.parquet,f73bb1cdb70a54566c27c7badc1ea038752ee51328902189860aad059213498c,52622,071b0f54f29e3be7f1fee875381ad8c98b3ad44e4dff644f79c73e3b1b484739,lk_galle,6.0535,80.221,2026,2026-04-28,2026-05-04,168,2026-04-28,2026-05-04
/Users/vidura/Code/big-weather/data/regional-2020-2025/raw/weather/location_id=lk_galle/year=2026/weather-2026-05-05-2026-05-11.parquet,486ab21434fc515b3d8e6172d83f2ebe773785e37adf797ca6f286b520c4f25c,52478,e2f67593d1122a4f075208c615df409517f3a2ca45991bcc51389cef63be1cd6,lk_galle,6.0535,80.221,2026,2026-05-05,2026-05-11,168,2026-05-05,2026-05-11
/Users/vidura/Code/big-weather/data/regional-2020-2025/raw/weather/location_id=lk_galle/year=2026/weather-2026-05-12-2026-05-18.parquet,77d56c13a9e7bd519514315cb24d75978bcbe9b7f53639b569029d1dca7d18a3,51848,89542989b6a66c40dd4863f81fe0285387560da1503fa287e07020b63f604b62,lk_galle,6.0535,80.221,2026,2026-05-12,2026-05-18,168,2026-05-12,2026-05-18
/Users/vidura/Code/big-weather/data/regional-2020-2025/raw/weather/location_id=lk_galle/year=2026/weather-2026-05-19-2026-05-25.parquet,cf69f02c1d56ee1ce500d3d8719b834ccb865edfdafdafeeede61d7bc99bcccf,51229,bfa27a088c7b449b2513068ffff493db4be5d4164b9de34551fb27ee0584b55f,lk_galle,6.0535,80.221,2026,2026-05-19,2026-05-25,168,2026-05-19,2026-05-25
/Users/vidura/Code/big-weather/data/regional-2020-2025/raw/weather/location_id=lk_galle/year=2026/weather-2026-05-26-2026-06-01.parquet,bbdbae7eb5704dd911d62679111532de10fdd7c8934284448b16a53783e102b3,50597,b2bb7ad20745d7bfc26252310e5badef32001ce9ea202a81147cc25b384ce8ee,lk_galle,6.0535,80.221,2026,2026-05-26,2026-06-01,168,2026-05-26,2026-06-01
/Users/vidura/Code/big-weather/data/regional-2020-2025/raw/weather/location_id=lk_galle/year=2026/weather-2026-06-02-2026-06-08.parquet,60d320fd6e1e9223acd0701ac4bb8676c39a1e415ef2b54e912b39826f648f60,51310,a757d504e6b6aa6cbbeb6b5db1083d93b34dcacc6dbed94f0e3c0887edff56c6,lk_galle,6.0535,80.221,2026,2026-06-02,2026-06-08,168,2026-06-02,2026-06-08
/Users/vidura/Code/big-weather/data/regional-2020-2025/raw/weather/location_id=lk_galle/year=2026/weather-2026-06-09-2026-06-15.parquet,581b8c7857e99cddce3e076b6a20653f761019cd9bf49c42ad7fe15c6f3909bd,52190,1f8eb1fac5a11f6b64724985907dee94ef4d13d3f707881fbcd40821226fc0f9,lk_galle,6.0535,80.221,2026,2026-06-09,2026-06-15,168,2026-06-09,2026-06-15
/Users/vidura/Code/big-weather/data/regional-2020-2025/raw/weather/location_id=lk_galle/year=2026/weather-2026-06-16-2026-06-22.parquet,4063899c7969782717c91e4402bbac15d24a030553053ddd0d3ef3c07eaf91ae,51776,49483152f90794102744c9f0f1bf6930ec9999fa4c638b71ba67099bdc036a79,lk_galle,6.0535,80.221,2026,2026-06-16,2026-06-22,168,2026-06-16,2026-06-22
/Users/vidura/Code/big-weather/data/regional-2020-2025/raw/weather/location_id=lk_galle/year=2026/weather-2026-06-23-2026-06-29.parquet,fcc27ddb4170234f3a48154749d6fbc94db7fc79932a7a7fee4818b8928c67cf,51446,1386df72fb9eb55571ed7e6226a17b1893f34bb8c26340e25ab79544adab2060,lk_galle,6.0535,80.221,2026,2026-06-23,2026-06-29,168,2026-06-23,2026-06-29
/Users/vidura/Code/big-weather/data/regional-2020-2025/raw/weather/location_id=lk_galle/year=2026/weather-2026-06-30-2026-07-06.parquet,2731846d55cd63f147980258d466227a78f62dc2722fd5dfac0ff87d36afac1e,51093,2304cc31095d2c008315029ed751a0ec877c7b0538218d614083ed5afc5d8cac,lk_galle,6.0535,80.221,2026,2026-06-30,2026-07-06,168,2026-06-30,2026-07-06
/Users/vidura/Code/big-weather/data/regional-2020-2025/raw/weather/location_id=lk_galle/year=2026/weather-2026-07-07-2026-07-13.parquet,b6e386c30f3dce6d74c35ed3689d64a2b214e8d1ec490c30fdc15e76ee7f450e,51019,2b24ccd549aad60b0f6e1f88dde1ff2d61ee010247fb71902b5f60597720a7d4,lk_galle,6.0535,80.221,2026,2026-07-07,2026-07-13,168,2026-07-07,2026-07-13
/Users/vidura/Code/big-weather/data/regional-2020-2025/raw/weather/location_id=lk_galle/year=2026/weather-2026-07-14-2026-07-20.parquet,d09cc3853ede26ed2aee63c40d01be51d7bf1712e591ed0eaaa0237c42ce7906,50842,9008216856876a1fcbcd602a212c33ee0cd5703e716c0ce3e731cedb5764f408,lk_galle,6.0535,80.221,2026,2026-07-14,2026-07-20,168,2026-07-14,2026-07-20
/Users/vidura/Code/big-weather/data/regional-2020-2025/raw/weather/location_id=lk_galle/year=2026/weather-2026-07-21-2026-07-27.parquet,21877a6fdb8f2c01272b42f673e93a7f91b69cd96913640938953bc25fb547a7,51445,68d7113870c47d2fc8571e62dab7abc0c73ab7ef0454fb525c36948425233b4c,lk_galle,6.0535,80.221,2026,2026-07-21,2026-07-27,168,2026-07-21,2026-07-27
/Users/vidura/Code/big-weather/data/regional-2020-2025/raw/weather/location_id=lk_galle/year=2026/weather-2026-07-28-2026-08-03.parquet,d8a7f6faa8d4ba28a3990f8a7973d86da3de24f122a9640ff1c2137941b8fcd3,52303,4f4c9e6d8e9fe6a907d9c705f7a7169aabe26c3b9b8c0e79be4375e4454b5c1c,lk_galle,6.0535,80.221,2026,2026-07-28,2026-08-03,168,2026-07-28,2026-08-03
/Users/vidura/Code/big-weather/data/regional-2020-2025/raw/weather/location_id=lk_galle/year=2026/weather-2026-08-04-2026-08-10.parquet,0e613ff0b868662f2ad777cf150e4809c774e37b5badd82a08a6961280f6c46d,51473,28cb8b40f8a9c9cf89b787591556ab96e6c71032062a609e77601c5743ae2a4a,lk_galle,6.0535,80.221,2026,2026-08-04,2026-08-10,168,2026-08-04,2026-08-10
/Users/vidura/Code/big-weather/data/regional-2020-2025/raw/weather/location_id=lk_galle/year=2026/weather-2026-08-11-2026-08-17.parquet,117affd62b963280010ea85e4fc013970d3b7f6452caac636fcf929f3c7f8c3e,51241,dbf60665c9b25f4f0356df325b92ffb0ebaac614daa7407c163a2bbfea572fda,lk_galle,6.0535,80.221,2026,2026-08-11,2026-08-17,168,2026-08-11,2026-08-17
/Users/vidura/Code/big-weather/data/regional-2020-2025/raw/weather/location_id=lk_galle/year=2026/weather-2026-08-18-2026-08-24.parquet,840b50cc762b6078fbf51cbfaddc2cc84969c1d4635d2f5b09d3c43d8e44f30a,51327,78179a5db30d5eb7276805d1a832671c28cdced4d08184d2d0e2986856d3c2e3,lk_galle,6.0535,80.221,2026,2026-08-18,2026-08-24,168,2026-08-18,2026-08-24
/Users/vidura/Code/big-weather/data/regional-2020-2025/raw/weather/location_id=lk_galle/year=2026/weather-2026-08-25-2026-08-31.parquet,fd1251bfefaa612a5dcdc84051df434c60e554e320f6d122171c035e16e725d7,51203,bd5d334b77baa568c6cadb0f6f5c54a829d894747c43bfd573dbeb543db8ef7c,lk_galle,6.0535,80.221,2026,2026-08-25,2026-08-31,168,2026-08-25,2026-08-31
/Users/vidura/Code/big-weather/data/regional-2020-2025/raw/weather/location_id=lk_gampola/year=2020/weather.parquet,c8459a842c94e36e41f4b136eadbed367d3e563996d1adb5797d3443a1d2ef7d,573158,6ef381207aa2ebd97b80dec7911c25f18887de900e7ed3abdf1160e567fbee22,lk_gampola,7.1643,80.5696,2020,2020-01-01,2020-12-31,8784,,
/Users/vidura/Code/big-weather/data/regional-2020-2025/raw/weather/location_id=lk_gampola/year=2021/weather.parquet,426a8875264460b4a1cecdb4d08ad1c88d1857ac94522d48371754ce281bac8d,569805,ac599231034c90b4e24e520835c800d998fcd7ff4b6034e7c8a4ed323c28d4a9,lk_gampola,7.1643,80.5696,2021,2021-01-01,2021-12-31,8760,,
/Users/vidura/Code/big-weather/data/regional-2020-2025/raw/weather/location_id=lk_gampola/year=2022/weather.parquet,c2b9601ca290b21ef9994b14f4e9a1fed7c68755d69ab967d6291ed79edb4c6a,575628,16be07a03ea55cb7dd0ce3c7ec636cf7375f53233477f9b32350e50bab9ec238,lk_gampola,7.1643,80.5696,2022,2022-01-01,2022-12-31,8760,,
/Users/vidura/Code/big-weather/data/regional-2020-2025/raw/weather/location_id=lk_gampola/year=2023/weather.parquet,706009129770d3313bd854a36e9550f5c33d6bd3e9e45968ec9f42a564f52759,569719,a7cd98e67cc527731eff9117be4fd0492a7d3f9a88ef9adbb3b7385c71f24743,lk_gampola,7.1643,80.5696,2023,2023-01-01,2023-12-31,8760,,
/Users/vidura/Code/big-weather/data/regional-2020-2025/raw/weather/location_id=lk_gampola/year=2024/weather.parquet,d5fd2377f95ced611109ac5975daef9f3d7d0a3694375e00c5aa32401b363bab,568109,4cee6ee360b9cf3569ed76d7c1a010a926b4aa15c4d937b2188f3c14fc9b7935,lk_gampola,7.1643,80.5696,2024,2024-01-01,2024-12-31,8784,,
/Users/vidura/Code/big-weather/data/regional-2020-2025/raw/weather/location_id=lk_gampola/year=2025/weather.parquet,b87c0c0e3819ecaf61ac2e4a7ef0abe0551a53b8001b25cd6bf14bce45326fd0,571582,05da3c769fb409bc33e57fd67bd38aa3d05da8f87e0e7fc6fb6c07fea98208ac,lk_gampola,7.1643,80.5696,2025,2025-01-01,2025-12-31,8760,,
/Users/vidura/Code/big-weather/data/regional-2020-2025/raw/weather/location_id=lk_gampola/year=2026/weather-2026-04-28-2026-05-04.parquet,d7dec9ef4b0c641fa09a2adb7fc684695f5532cbe442a78697233b678aba90c8,52528,82d6af14cd910585f7312c4683f08bdb1886e08528a6044b9aecbdea79fb3373,lk_gampola,7.1643,80.5696,2026,2026-04-28,2026-05-04,168,2026-04-28,2026-05-04
/Users/vidura/Code/big-weather/data/regional-2020-2025/raw/weather/location_id=lk_gampola/year=2026/weather-2026-05-05-2026-05-11.parquet,fa245c121316a4a0fef842ec472750ab983378e8960b95def2dba3a4c22f81a3,52166,c6d2351efc1e88ccec598d37038e6e768c2441b9f88ffac8a59183d952cdf8df,lk_gampola,7.1643,80.5696,2026,2026-05-05,2026-05-11,168,2026-05-05,2026-05-11
/Users/vidura/Code/big-weather/data/regional-2020-2025/raw/weather/location_id=lk_gampola/year=2026/weather-2026-05-12-2026-05-18.parquet,8c82e20d8f15488c97c195d51d888a67f2d981be5c17a88b0cbef14bcf202ff1,52176,9257ac3efbc8b25e19e250787d4e7336afbb9150752c7358febfa22dcde68203,lk_gampola,7.1643,80.5696,2026,2026-05-12,2026-05-18,168,2026-05-12,2026-05-18
/Users/vidura/Code/big-weather/data/regional-2020-2025/raw/weather/location_id=lk_gampola/year=2026/weather-2026-05-19-2026-05-25.parquet,cdd8e46a9305891615cec0273ea17998df1607c78bfd332fea91d401c1565cb1,51161,129bb22ce3e6ac6ea4fb20b12c074a9d2ffb893ad19c34cb06570653fd0a18f8,lk_gampola,7.1643,80.5696,2026,2026-05-19,2026-05-25,168,2026-05-19,2026-05-25
/Users/vidura/Code/big-weather/data/regional-2020-2025/raw/weather/location_id=lk_gampola/year=2026/weather-2026-05-26-2026-06-01.parquet,91e87f6453a6c89cb1540c276755db102ad1a95dcf69e3612a494ce610109971,51657,245988f3e253bc4877b27fc433b67aed958a8624621ad2ebc6b755e89a2d9e39,lk_gampola,7.1643,80.5696,2026,2026-05-26,2026-06-01,168,2026-05-26,2026-06-01
/Users/vidura/Code/big-weather/data/regional-2020-2025/raw/weather/location_id=lk_gampola/year=2026/weather-2026-06-02-2026-06-08.parquet,8a8426fe12f50dcb96a380ea27c8344370c24a90eff1ba6304218ce6f0e8e613,51552,5c07d3a4f93649a79a36344a5e82d78d4f81e995d29c3a815568f8f021d7b953,lk_gampola,7.1643,80.5696,2026,2026-06-02,2026-06-08,168,2026-06-02,2026-06-08
/Users/vidura/Code/big-weather/data/regional-2020-2025/raw/weather/location_id=lk_gampola/year=2026/weather-2026-06-09-2026-06-15.parquet,d3b5f5fc7aec7850731895a84025bffecbd45874966fb1843cd518465cb81381,51484,0f7bf2b3056e09c8f40c8705cac0952ee6829d37ab1e58074ea499b3ec063b22,lk_gampola,7.1643,80.5696,2026,2026-06-09,2026-06-15,168,2026-06-09,2026-06-15
/Users/vidura/Code/big-weather/data/regional-2020-2025/raw/weather/location_id=lk_gampola/year=2026/weather-2026-06-16-2026-06-22.parquet,330b4da2c5e1d47f6a1014322704afd46e2b44c76917869dd9e61c8c20270901,51480,292268ff83116cd5143f111755fcff8c15ba9606b89d80936f4ae2f895594732,lk_gampola,7.1643,80.5696,2026,2026-06-16,2026-06-22,168,2026-06-16,2026-06-22
/Users/vidura/Code/big-weather/data/regional-2020-2025/raw/weather/location_id=lk_gampola/year=2026/weather-2026-06-23-2026-06-29.parquet,1e10b9f80c3bf7dcd7cce26729e134df882eab24528d1026aa2b15f03dcf78c3,51475,222e4702bd1a02fa8b88511d8c88867d469e981c6d4fe8e94c5e3e3e36f6ef2a,lk_gampola,7.1643,80.5696,2026,2026-06-23,2026-06-29,168,2026-06-23,2026-06-29
/Users/vidura/Code/big-weather/data/regional-2020-2025/raw/weather/location_id=lk_gampola/year=2026/weather-2026-06-30-2026-07-06.parquet,0dde09fdad0eba0d32ba406a38f807a24152fe03a7cccf837c3f0db13dd71658,52016,4e09d691f15273d3e90ac218cc472c2d6018016e0ec655da0479ead90d0324ae,lk_gampola,7.1643,80.5696,2026,2026-06-30,2026-07-06,168,2026-06-30,2026-07-06
/Users/vidura/Code/big-weather/data/regional-2020-2025/raw/weather/location_id=lk_gampola/year=2026/weather-2026-07-07-2026-07-13.parquet,5cd779499ab910d60831ed89b5529e8bbabd320e75be763b806c5172e832e6c0,51640,e20bfdf2e2bf8f3c599e55e0a2b4226be6699be94d169d12797139d1bd039c2c,lk_gampola,7.1643,80.5696,2026,2026-07-07,2026-07-13,168,2026-07-07,2026-07-13
/Users/vidura/Code/big-weather/data/regional-2020-2025/raw/weather/location_id=lk_gampola/year=2026/weather-2026-07-14-2026-07-20.parquet,30062a054a4c567159df779701e5d2cb5e3c6771b2a909828b8278948ea8561f,51257,826272aa8a2ad9e530fe9fa79293277cc2fdf65431dad28afbfa7babdf967066,lk_gampola,7.1643,80.5696,2026,2026-07-14,2026-07-20,168,2026-07-14,2026-07-20
/Users/vidura/Code/big-weather/data/regional-2020-2025/raw/weather/location_id=lk_gampola/year=2026/weather-2026-07-21-2026-07-27.parquet,b6cd6b150d06ef463d8a3f4453311ad27577db3a37d1cda23fc29799cc384762,51805,ed14fa0020f3e7c83020a928dcfd9da7f60bf1369b488c5d4dd518492c3a2b4c,lk_gampola,7.1643,80.5696,2026,2026-07-21,2026-07-27,168,2026-07-21,2026-07-27
/Users/vidura/Code/big-weather/data/regional-2020-2025/raw/weather/location_id=lk_gampola/year=2026/weather-2026-07-28-2026-08-03.parquet,e79ad7d30109983896bd91e31d88af818492f0ee2bae7f967cfeb8ad8f6c852d,52168,97b3a1405c6e3a640e24eba49ac593fb346c3da210312fef7b69065d033ba22f,lk_gampola,7.1643,80.5696,2026,2026-07-28,2026-08-03,168,2026-07-28,2026-08-03
/Users/vidura/Code/big-weather/data/regional-2020-2025/raw/weather/location_id=lk_gampola/year=2026/weather-2026-08-04-2026-08-10.parquet,37ebbcf4db7028a2f6c81e4c051e52464cb90348e4d61b05cb1d50e87a8002fe,51064,b5a1c189c8d1f13e99e1842558bd2e0490eccc4c7d4e4b0238006bc240cda6d3,lk_gampola,7.1643,80.5696,2026,2026-08-04,2026-08-10,168,2026-08-04,2026-08-10
/Users/vidura/Code/big-weather/data/regional-2020-2025/raw/weather/location_id=lk_gampola/year=2026/weather-2026-08-11-2026-08-17.parquet,bb0561243de687982502e07785c5831832b88e20c57ed4778d03a7b4ab2343ee,51256,7abfa4d07d3693da1371435139026af5d066324c6604695d0114e7f17715f714,lk_gampola,7.1643,80.5696,2026,2026-08-11,2026-08-17,168,2026-08-11,2026-08-17
/Users/vidura/Code/big-weather/data/regional-2020-2025/raw/weather/location_id=lk_gampola/year=2026/weather-2026-08-18-2026-08-24.parquet,c36858bbfd4369b086329927aeffc02c380ae7f092f443d25207013453859012,51603,f72b279c01e771ceddbdea45de855772f05c1d524bdbacf18d4090a0fcb3c3ba,lk_gampola,7.1643,80.5696,2026,2026-08-18,2026-08-24,168,2026-08-18,2026-08-24
/Users/vidura/Code/big-weather/data/regional-2020-2025/raw/weather/location_id=lk_gampola/year=2026/weather-2026-08-25-2026-08-31.parquet,1c41096b69e20ff5f338395a12d2e542b6afae3a87da62039b1368f925ca85a7,51005,5ea77c4d7003862b2a6ca6ef87113a5681df55a942bc039147355d6a7865967b,lk_gampola,7.1643,80.5696,2026,2026-08-25,2026-08-31,168,2026-08-25,2026-08-31
/Users/vidura/Code/big-weather/data/regional-2020-2025/raw/weather/location_id=lk_hambantota/year=2020/weather.parquet,9378c8f6b56dcde58b0063cb4e8ce9d2cbf427db0fb6d262179ea230dc9a96a9,571719,71f620e3e0b470f8dab5e63b0f0ddc21643318f9220d6c3e7d73958a50fbb9ec,lk_hambantota,6.1429,81.1212,2020,2020-01-01,2020-12-31,8784,,
/Users/vidura/Code/big-weather/data/regional-2020-2025/raw/weather/location_id=lk_hambantota/year=2021/weather.parquet,6d60d1754d45bcd858b4ebbf6029704e5093ec0dfb8107fd892bfb1663319bb2,571175,135994c1c0f9ab52ae1d9e3f82179674d5ed3c9fbea2e8402c974fb8a1d0a89e,lk_hambantota,6.1429,81.1212,2021,2021-01-01,2021-12-31,8760,,
/Users/vidura/Code/big-weather/data/regional-2020-2025/raw/weather/location_id=lk_hambantota/year=2022/weather.parquet,8d1c6e00c071853825de4b69578325fc1cb36708e28a5d9a0cbd990bb7e8ceb5,573623,9e885b1c80e1affc10f69f877850d216e955e4b5ad6ce311de36b531a0adab68,lk_hambantota,6.1429,81.1212,2022,2022-01-01,2022-12-31,8760,,
/Users/vidura/Code/big-weather/data/regional-2020-2025/raw/weather/location_id=lk_hambantota/year=2023/weather.parquet,665d4c6fe5d7596d587f8e637af12fb6392acf1a866591c6dc8a686da163a6b4,575571,980af7c03e46abfe6088307f8de39c1d8db187c704e374155edc32fa412d7e41,lk_hambantota,6.1429,81.1212,2023,2023-01-01,2023-12-31,8760,,
/Users/vidura/Code/big-weather/data/regional-2020-2025/raw/weather/location_id=lk_hambantota/year=2024/weather.parquet,91b0258cc2c570ae64d26c88b78948cb2bee1bc89ac449b7e31a9a3b3a061ebe,568554,8577b2a0cd4854e61a26d0c36563a2bf0fa67d8f50ab391b569462b6c3e07c92,lk_hambantota,6.1429,81.1212,2024,2024-01-01,2024-12-31,8784,,
/Users/vidura/Code/big-weather/data/regional-2020-2025/raw/weather/location_id=lk_hambantota/year=2025/weather.parquet,e7f766e51726f76426cd564c24b4fc74030d6448ed8c3f85a4531b4b22c9bffd,577149,19cfff359737e5adfbb028efa67c61494409e4dfaf63a81efb3d7f583f8cfde4,lk_hambantota,6.1429,81.1212,2025,2025-01-01,2025-12-31,8760,,
/Users/vidura/Code/big-weather/data/regional-2020-2025/raw/weather/location_id=lk_hambantota/year=2026/weather-2026-04-28-2026-05-04.parquet,2244e2c4b13fa5d8e49ced3cea3de5ab00bc609373d027b3aa25c27d3b949879,52253,b646ef49bbd92cf7e3fed69c6ee8f47fc61f0f36eda7a575859ac36d67f83dd3,lk_hambantota,6.1429,81.1212,2026,2026-04-28,2026-05-04,168,2026-04-28,2026-05-04
/Users/vidura/Code/big-weather/data/regional-2020-2025/raw/weather/location_id=lk_hambantota/year=2026/weather-2026-05-05-2026-05-11.parquet,50a7df19258586132744fbed8ae64e5c46185296f49ff1fbe0a0cf309476081d,52598,82e6a9e161107fceac7f9b845542644f5470e22d77dff0a19a97339bc929348f,lk_hambantota,6.1429,81.1212,2026,2026-05-05,2026-05-11,168,2026-05-05,2026-05-11
/Users/vidura/Code/big-weather/data/regional-2020-2025/raw/weather/location_id=lk_hambantota/year=2026/weather-2026-05-12-2026-05-18.parquet,db7680f496f7cf04d2e87cd40d24e03a768d7bf04488f814c7f816c29ec7def6,51752,99ae52bb65fceef03f325a0006709f7fc4653ad8b8064bd5fd768277a6f0d7dd,lk_hambantota,6.1429,81.1212,2026,2026-05-12,2026-05-18,168,2026-05-12,2026-05-18
/Users/vidura/Code/big-weather/data/regional-2020-2025/raw/weather/location_id=lk_hambantota/year=2026/weather-2026-05-19-2026-05-25.parquet,64d7681a2f3f8f175376b7347c5f7661f6e5bad5e9a0d26e2cbe0378a0bfec0d,51208,7fc852ad6bfd83ba45281e3f29ad0afeacd3cff5ac0a5af8357df528bdda2932,lk_hambantota,6.1429,81.1212,2026,2026-05-19,2026-05-25,168,2026-05-19,2026-05-25
/Users/vidura/Code/big-weather/data/regional-2020-2025/raw/weather/location_id=lk_hambantota/year=2026/weather-2026-05-26-2026-06-01.parquet,a4457f81a37cf2a77c5e76d6604015ce3a77b38c53886e46d3e50ce23394a0fb,51154,bdd98806ed8a5305e4bab9c6c0b4604457e2c0e576185cbd569ade5eccb70632,lk_hambantota,6.1429,81.1212,2026,2026-05-26,2026-06-01,168,2026-05-26,2026-06-01
/Users/vidura/Code/big-weather/data/regional-2020-2025/raw/weather/location_id=lk_hambantota/year=2026/weather-2026-06-02-2026-06-08.parquet,f60fa24d2c43e9d8e2016018a5a72f1d1d0040d660c0565a2e673f7b66b2627c,50953,949d9bac34205f0a6717473fde1290ecb15eae9174de32b3f23d856aafe201ad,lk_hambantota,6.1429,81.1212,2026,2026-06-02,2026-06-08,168,2026-06-02,2026-06-08
/Users/vidura/Code/big-weather/data/regional-2020-2025/raw/weather/location_id=lk_hambantota/year=2026/weather-2026-06-09-2026-06-15.parquet,498d99919241a1ef4ed1bb9532905df95b2798a68cccf21b34c8b6dded2fe07c,51055,214754d7fa972c508f12cd84c39a07e41b6edb660bbf11411d91155e8dcf1585,lk_hambantota,6.1429,81.1212,2026,2026-06-09,2026-06-15,168,2026-06-09,2026-06-15
/Users/vidura/Code/big-weather/data/regional-2020-2025/raw/weather/location_id=lk_hambantota/year=2026/weather-2026-06-16-2026-06-22.parquet,0b5cfa573d796da1fd9f06d7fb9464f343904f0faf57e23c51b70a5cde9d1515,51202,b548cfedeffb02582f6dda9bf35c6804733912b0cadb9d79cfa459b1a5415d57,lk_hambantota,6.1429,81.1212,2026,2026-06-16,2026-06-22,168,2026-06-16,2026-06-22
/Users/vidura/Code/big-weather/data/regional-2020-2025/raw/weather/location_id=lk_hambantota/year=2026/weather-2026-06-23-2026-06-29.parquet,777a371b74c9cd337b2f06a5dcb99deca136845de668eecf47b2328fc6e7b6b9,51008,e343788e071fd3d5d9419441940de741f23fcb4983b953f11c432c0459aea266,lk_hambantota,6.1429,81.1212,2026,2026-06-23,2026-06-29,168,2026-06-23,2026-06-29
/Users/vidura/Code/big-weather/data/regional-2020-2025/raw/weather/location_id=lk_hambantota/year=2026/weather-2026-06-30-2026-07-06.parquet,c79818a52df745d86e9d72aaeb8dba2359dc211897632dea1c1e2025a6f9c5f7,50908,e06cfeb45160d56cf51106f65edefc5fdc6863850f65c1dad00b2e47ae64a230,lk_hambantota,6.1429,81.1212,2026,2026-06-30,2026-07-06,168,2026-06-30,2026-07-06
/Users/vidura/Code/big-weather/data/regional-2020-2025/raw/weather/location_id=lk_hambantota/year=2026/weather-2026-07-07-2026-07-13.parquet,40227a4d3e99bf4bcea255435c6f6002e6b2be29f720a3e6886bff67050c067e,50791,0d1f3cd8be405431068c75c6e447fd45302fd62d0f92b66d2e556e7af9879a23,lk_hambantota,6.1429,81.1212,2026,2026-07-07,2026-07-13,168,2026-07-07,2026-07-13
/Users/vidura/Code/big-weather/data/regional-2020-2025/raw/weather/location_id=lk_hambantota/year=2026/weather-2026-07-14-2026-07-20.parquet,c547cd685d9b10c2cb7ba1a46c6ef0b9a0b58a660ad7a63fde7b7ffc72ff7193,50449,7d1bc78360b337f0c9fdf9f3d5f30695aa068c2a45b3725d72a61e9432600df9,lk_hambantota,6.1429,81.1212,2026,2026-07-14,2026-07-20,168,2026-07-14,2026-07-20
/Users/vidura/Code/big-weather/data/regional-2020-2025/raw/weather/location_id=lk_hambantota/year=2026/weather-2026-07-21-2026-07-27.parquet,3991efdab9a32c1b038493ed3ec0ad5211857bc9e2a9cf68569668373ab17505,50828,edef1f4d86310cbe614e59284bb3c1eeb96230dba1e4a48667ea1495e4583f40,lk_hambantota,6.1429,81.1212,2026,2026-07-21,2026-07-27,168,2026-07-21,2026-07-27
/Users/vidura/Code/big-weather/data/regional-2020-2025/raw/weather/location_id=lk_hambantota/year=2026/weather-2026-07-28-2026-08-03.parquet,37833ab73001491d8ba704595ae49674a69ea9c9d4c03fbd8d63ed3756a74ef4,52325,995b8641b077a3ad4dac36beacde90fc104d3094a3270b0c79f437001ed82853,lk_hambantota,6.1429,81.1212,2026,2026-07-28,2026-08-03,168,2026-07-28,2026-08-03
/Users/vidura/Code/big-weather/data/regional-2020-2025/raw/weather/location_id=lk_hambantota/year=2026/weather-2026-08-04-2026-08-10.parquet,37e0bebbd70e1748821321e06a8f8563da2b606637534e4f7592354b51f264a1,51263,7307fdff04432d9331f268fc5a12888ac97c8922e0325e384f3524cbd1b03473,lk_hambantota,6.1429,81.1212,2026,2026-08-04,2026-08-10,168,2026-08-04,2026-08-10
/Users/vidura/Code/big-weather/data/regional-2020-2025/raw/weather/location_id=lk_hambantota/year=2026/weather-2026-08-11-2026-08-17.parquet,0ff8d08659a7f1b893caaa1ceeafdef220206682b91e10d28f45ab789026826c,51083,5622d7df7cb395c957ed66e74a4c229da36dd6d600ab7d330009716a20137518,lk_hambantota,6.1429,81.1212,2026,2026-08-11,2026-08-17,168,2026-08-11,2026-08-17
/Users/vidura/Code/big-weather/data/regional-2020-2025/raw/weather/location_id=lk_hambantota/year=2026/weather-2026-08-18-2026-08-24.parquet,e9ee69eed5c576421cf1e9db591464b39bc4651426f66fc415fc1d256292b6a9,50831,741ce7ad6164eaf0f30212c39f9f2612a2f203a93156035a0359a18691ffeaa1,lk_hambantota,6.1429,81.1212,2026,2026-08-18,2026-08-24,168,2026-08-18,2026-08-24
/Users/vidura/Code/big-weather/data/regional-2020-2025/raw/weather/location_id=lk_hambantota/year=2026/weather-2026-08-25-2026-08-31.parquet,c9c56baa2e1c7647ccc729b42e2e4e36896fd00cb328c90f392e62ee4f768b6a,50848,71099ccd11fbadd1925f614d4198f671ccc7590b9c148795467c21a18ec5cf27,lk_hambantota,6.1429,81.1212,2026,2026-08-25,2026-08-31,168,2026-08-25,2026-08-31
/Users/vidura/Code/big-weather/data/regional-2020-2025/raw/weather/location_id=lk_haputale/year=2026/weather-2026-04-28-2026-05-04.parquet,35169e65f50627fa975fe90647ad2273443559db71b2fdd3fb3a094b757e0960,51901,5aca7d75818ae631d15dfca337e3bb380b498b389e0384d0ebd6290b8f7abba1,lk_haputale,6.7681,80.959,2026,2026-04-28,2026-05-04,168,2026-04-28,2026-05-04
/Users/vidura/Code/big-weather/data/regional-2020-2025/raw/weather/location_id=lk_haputale/year=2026/weather-2026-05-05-2026-05-11.parquet,46573995b0c4970a7c6b3b6fa94cac288ab17232e281d8d61fd1bef8bd9d7d6a,52634,29c965ee31c51a059c1ef76d53b90a449ed8aefbcb72fef09b3db126b57f5bb2,lk_haputale,6.7681,80.959,2026,2026-05-05,2026-05-11,168,2026-05-05,2026-05-11
/Users/vidura/Code/big-weather/data/regional-2020-2025/raw/weather/location_id=lk_haputale/year=2026/weather-2026-05-12-2026-05-18.parquet,ae151cc8d77336d31f754e0b54b2d22a83713b09641f86ecb871c987ba06071e,52630,c4328d6cfcc6308d1a6496cd56265ade6c43d71a9d609119e458e403c926f82c,lk_haputale,6.7681,80.959,2026,2026-05-12,2026-05-18,168,2026-05-12,2026-05-18
/Users/vidura/Code/big-weather/data/regional-2020-2025/raw/weather/location_id=lk_haputale/year=2026/weather-2026-05-19-2026-05-25.parquet,ada964063503f8fc0443ce8cfc9d8ec4dcbdfb35a2749d122ea46800693a86c5,51276,e8591a1898915fad468d51e32af4c86f0e032beb998dd019abe4edaa5e3d892c,lk_haputale,6.7681,80.959,2026,2026-05-19,2026-05-25,168,2026-05-19,2026-05-25
/Users/vidura/Code/big-weather/data/regional-2020-2025/raw/weather/location_id=lk_haputale/year=2026/weather-2026-05-26-2026-06-01.parquet,2e0f3caf0b717c27368b11c87b000a41a0eba25872d217f93a764a8fa8745886,51344,2c7b1c8ec0596385ef924370a8524f318cf9f7f63f70f7529fb73c9bd4cebfb3,lk_haputale,6.7681,80.959,2026,2026-05-26,2026-06-01,168,2026-05-26,2026-06-01
/Users/vidura/Code/big-weather/data/regional-2020-2025/raw/weather/location_id=lk_haputale/year=2026/weather-2026-06-02-2026-06-08.parquet,6caa4b020c08c3cf4e9053adbce2351372c6b376f18e83cb1704963d441bd609,50985,6248a8476969c87a708c7a62589cbfc85003b6f22aee3a38ee00af470a67b08c,lk_haputale,6.7681,80.959,2026,2026-06-02,2026-06-08,168,2026-06-02,2026-06-08
/Users/vidura/Code/big-weather/data/regional-2020-2025/raw/weather/location_id=lk_haputale/year=2026/weather-2026-06-09-2026-06-15.parquet,a66e7e385d240737537d47dd43e761f752824ba0d387e403ea41d8847f5ad5f6,51468,f8e2670dd3159d357d801089031bb3ce4e42741675f9a78870e4275daa58aaea,lk_haputale,6.7681,80.959,2026,2026-06-09,2026-06-15,168,2026-06-09,2026-06-15
/Users/vidura/Code/big-weather/data/regional-2020-2025/raw/weather/location_id=lk_haputale/year=2026/weather-2026-06-16-2026-06-22.parquet,6a1f8ec128419b80466ba18772dc99a55d71ae477bb4b744334233a4017e8126,51763,f297131832b5976bdd3db7fbe5cabb6e5cddc198a7ad80d5d0d6f4a7ba20595b,lk_haputale,6.7681,80.959,2026,2026-06-16,2026-06-22,168,2026-06-16,2026-06-22
/Users/vidura/Code/big-weather/data/regional-2020-2025/raw/weather/location_id=lk_haputale/year=2026/weather-2026-06-23-2026-06-29.parquet,9eefb12bec1b84d9c3fa7da8c903958e4c8d1a27b45190d26969fcbcd54ef970,51910,4b5634c5277142be7824e0bf5e553b8941c4bb12325a007e8076de34a99ffe5b,lk_haputale,6.7681,80.959,2026,2026-06-23,2026-06-29,168,2026-06-23,2026-06-29
/Users/vidura/Code/big-weather/data/regional-2020-2025/raw/weather/location_id=lk_haputale/year=2026/weather-2026-06-30-2026-07-06.parquet,e2227555772f0c3158ae1a6c8282d34a80def0b4b2553a6653c3e03c3f8abdbb,51997,7be48ceb3365784506fc4eb2902286d627818fcf9d06a96c47646856583e5c7e,lk_haputale,6.7681,80.959,2026,2026-06-30,2026-07-06,168,2026-06-30,2026-07-06
/Users/vidura/Code/big-weather/data/regional-2020-2025/raw/weather/location_id=lk_haputale/year=2026/weather-2026-07-07-2026-07-13.parquet,471fe89e86d99fe6e868179d76b1991c347e1f469f7ea9c29e02a6d052cf79dc,51595,afe1dc21ab8f25cf7f704662232e8ad39e685419f7914fc0ebbdea970f81cf52,lk_haputale,6.7681,80.959,2026,2026-07-07,2026-07-13,168,2026-07-07,2026-07-13
/Users/vidura/Code/big-weather/data/regional-2020-2025/raw/weather/location_id=lk_haputale/year=2026/weather-2026-07-14-2026-07-20.parquet,3731b90798c79ee6391aa38cb1b007410cfb0706d309db317f5244eb335316b8,51004,c67c74f11844fdaefaae29a5175944a05b814f8ac892dc8c0290702fcc832535,lk_haputale,6.7681,80.959,2026,2026-07-14,2026-07-20,168,2026-07-14,2026-07-20
/Users/vidura/Code/big-weather/data/regional-2020-2025/raw/weather/location_id=lk_haputale/year=2026/weather-2026-07-21-2026-07-27.parquet,d617e2727f1d5557d764639a1213257ccaea8a0ad0a0be48ccda1094a7126b42,51594,3b86a67b83afff8f485bd751784304c4bfbd8efe6bb2ed9ac2665012d56a9232,lk_haputale,6.7681,80.959,2026,2026-07-21,2026-07-27,168,2026-07-21,2026-07-27
/Users/vidura/Code/big-weather/data/regional-2020-2025/raw/weather/location_id=lk_haputale/year=2026/weather-2026-07-28-2026-08-03.parquet,de9b913a85e97b69968599c97da283f0882b92dec6a176e4e6370a854859752c,52188,624c029f8195fe2078a22d3f99e7f9684247696f219fd2563823ba07022fe0f0,lk_haputale,6.7681,80.959,2026,2026-07-28,2026-08-03,168,2026-07-28,2026-08-03
/Users/vidura/Code/big-weather/data/regional-2020-2025/raw/weather/location_id=lk_haputale/year=2026/weather-2026-08-04-2026-08-10.parquet,5fdf6e4438852d0120fee5248b7726f531323c0e2640442f9e61c553205a9623,51212,f6e1a8061304902f627e95cf106c13108960efbba9d2a02541f17d6fe0f94114,lk_haputale,6.7681,80.959,2026,2026-08-04,2026-08-10,168,2026-08-04,2026-08-10
/Users/vidura/Code/big-weather/data/regional-2020-2025/raw/weather/location_id=lk_haputale/year=2026/weather-2026-08-11-2026-08-17.parquet,8a1116f2c06b660328ec8e38a942d21fbfca7c62957876ceabe31477ff502abd,51477,12baace4b9ccf6be80e5cb51be0df27f0b9c4de8f4ca858a9054d76996cc149d,lk_haputale,6.7681,80.959,2026,2026-08-11,2026-08-17,168,2026-08-11,2026-08-17
/Users/vidura/Code/big-weather/data/regional-2020-2025/raw/weather/location_id=lk_haputale/year=2026/weather-2026-08-18-2026-08-24.parquet,153d27ed2ea8f437db8ba9821dea67c36c8d54984310dcc2065e22efc62723f9,51159,2bd77319451291fc8190a9a76e01f546a0bb858981fe001f7dac4e85d10c69cb,lk_haputale,6.7681,80.959,2026,2026-08-18,2026-08-24,168,2026-08-18,2026-08-24
/Users/vidura/Code/big-weather/data/regional-2020-2025/raw/weather/location_id=lk_haputale/year=2026/weather-2026-08-25-2026-08-31.parquet,b70eed3c38d84df40ecb45efc27ab4079cced5a8787238ccc40b225205862a86,50867,3f0b881260979a51ca25a844c0cb4ad23ec8a9b1ffc921aeaf0f2a58a76533bc,lk_haputale,6.7681,80.959,2026,2026-08-25,2026-08-31,168,2026-08-25,2026-08-31
/Users/vidura/Code/big-weather/data/regional-2020-2025/raw/weather/location_id=lk_hatton/year=2026/weather-2026-04-28-2026-05-04.parquet,ea422824bf6bed538a8d89952ccbcd06020288d7e6c531ec3eaab997516f82cd,51832,254ec94f7a840959475ada6eb49e34e57843b12825645b11f308daa3a2c4831f,lk_hatton,6.8916,80.5955,2026,2026-04-28,2026-05-04,168,2026-04-28,2026-05-04
/Users/vidura/Code/big-weather/data/regional-2020-2025/raw/weather/location_id=lk_hatton/year=2026/weather-2026-05-05-2026-05-11.parquet,0176753f895d6f08e01e4b34f8d285776e3288c19bf582da118fb7bb6b98243f,52401,4174e5e23a5e579592d423a4ebffdbe4138d09083d477b105edc82938533c2ad,lk_hatton,6.8916,80.5955,2026,2026-05-05,2026-05-11,168,2026-05-05,2026-05-11
/Users/vidura/Code/big-weather/data/regional-2020-2025/raw/weather/location_id=lk_hatton/year=2026/weather-2026-05-12-2026-05-18.parquet,bd2640f8a1db3f5cf9e16f9df3c5810a13828f6a6f1b69af0ed17513477a90ca,52701,649e1cb7b8cafa23b9cf29f40f2844e4ce863e2c05a00239ae0cac763522dd39,lk_hatton,6.8916,80.5955,2026,2026-05-12,2026-05-18,168,2026-05-12,2026-05-18
/Users/vidura/Code/big-weather/data/regional-2020-2025/raw/weather/location_id=lk_hatton/year=2026/weather-2026-05-19-2026-05-25.parquet,f0fe5e8a82f49d32f9aed4f6a7cd376ac840896a4e79b5f674dfc44f314e0920,51445,22582d1e9d4f9548e4dbd68b8935928f88c8600cd1878caf190b801cbf67c430,lk_hatton,6.8916,80.5955,2026,2026-05-19,2026-05-25,168,2026-05-19,2026-05-25
/Users/vidura/Code/big-weather/data/regional-2020-2025/raw/weather/location_id=lk_hatton/year=2026/weather-2026-05-26-2026-06-01.parquet,706fb7c8c8ab05828e22a6b92c9f833d4e301ee228c4a5fa996142b10eb2cd17,51361,432a836734481a04006a9ca601d82b08d871a62e4f6787899e6d8efee8124156,lk_hatton,6.8916,80.5955,2026,2026-05-26,2026-06-01,168,2026-05-26,2026-06-01
/Users/vidura/Code/big-weather/data/regional-2020-2025/raw/weather/location_id=lk_hatton/year=2026/weather-2026-06-02-2026-06-08.parquet,830db73a8d3c05badda25526a9bef0e9bc7ef173d0b47d362d62902e2d9ae93a,52235,c73140fd65a948b8e51abbd5f7145234623f92cb6ffa83ce295eadba84412eec,lk_hatton,6.8916,80.5955,2026,2026-06-02,2026-06-08,168,2026-06-02,2026-06-08
/Users/vidura/Code/big-weather/data/regional-2020-2025/raw/weather/location_id=lk_hatton/year=2026/weather-2026-06-09-2026-06-15.parquet,70aa34f857c12b58a53c5feec29e9c0485a6902a2189d4e0fa1b428133333584,52389,0d45ac2322c32f090ac761e1fb3266ac0d525f32271355d746d5b68988ecffa3,lk_hatton,6.8916,80.5955,2026,2026-06-09,2026-06-15,168,2026-06-09,2026-06-15
/Users/vidura/Code/big-weather/data/regional-2020-2025/raw/weather/location_id=lk_hatton/year=2026/weather-2026-06-16-2026-06-22.parquet,3273d92ef3d982f10eeca78f1a270f53623fe6a0b02a2e1c7dcda41840a794ff,51911,feb447f6921bac1dc360fdf0d74b6ab4b4df40a7239e2b4f0cf38e4aa9e5d78f,lk_hatton,6.8916,80.5955,2026,2026-06-16,2026-06-22,168,2026-06-16,2026-06-22
/Users/vidura/Code/big-weather/data/regional-2020-2025/raw/weather/location_id=lk_hatton/year=2026/weather-2026-06-23-2026-06-29.parquet,29eb03fd8d35a22a88aa40c25edde723411ce70161e95a9c250bbbcb122f8c5b,51764,f1b08f1f856e2dcf3e4c98f738a11e9b6eab4d196f05eb972a32c725b3a7d4cc,lk_hatton,6.8916,80.5955,2026,2026-06-23,2026-06-29,168,2026-06-23,2026-06-29
/Users/vidura/Code/big-weather/data/regional-2020-2025/raw/weather/location_id=lk_hatton/year=2026/weather-2026-06-30-2026-07-06.parquet,38045d2999da165129586d21503cf427a997a459ce5e62c258dafbecaf5ce1a1,51926,dc652253cbf5b7fe6b96d486f161743c4f1e7317fdcda258d24f6beeb1e46963,lk_hatton,6.8916,80.5955,2026,2026-06-30,2026-07-06,168,2026-06-30,2026-07-06
/Users/vidura/Code/big-weather/data/regional-2020-2025/raw/weather/location_id=lk_hatton/year=2026/weather-2026-07-07-2026-07-13.parquet,8c3fbf12184f7f29361d9317fddd29640da89f84dccefe3e4519272d3a14a4a1,51601,38bd655ebda1e4432726391c40c4838b8f02aee57938da54a04cec39ad75c4bb,lk_hatton,6.8916,80.5955,2026,2026-07-07,2026-07-13,168,2026-07-07,2026-07-13
/Users/vidura/Code/big-weather/data/regional-2020-2025/raw/weather/location_id=lk_hatton/year=2026/weather-2026-07-14-2026-07-20.parquet,e782667027c5d95bf8708da225209a6b58d491475944c6a4d17d24abc3b7d5eb,51530,ebfbd4c27cdf7095632c5b9fcf1bbc776a67de90ca560cb21df1b29d35542c8b,lk_hatton,6.8916,80.5955,2026,2026-07-14,2026-07-20,168,2026-07-14,2026-07-20
/Users/vidura/Code/big-weather/data/regional-2020-2025/raw/weather/location_id=lk_hatton/year=2026/weather-2026-07-21-2026-07-27.parquet,63efdde52cd9de4309497120f44e6375e2499fd5e50ac0ae7794239a768ac653,52130,59ad0f40589eda90271352d2e2ad3e015ef250f9b66386300674d9ac06f0345c,lk_hatton,6.8916,80.5955,2026,2026-07-21,2026-07-27,168,2026-07-21,2026-07-27
/Users/vidura/Code/big-weather/data/regional-2020-2025/raw/weather/location_id=lk_hatton/year=2026/weather-2026-07-28-2026-08-03.parquet,2139d5b547628d37e9effcfa52365554ea93ace24beee11332f28cee278b7a30,52893,0d030b9fb45d96fcdd742e330897e39814f14abdb1a1378a0501fae4e2628f84,lk_hatton,6.8916,80.5955,2026,2026-07-28,2026-08-03,168,2026-07-28,2026-08-03
/Users/vidura/Code/big-weather/data/regional-2020-2025/raw/weather/location_id=lk_hatton/year=2026/weather-2026-08-04-2026-08-10.parquet,3ffcc937f1a1c9e3171d16f8e0a091d7a5d3a9a088b21c64e9534c45d7efa409,52052,d47bebca51ac97fb0cbaeb501fc60d1634d09809f50f56ee4fb0ecdf31905873,lk_hatton,6.8916,80.5955,2026,2026-08-04,2026-08-10,168,2026-08-04,2026-08-10
/Users/vidura/Code/big-weather/data/regional-2020-2025/raw/weather/location_id=lk_hatton/year=2026/weather-2026-08-11-2026-08-17.parquet,62245168bad831731f91552cf9ac2064d34da73271c7c5d5c811dfb45f81a88f,51392,62f9f3202b57d68836e369373a8cca598a4fba9d555c9f1cbc33cdb0cfff637d,lk_hatton,6.8916,80.5955,2026,2026-08-11,2026-08-17,168,2026-08-11,2026-08-17
/Users/vidura/Code/big-weather/data/regional-2020-2025/raw/weather/location_id=lk_hatton/year=2026/weather-2026-08-18-2026-08-24.parquet,760e125a1c6b5eb8c471d1dcad92dc4f98e52a3cf72cc53af6f8a0660847ae25,51574,169664bca6e81834ad66518b453dd01987393546985dbf34090bdcf8b07bc000,lk_hatton,6.8916,80.5955,2026,2026-08-18,2026-08-24,168,2026-08-18,2026-08-24
/Users/vidura/Code/big-weather/data/regional-2020-2025/raw/weather/location_id=lk_hatton/year=2026/weather-2026-08-25-2026-08-31.parquet,592c85522e5eb59e3f1629a8f7d505ba9d52b9df2df6856d015f0ca3e534f809,51346,04ce125a7ed382f49aafb8a712ff3cac0c9b8a569cf1eaba98275ff7d2210b31,lk_hatton,6.8916,80.5955,2026,2026-08-25,2026-08-31,168,2026-08-25,2026-08-31
/Users/vidura/Code/big-weather/data/regional-2020-2025/raw/weather/location_id=lk_horton_plains/year=2026/weather-2026-04-28-2026-05-04.parquet,aba956ee10d37458cb10606f1a5a13020fb00c12d4941f4c90cf3e9e9492234c,52260,3732930039e432dc6934984a659d27ceb79b7c9e6c3afdb9158ddd8dbbfb5b7d,lk_horton_plains,6.8021,80.807,2026,2026-04-28,2026-05-04,168,2026-04-28,2026-05-04
/Users/vidura/Code/big-weather/data/regional-2020-2025/raw/weather/location_id=lk_horton_plains/year=2026/weather-2026-05-05-2026-05-11.parquet,5aa0dd316953d44f16bd9b15e35b636a880fca46939e096cc31f53c72d7e9ca1,52750,255298ccd06c88ada03d48695ac95c14f0a2b15a937f1d4399f36f08cc46052a,lk_horton_plains,6.8021,80.807,2026,2026-05-05,2026-05-11,168,2026-05-05,2026-05-11
/Users/vidura/Code/big-weather/data/regional-2020-2025/raw/weather/location_id=lk_horton_plains/year=2026/weather-2026-05-12-2026-05-18.parquet,e6ff5ae4bfd29aadb749db3e25c59aaf3c8c2d2c1ab40030b143953c5213e2e2,52113,68a06a3fc27688c70fed9f361be809ee486ae93701d7cef98a1eae1ad2bd2bed,lk_horton_plains,6.8021,80.807,2026,2026-05-12,2026-05-18,168,2026-05-12,2026-05-18
/Users/vidura/Code/big-weather/data/regional-2020-2025/raw/weather/location_id=lk_horton_plains/year=2026/weather-2026-05-19-2026-05-25.parquet,3bf3b0a50ae733537bec0463922ad96e37b190ea7e2a9ef4b0eab5f75dbec81f,51198,c70b54a8ca3be4ecd6df9220314af046d7db49fef7f0f7d71f0de8cfa4997450,lk_horton_plains,6.8021,80.807,2026,2026-05-19,2026-05-25,168,2026-05-19,2026-05-25
/Users/vidura/Code/big-weather/data/regional-2020-2025/raw/weather/location_id=lk_horton_plains/year=2026/weather-2026-05-26-2026-06-01.parquet,b917d9e8a69bba650f736b7179ac2c5611b97ed2661028608296dac7aecfe710,51261,0988c1d27f463989814bf3c74ac915bb3941f2ce3a435fab0749d0c9b6e80d0f,lk_horton_plains,6.8021,80.807,2026,2026-05-26,2026-06-01,168,2026-05-26,2026-06-01
/Users/vidura/Code/big-weather/data/regional-2020-2025/raw/weather/location_id=lk_horton_plains/year=2026/weather-2026-06-02-2026-06-08.parquet,93771f0c2ba8a338747c9868ecc5ed2a60be8526628eda153e19e2c61b26a26e,51271,318adc72297c5db9157dd3100f7f7005a081961be2c9afb50d2dc0def59afafd,lk_horton_plains,6.8021,80.807,2026,2026-06-02,2026-06-08,168,2026-06-02,2026-06-08
/Users/vidura/Code/big-weather/data/regional-2020-2025/raw/weather/location_id=lk_horton_plains/year=2026/weather-2026-06-09-2026-06-15.parquet,e88633360379ce75d14d904e6b0ce447c7b0a39c0d7dcc42438697dc28f84929,51530,66cc096063b9fe73b95e1403449359c60206de4e5889d1f5bda633acd2270287,lk_horton_plains,6.8021,80.807,2026,2026-06-09,2026-06-15,168,2026-06-09,2026-06-15
/Users/vidura/Code/big-weather/data/regional-2020-2025/raw/weather/location_id=lk_horton_plains/year=2026/weather-2026-06-16-2026-06-22.parquet,227a98b58ecb6147f26f892ad2ef8ebd7172641a247c38ac0f825aa173abe074,51575,f0e05f9ca0c8fe0d8e62f9a4806e4394f8ae1bc765bb4fde5f9bd5ae66f9fe54,lk_horton_plains,6.8021,80.807,2026,2026-06-16,2026-06-22,168,2026-06-16,2026-06-22
/Users/vidura/Code/big-weather/data/regional-2020-2025/raw/weather/location_id=lk_horton_plains/year=2026/weather-2026-06-23-2026-06-29.parquet,22e843f00dc3c4d6a9958e057951db5df2f879337983dd1d63f4073714cfdfcc,51594,55bc2a69c98fe7277afa58de5aca344f57bde411f0bc17999b09525f57a3dde4,lk_horton_plains,6.8021,80.807,2026,2026-06-23,2026-06-29,168,2026-06-23,2026-06-29
/Users/vidura/Code/big-weather/data/regional-2020-2025/raw/weather/location_id=lk_horton_plains/year=2026/weather-2026-06-30-2026-07-06.parquet,b8c34bdaeef0ba92f67ecba56e1df4455c441a6aaf2bcd9131522874b9af5a29,51690,7e9c630193282f32447e39ebe08ef30e2cd409ac9c573f4affb2dc2a1f3cc34f,lk_horton_plains,6.8021,80.807,2026,2026-06-30,2026-07-06,168,2026-06-30,2026-07-06
/Users/vidura/Code/big-weather/data/regional-2020-2025/raw/weather/location_id=lk_horton_plains/year=2026/weather-2026-07-07-2026-07-13.parquet,cfaf16990ee295a937765e97a6fa90ba91cd3da7339686026fba70363c40a078,51359,3c1abf5022aaa580c2f75e1f9437eb3f47c10e188df742e5301b2e4a75ebbe92,lk_horton_plains,6.8021,80.807,2026,2026-07-07,2026-07-13,168,2026-07-07,2026-07-13
/Users/vidura/Code/big-weather/data/regional-2020-2025/raw/weather/location_id=lk_horton_plains/year=2026/weather-2026-07-14-2026-07-20.parquet,ca127352685a1e1db4ffc42965a5f028e77d5ccb607fae15b5cac28f2c386d51,51401,47636fbebb7ce57cd55b8ba0810f6c9e0549840ed78c00ff3c32c2cc2ba5b9d4,lk_horton_plains,6.8021,80.807,2026,2026-07-14,2026-07-20,168,2026-07-14,2026-07-20
/Users/vidura/Code/big-weather/data/regional-2020-2025/raw/weather/location_id=lk_horton_plains/year=2026/weather-2026-07-21-2026-07-27.parquet,41c1b6ac308ba9f51332c7499247b6732e3c15f289c6666373526053d9710626,51462,14214be30df0f2fb0cbd53712177f765e7cfe310b37ac1e2f82144780a002588,lk_horton_plains,6.8021,80.807,2026,2026-07-21,2026-07-27,168,2026-07-21,2026-07-27
/Users/vidura/Code/big-weather/data/regional-2020-2025/raw/weather/location_id=lk_horton_plains/year=2026/weather-2026-07-28-2026-08-03.parquet,92c7d9de7e7a1cffb999190ff874fc186bb43dcf3629ef8b8e48280b2c00bb57,51903,eba734ec9faaac70a62832da3fd0261f1199fdc5648201415c66e951514b43d0,lk_horton_plains,6.8021,80.807,2026,2026-07-28,2026-08-03,168,2026-07-28,2026-08-03
/Users/vidura/Code/big-weather/data/regional-2020-2025/raw/weather/location_id=lk_horton_plains/year=2026/weather-2026-08-04-2026-08-10.parquet,8980eb3981f3062ecbf82e407fd5807e2ae8839aa8f5047a7cf59e7754b3c5e6,51227,bb817173e7d8215f355337272e2707d4fdd3aa6df6abf19997d12ee9d4cf9163,lk_horton_plains,6.8021,80.807,2026,2026-08-04,2026-08-10,168,2026-08-04,2026-08-10
/Users/vidura/Code/big-weather/data/regional-2020-2025/raw/weather/location_id=lk_horton_plains/year=2026/weather-2026-08-11-2026-08-17.parquet,46e3601f0ae5653fba2cc5f20aa8d687540b9a78a08b4edeb41bf3be7a58987a,51015,ae4df1a9ca1783a7ec050b4b761db724b567dc22d6c3da5e8fe80a9d1d618815,lk_horton_plains,6.8021,80.807,2026,2026-08-11,2026-08-17,168,2026-08-11,2026-08-17
/Users/vidura/Code/big-weather/data/regional-2020-2025/raw/weather/location_id=lk_horton_plains/year=2026/weather-2026-08-18-2026-08-24.parquet,ea0cd18eec4d2275ee2286f1a2c045a2af0037f9255ae53c3cebeb18a7911897,50979,6381acdd83e61ea85472b691c2800cc5bdc86fd7c48ceb641fd905b79c353d53,lk_horton_plains,6.8021,80.807,2026,2026-08-18,2026-08-24,168,2026-08-18,2026-08-24
/Users/vidura/Code/big-weather/data/regional-2020-2025/raw/weather/location_id=lk_horton_plains/year=2026/weather-2026-08-25-2026-08-31.parquet,9b02da9344d3c91c84669bb2df2da047b294942243a8f96396d3fedac95ceee9,50859,5961cfbd1619aeb046a282dca9ef63353ef7036bd3bbbfd25abc470a862be61a,lk_horton_plains,6.8021,80.807,2026,2026-08-25,2026-08-31,168,2026-08-25,2026-08-31
/Users/vidura/Code/big-weather/data/regional-2020-2025/raw/weather/location_id=lk_jaffna/year=2020/weather.parquet,38f7b6e768c7e111e43d8934ab9ff634dacb895e06d236fa5f0ddb0e00cb3427,573977,b99da9b67545b658a5c7a52cdb8bf1efccd94278917f70a0aed55d961dc8a622,lk_jaffna,9.6615,80.0255,2020,2020-01-01,2020-12-31,8784,,
/Users/vidura/Code/big-weather/data/regional-2020-2025/raw/weather/location_id=lk_jaffna/year=2021/weather.parquet,d1aec7c5a52e14e38693712ef3202c57c0ad5ccc9e593fa0fb63660a100b4683,579236,eb5e4d52f1a6f8a9f14b15c36398f29e08f0132dba8e7fb0ecab8c192013aab4,lk_jaffna,9.6615,80.0255,2021,2021-01-01,2021-12-31,8760,,
/Users/vidura/Code/big-weather/data/regional-2020-2025/raw/weather/location_id=lk_jaffna/year=2022/weather.parquet,81cf27899201dec1da0d368a93394d297ba8780710cbc83fc53f7acaad41e43f,577352,5dc2de08d208e4bcdea75c81c3ee01288cf3d0db19010b21c54f7293f8d8e16b,lk_jaffna,9.6615,80.0255,2022,2022-01-01,2022-12-31,8760,,
/Users/vidura/Code/big-weather/data/regional-2020-2025/raw/weather/location_id=lk_jaffna/year=2023/weather.parquet,7a07940f44f8eedaa5dfcee41b6568b9a5b2ab3a2943d12ca8646275fc03cf17,575383,da2d6d64aedc4f1a5c65a5b11a730c825f090e53f375740b1fd06eee02b1d0b7,lk_jaffna,9.6615,80.0255,2023,2023-01-01,2023-12-31,8760,,
/Users/vidura/Code/big-weather/data/regional-2020-2025/raw/weather/location_id=lk_jaffna/year=2024/weather.parquet,134eceb4697e68f1fd7bfdf1aa56bff0ad5c04ac764f827030a8d1f0a0136877,568076,00c6a35922ee8e0a5f9fac99186ed43dbb6a068633641f37fa2f6d42e2451c65,lk_jaffna,9.6615,80.0255,2024,2024-01-01,2024-12-31,8784,,
/Users/vidura/Code/big-weather/data/regional-2020-2025/raw/weather/location_id=lk_jaffna/year=2025/weather.parquet,017048f87768001e8cc68f2dd2409df8ab582177a28933ddd5b80b35224e9bad,577972,47a2cf01a8cf7b02c84cc0d614ae268ec0094f77ce0816d7b77f41c8fc7f280b,lk_jaffna,9.6615,80.0255,2025,2025-01-01,2025-12-31,8760,,
/Users/vidura/Code/big-weather/data/regional-2020-2025/raw/weather/location_id=lk_jaffna/year=2026/weather-2026-04-28-2026-05-04.parquet,44a5502031171e9dbdd6d240bb074cde7215293715f8a6fc7ab047293413f407,50435,1504eb15c7f6481003cec618883c2181e7ca935a171738d477384f4fb54d5368,lk_jaffna,9.6615,80.0255,2026,2026-04-28,2026-05-04,168,2026-04-28,2026-05-04
/Users/vidura/Code/big-weather/data/regional-2020-2025/raw/weather/location_id=lk_jaffna/year=2026/weather-2026-05-05-2026-05-11.parquet,b1a76d30d44f9d789804d6d853abb32a21b7fe990a6ef00208610592d06718ee,53267,3ba7f25df6f17e50d85dbb8254c30e0e2ccd52958d4279cda71cb14be0b4f936,lk_jaffna,9.6615,80.0255,2026,2026-05-05,2026-05-11,168,2026-05-05,2026-05-11
/Users/vidura/Code/big-weather/data/regional-2020-2025/raw/weather/location_id=lk_jaffna/year=2026/weather-2026-05-12-2026-05-18.parquet,9be6fa4bc9181f300573a1cd7e853147fbdce41ec4b3bc60771708473a550062,52216,9669949bd03300cd490c58e3ea27c05406b5b74acbd94c1434188f422c26ef26,lk_jaffna,9.6615,80.0255,2026,2026-05-12,2026-05-18,168,2026-05-12,2026-05-18
/Users/vidura/Code/big-weather/data/regional-2020-2025/raw/weather/location_id=lk_jaffna/year=2026/weather-2026-05-19-2026-05-25.parquet,adf9c8889294c6e6924803f75c8d9f693c05425e9070f18ecdd31fb5bf6d761c,51102,194861e399980c6458f1ea07897562d843f67f9382e21faaeb5e313e3f31a976,lk_jaffna,9.6615,80.0255,2026,2026-05-19,2026-05-25,168,2026-05-19,2026-05-25
/Users/vidura/Code/big-weather/data/regional-2020-2025/raw/weather/location_id=lk_jaffna/year=2026/weather-2026-05-26-2026-06-01.parquet,99372abe5cbe34669bddbadc8c2c9166ed6e708e1d28ac1faf2062dc4062b225,49654,fc32ebdcc760ea8de503b9d915840b7e778df0d6c16b59ad2ebd41d10b4a269a,lk_jaffna,9.6615,80.0255,2026,2026-05-26,2026-06-01,168,2026-05-26,2026-06-01
/Users/vidura/Code/big-weather/data/regional-2020-2025/raw/weather/location_id=lk_jaffna/year=2026/weather-2026-06-02-2026-06-08.parquet,0a8d040c7146091bd96a62a366dfcea741ee4b069983e75cfbe0a58b7e4fda5f,50062,ee7088988c14f8176be406e374941af00a25bd07d53f9c27dab49c75e6384ff9,lk_jaffna,9.6615,80.0255,2026,2026-06-02,2026-06-08,168,2026-06-02,2026-06-08
/Users/vidura/Code/big-weather/data/regional-2020-2025/raw/weather/location_id=lk_jaffna/year=2026/weather-2026-06-09-2026-06-15.parquet,aa34425b6a03481516cba8ad2692389c2190973b06ea9445eb71bb84b800f49e,50756,2ca71b5c5ff5741225230e06c8e10017aa151a075d3fa3493be887fa429ee0ac,lk_jaffna,9.6615,80.0255,2026,2026-06-09,2026-06-15,168,2026-06-09,2026-06-15
/Users/vidura/Code/big-weather/data/regional-2020-2025/raw/weather/location_id=lk_jaffna/year=2026/weather-2026-06-16-2026-06-22.parquet,3a59ef239b18472a51a02b9005b42a73e3c9be26a633d45f39a5b87b7acbc7ee,50258,2d381ba660c90e8bfed7f779538ea0b5762e172d35b1e31059680976fee1d6f4,lk_jaffna,9.6615,80.0255,2026,2026-06-16,2026-06-22,168,2026-06-16,2026-06-22
/Users/vidura/Code/big-weather/data/regional-2020-2025/raw/weather/location_id=lk_jaffna/year=2026/weather-2026-06-23-2026-06-29.parquet,6ba8c9c0780bd42bc81c1c92fdf4a78a123c46c20779e9a6615251fc1696f1c9,50582,573213bb0b02754e296f2f5fda0ba5a72ad4b04c53dc301dd53f9244cfc6c396,lk_jaffna,9.6615,80.0255,2026,2026-06-23,2026-06-29,168,2026-06-23,2026-06-29
/Users/vidura/Code/big-weather/data/regional-2020-2025/raw/weather/location_id=lk_jaffna/year=2026/weather-2026-06-30-2026-07-06.parquet,34a17a43bb002d7210396d70850a3089d7406db90edbf299993ba298b86e4e31,51194,15a23d963a1e2fc60f3f5819ec6aaa48ffa6dbec7db4d8abc810d692b8efdd88,lk_jaffna,9.6615,80.0255,2026,2026-06-30,2026-07-06,168,2026-06-30,2026-07-06
/Users/vidura/Code/big-weather/data/regional-2020-2025/raw/weather/location_id=lk_jaffna/year=2026/weather-2026-07-07-2026-07-13.parquet,76ee19e9cb5fa7c4422b2818725c61be124bf0cad310aca92ba9e7d68b8ef4f5,50355,4ceb614ac43ff5dd68aa6e594d6bd9d0bf539951a592c377d184c0c1457729c0,lk_jaffna,9.6615,80.0255,2026,2026-07-07,2026-07-13,168,2026-07-07,2026-07-13
/Users/vidura/Code/big-weather/data/regional-2020-2025/raw/weather/location_id=lk_jaffna/year=2026/weather-2026-07-14-2026-07-20.parquet,47099b8b4eecce2ca6ed10c4a21b3ace104ddee5bc6971916fb24b9fd3c84dfe,50354,b90daa386ba02b2cd1fce47a6770d5b14c3f6d1d68b65b0c6666dc33e242bffe,lk_jaffna,9.6615,80.0255,2026,2026-07-14,2026-07-20,168,2026-07-14,2026-07-20
/Users/vidura/Code/big-weather/data/regional-2020-2025/raw/weather/location_id=lk_jaffna/year=2026/weather-2026-07-21-2026-07-27.parquet,0f7ff6046c4276b2e24c79c02d60d05fc3807f9c290e45814b7ccdd8570ae69a,50018,4cb6e9eaa81d8b6e967e15c33c3369cdb0a54ff31acfccb760b6b867eec02abf,lk_jaffna,9.6615,80.0255,2026,2026-07-21,2026-07-27,168,2026-07-21,2026-07-27
/Users/vidura/Code/big-weather/data/regional-2020-2025/raw/weather/location_id=lk_jaffna/year=2026/weather-2026-07-28-2026-08-03.parquet,6242ecca06c82096585a820fbf3c5ff66dbfb846d282184a3589862e4497f4a9,50358,afe76a9ed7a34863ef8c17092c4177d430aead861657df5a17d1d92b48fe732e,lk_jaffna,9.6615,80.0255,2026,2026-07-28,2026-08-03,168,2026-07-28,2026-08-03
/Users/vidura/Code/big-weather/data/regional-2020-2025/raw/weather/location_id=lk_jaffna/year=2026/weather-2026-08-04-2026-08-10.parquet,47006f45751532a3a4f02ef8fee2e7282bf465e6a43ed1d3d9f8a3f10f30ebfe,51779,323913fd1f7c619e861ea974759b6a81fe2aebf0bf0269084444959612604375,lk_jaffna,9.6615,80.0255,2026,2026-08-04,2026-08-10,168,2026-08-04,2026-08-10
/Users/vidura/Code/big-weather/data/regional-2020-2025/raw/weather/location_id=lk_jaffna/year=2026/weather-2026-08-11-2026-08-17.parquet,055d510e2351c50b6bc8d589354ddca9e976c53da9fd6339850af3b78aa1eee5,50383,18deaf6ed0bbb823f8fbd58d130f94d78f381d76dfb3417b5fc0098d6a23e646,lk_jaffna,9.6615,80.0255,2026,2026-08-11,2026-08-17,168,2026-08-11,2026-08-17
/Users/vidura/Code/big-weather/data/regional-2020-2025/raw/weather/location_id=lk_jaffna/year=2026/weather-2026-08-18-2026-08-24.parquet,287740f0bde37938a49f284514e0af4f20dea27e5bbfc7c76445069f5e9e31dd,50317,e658c86ae1dc0345846701a25af21b1432391305cfc40dfee445b9213ae895a4,lk_jaffna,9.6615,80.0255,2026,2026-08-18,2026-08-24,168,2026-08-18,2026-08-24
/Users/vidura/Code/big-weather/data/regional-2020-2025/raw/weather/location_id=lk_jaffna/year=2026/weather-2026-08-25-2026-08-31.parquet,1893d1227e0761b70e87bdfd1541ad74c27a8c0c142e2d75ba31746940655645,51344,28c68c8d130813d65f38c16a74747aa0b042aabefbcec1a0a700a678867198ab,lk_jaffna,9.6615,80.0255,2026,2026-08-25,2026-08-31,168,2026-08-25,2026-08-31
/Users/vidura/Code/big-weather/data/regional-2020-2025/raw/weather/location_id=lk_kandy/year=2020/weather.parquet,253b6f8a479e83933c536c87cc5bed735592425d3e5f198cb8fd205afe9c3976,572639,25e42564e3475addeb2a08167acbd5b0229b47b77e494191c4b8378eba343036,lk_kandy,7.2906,80.6337,2020,2020-01-01,2020-12-31,8784,,
/Users/vidura/Code/big-weather/data/regional-2020-2025/raw/weather/location_id=lk_kandy/year=2021/weather.parquet,5a4a362d097d94bc4345de8f471c9439b64f262e84ba35e236d51e3e2e163956,572910,e0fe354de01088f9bb96f7b7cf18fa544be3b87ce734d06911983f59c1bde5ea,lk_kandy,7.2906,80.6337,2021,2021-01-01,2021-12-31,8760,,
/Users/vidura/Code/big-weather/data/regional-2020-2025/raw/weather/location_id=lk_kandy/year=2022/weather.parquet,9304e7cedc8341828c5f01760a9faf9d1f357cfdb3a7ee732cc1ff701036a4ae,576760,54d7f34238e7b3386755a7cdb2f01ffdc0112ef16d03b73e3751967877e2018f,lk_kandy,7.2906,80.6337,2022,2022-01-01,2022-12-31,8760,,
/Users/vidura/Code/big-weather/data/regional-2020-2025/raw/weather/location_id=lk_kandy/year=2023/weather.parquet,667e899ca3d666f5b6fdc1a3e2aee3a3e906aa6ca512c05393dcd4926eca8b20,570659,a798d70cedf7e0ea2f7dc07944c5ca9e3a3a684cf3b823a1ab0e1fb4ae93819e,lk_kandy,7.2906,80.6337,2023,2023-01-01,2023-12-31,8760,,
/Users/vidura/Code/big-weather/data/regional-2020-2025/raw/weather/location_id=lk_kandy/year=2024/weather.parquet,fde303abe75d9c8f283a7ff1d10bfb05d86da0850016638f3fac093acd72c2ea,569994,ea4fb7fa8f84f841680aa8ccb461eb5713ef3a36f2bfbf57174dd4e8dc2cf60d,lk_kandy,7.2906,80.6337,2024,2024-01-01,2024-12-31,8784,,
/Users/vidura/Code/big-weather/data/regional-2020-2025/raw/weather/location_id=lk_kandy/year=2025/weather.parquet,39bc7994b221eaab2c0918606b4b3e80556b369078a39f20f217ecd4eaeb96ab,573732,15e4f6de2c282d8edf62043ca3f3a7ee7abd0dc17280c1ca276f49a39ac01e99,lk_kandy,7.2906,80.6337,2025,2025-01-01,2025-12-31,8760,,
/Users/vidura/Code/big-weather/data/regional-2020-2025/raw/weather/location_id=lk_kandy/year=2026/weather-2026-04-28-2026-05-04.parquet,2e3e139e494aa1eb32de56c8be61074b00a2049b01be9378707a106c91a6dd87,52572,ec100b85d0212ddf5545d445ce9abc3edeec8e40d1c4f4fc2f67bfe14372f5f0,lk_kandy,7.2906,80.6337,2026,2026-04-28,2026-05-04,168,2026-04-28,2026-05-04
/Users/vidura/Code/big-weather/data/regional-2020-2025/raw/weather/location_id=lk_kandy/year=2026/weather-2026-05-05-2026-05-11.parquet,51e24c922da0d2fb7eef099e50a52795f3c69056708274a0b84442871413008c,52554,79ab64b17ff14e2c35c75e95429a05b71e87c097b694f98f343cf1381412cc4c,lk_kandy,7.2906,80.6337,2026,2026-05-05,2026-05-11,168,2026-05-05,2026-05-11
/Users/vidura/Code/big-weather/data/regional-2020-2025/raw/weather/location_id=lk_kandy/year=2026/weather-2026-05-12-2026-05-18.parquet,e9fe21e5afadb8d5d58ed55df962215a18691f75d1d5636070127c93a7e7cd05,51993,551699dcddefd837f58d3b7a44c2d29e369f04e8ea37ef715f2a444e6b04af2c,lk_kandy,7.2906,80.6337,2026,2026-05-12,2026-05-18,168,2026-05-12,2026-05-18
/Users/vidura/Code/big-weather/data/regional-2020-2025/raw/weather/location_id=lk_kandy/year=2026/weather-2026-05-19-2026-05-25.parquet,0dce3dfdd64f390ba77ba0ca002c04cb1701f0f2377d79a69e6b893c8d448607,50985,baca20ad5bfe6b459e02468f84a344fb2bc6e385c4c27c1db6a80ef768f41625,lk_kandy,7.2906,80.6337,2026,2026-05-19,2026-05-25,168,2026-05-19,2026-05-25
/Users/vidura/Code/big-weather/data/regional-2020-2025/raw/weather/location_id=lk_kandy/year=2026/weather-2026-05-26-2026-06-01.parquet,11a2d0759824d9e664a921a05d090e68b55e7405856e98db03762f276b88eb5d,51588,ae365af54b24d6ffb38ecda3a0ed20e94e341e8e7bb18609ff533ee76a0c1523,lk_kandy,7.2906,80.6337,2026,2026-05-26,2026-06-01,168,2026-05-26,2026-06-01
/Users/vidura/Code/big-weather/data/regional-2020-2025/raw/weather/location_id=lk_kandy/year=2026/weather-2026-06-02-2026-06-08.parquet,7315d292700ed992f9329c0f6136895be5b524d8d009ba700c4ff6efda9fb37d,51485,371f3ff040fe64a3b897a88e93b3079d093d24b1dd8ab322351cae7c271ae3b6,lk_kandy,7.2906,80.6337,2026,2026-06-02,2026-06-08,168,2026-06-02,2026-06-08
/Users/vidura/Code/big-weather/data/regional-2020-2025/raw/weather/location_id=lk_kandy/year=2026/weather-2026-06-09-2026-06-15.parquet,57d2c9f882fa514329371961e433ff1a29be463c15bc6b6b7d84044ff5b7952d,51282,3edf6bf80a2bc5c4381e34aa285d433636427909241dab5f4ab83fb2186c89dc,lk_kandy,7.2906,80.6337,2026,2026-06-09,2026-06-15,168,2026-06-09,2026-06-15
/Users/vidura/Code/big-weather/data/regional-2020-2025/raw/weather/location_id=lk_kandy/year=2026/weather-2026-06-16-2026-06-22.parquet,642dbc6937e8a1246fd37458b5ce6fd85139abcdcc2555f6e7eec8d5efe7506d,51495,7c89d0ed63a534476bd452aed3f21ce5b77c78174d9f404cf5657cd6aa8959c4,lk_kandy,7.2906,80.6337,2026,2026-06-16,2026-06-22,168,2026-06-16,2026-06-22
/Users/vidura/Code/big-weather/data/regional-2020-2025/raw/weather/location_id=lk_kandy/year=2026/weather-2026-06-23-2026-06-29.parquet,3231eca3f885ee5e2d0faef2b0c127f420ae109d097e89b7a8911274c189cfa1,51553,e1c369a25c65cc1baaa74adaff37830e7a708224d7b9f99fb20f0685799ac8ff,lk_kandy,7.2906,80.6337,2026,2026-06-23,2026-06-29,168,2026-06-23,2026-06-29
/Users/vidura/Code/big-weather/data/regional-2020-2025/raw/weather/location_id=lk_kandy/year=2026/weather-2026-06-30-2026-07-06.parquet,4cbc350a1d8e0f0abbee41b9a9dc4e24e85161d41d643682f65f1fc99af82417,51547,ce7447605713ad8ab957e3e32e27ed0c614eb5a7e7783a0284561ce2d9e63db5,lk_kandy,7.2906,80.6337,2026,2026-06-30,2026-07-06,168,2026-06-30,2026-07-06
/Users/vidura/Code/big-weather/data/regional-2020-2025/raw/weather/location_id=lk_kandy/year=2026/weather-2026-07-07-2026-07-13.parquet,0c7441cf5f9ea171019e2a7f7c865c7289199fef086d7b2f20dacf78d6bd9d1d,51107,2e7c9aa139c9c9f82357e5e67d677cf8d861ddb141c64bc0dedb9fa20d3d7bc9,lk_kandy,7.2906,80.6337,2026,2026-07-07,2026-07-13,168,2026-07-07,2026-07-13
/Users/vidura/Code/big-weather/data/regional-2020-2025/raw/weather/location_id=lk_kandy/year=2026/weather-2026-07-14-2026-07-20.parquet,5a1f1c597cc91c614f6b0d08c2c33f3e37e964c0b2ce271432427c9b0b17c017,50950,4f2a4d498a9a79ff68a8e81e73ace1c88b23b80407e10257d5fa72c195f523c5,lk_kandy,7.2906,80.6337,2026,2026-07-14,2026-07-20,168,2026-07-14,2026-07-20
/Users/vidura/Code/big-weather/data/regional-2020-2025/raw/weather/location_id=lk_kandy/year=2026/weather-2026-07-21-2026-07-27.parquet,bbab778d9729e6cf843c79cac8e6b06b429eaef2845000874bf7397f94745dd2,51514,725c24b70b4fdb80234efa503393cb6df30d64c2555c841156a493f7aa58e6c8,lk_kandy,7.2906,80.6337,2026,2026-07-21,2026-07-27,168,2026-07-21,2026-07-27
/Users/vidura/Code/big-weather/data/regional-2020-2025/raw/weather/location_id=lk_kandy/year=2026/weather-2026-07-28-2026-08-03.parquet,1280a20e6a9dea15d257c5018628278e9d5f823b9b1c9a671541be9204ae196a,52150,0663c16cf260d8c5b4069a4027c3ed1875f657b67c74ec6de928b71bc782682b,lk_kandy,7.2906,80.6337,2026,2026-07-28,2026-08-03,168,2026-07-28,2026-08-03
/Users/vidura/Code/big-weather/data/regional-2020-2025/raw/weather/location_id=lk_kandy/year=2026/weather-2026-08-04-2026-08-10.parquet,61cb5b877748e04af2d005b450afd26f2e047e2a302c2cf526e20eb857ed31f5,51064,ae16fa877c62d9bf7fee578a1abe7116d3391087f25e5473928201340ba1f028,lk_kandy,7.2906,80.6337,2026,2026-08-04,2026-08-10,168,2026-08-04,2026-08-10
/Users/vidura/Code/big-weather/data/regional-2020-2025/raw/weather/location_id=lk_kandy/year=2026/weather-2026-08-11-2026-08-17.parquet,5a5a89987156127eb08a4c364c6c4ca989d76a3049a2d77c24ac77687b5d677d,51174,96af3100d61b11e6b3cd6ec479d11ec03f891afb303ef3756e66f5b7e81c363f,lk_kandy,7.2906,80.6337,2026,2026-08-11,2026-08-17,168,2026-08-11,2026-08-17
/Users/vidura/Code/big-weather/data/regional-2020-2025/raw/weather/location_id=lk_kandy/year=2026/weather-2026-08-18-2026-08-24.parquet,5e0b7a3c58c1bb9950e00f14e0fcd266af3a4a51772479ee163802cb05a51161,51145,7ae6973a6942e35219d511e897b14df898b1f5984997233306a798f3e71840b7,lk_kandy,7.2906,80.6337,2026,2026-08-18,2026-08-24,168,2026-08-18,2026-08-24
/Users/vidura/Code/big-weather/data/regional-2020-2025/raw/weather/location_id=lk_kandy/year=2026/weather-2026-08-25-2026-08-31.parquet,72afcf9179932d28d012cef1bf0dafffb627a8c3006490fd6b5d9cc3bc11a214,50641,1567e26af3e345a4a07596820c480d0bcb110edd5e2f8207ca416a9ed8fd0c18,lk_kandy,7.2906,80.6337,2026,2026-08-25,2026-08-31,168,2026-08-25,2026-08-31
/Users/vidura/Code/big-weather/data/regional-2020-2025/raw/weather/location_id=lk_kegalle/year=2020/weather.parquet,9fb74b8d365831a5801bcce6596a431564b497b2be829a6493a94661c305c4d0,576249,f3d28b1f88515a0a6dc018af90dc75c41ec4c139c6787bfaf0951d5e1f83f5c6,lk_kegalle,7.2513,80.3464,2020,2020-01-01,2020-12-31,8784,,
/Users/vidura/Code/big-weather/data/regional-2020-2025/raw/weather/location_id=lk_kegalle/year=2021/weather.parquet,1de03b441f5b6b7a73e11d545c04c15f16b9a52b84ac7c4b25217de7a1a41cd5,573884,bf9b46b225a324e36e1a1eb25665daa1f475532bc7d9742fb026a55bc64f1bbc,lk_kegalle,7.2513,80.3464,2021,2021-01-01,2021-12-31,8760,,
/Users/vidura/Code/big-weather/data/regional-2020-2025/raw/weather/location_id=lk_kegalle/year=2022/weather.parquet,fcd4a20da4634ab1911f305782aad48bbf91fe3e08bafb9607fb00c1fa1bfab0,579318,56a4fff9a436a2264110aa1a15d4be8e8e79a1bec0eb242309168608ab2bcd0a,lk_kegalle,7.2513,80.3464,2022,2022-01-01,2022-12-31,8760,,
/Users/vidura/Code/big-weather/data/regional-2020-2025/raw/weather/location_id=lk_kegalle/year=2023/weather.parquet,dd0ae993fd81847db6d3930674ab40159021859dc3a583970d16ea2cc7ca03f5,572716,66a7645927f01b94caaf3d90af28c0619b8cbf9c472a76ce0b96348687403bf3,lk_kegalle,7.2513,80.3464,2023,2023-01-01,2023-12-31,8760,,
/Users/vidura/Code/big-weather/data/regional-2020-2025/raw/weather/location_id=lk_kegalle/year=2024/weather.parquet,f80b077b861716aadd3d8d12981fada280edc209f18e3b962ee2854e696caad9,571556,2564df3d6fe24a194b648d65c02d9073931f46a12b54730a1266bd19ed7ed67e,lk_kegalle,7.2513,80.3464,2024,2024-01-01,2024-12-31,8784,,
/Users/vidura/Code/big-weather/data/regional-2020-2025/raw/weather/location_id=lk_kegalle/year=2025/weather.parquet,6006193084426a0bab4b6066fdbb2b829059336aa52b1a6be5f47d7c01d0b7a2,574093,8421b0f493672b3a28e56b2884e92a4f61a24cfe4df7d571b3ad806fedf561b4,lk_kegalle,7.2513,80.3464,2025,2025-01-01,2025-12-31,8760,,
/Users/vidura/Code/big-weather/data/regional-2020-2025/raw/weather/location_id=lk_kegalle/year=2026/weather-2026-04-28-2026-05-04.parquet,8a9c01d3a3bfe933c2e61ae872d6784798094c278b2cea1e4632473cdbec2ba7,52125,7dabb9974729ad01b58b849e306d8f9b0bdbc96f427abc64635a68bff0d714ba,lk_kegalle,7.2513,80.3464,2026,2026-04-28,2026-05-04,168,2026-04-28,2026-05-04
/Users/vidura/Code/big-weather/data/regional-2020-2025/raw/weather/location_id=lk_kegalle/year=2026/weather-2026-05-05-2026-05-11.parquet,5b29f05eddac7ecf457fcbb06a7d038a182caa2230533aa56dedbf6631797cfa,52656,70c49b60f2d60f6bc0a25859f0322eb784a15831b970c06320313b85fea2d64a,lk_kegalle,7.2513,80.3464,2026,2026-05-05,2026-05-11,168,2026-05-05,2026-05-11
/Users/vidura/Code/big-weather/data/regional-2020-2025/raw/weather/location_id=lk_kegalle/year=2026/weather-2026-05-12-2026-05-18.parquet,f2168887bc4b063a1e2ecaa15c27223e938f7de6b934284a6932c20c763d24d3,52499,ec384bf66153855faa37a9f41e0861588b604abdf71a0960b33152748cccb174,lk_kegalle,7.2513,80.3464,2026,2026-05-12,2026-05-18,168,2026-05-12,2026-05-18
/Users/vidura/Code/big-weather/data/regional-2020-2025/raw/weather/location_id=lk_kegalle/year=2026/weather-2026-05-19-2026-05-25.parquet,041d5511261f00571ff45aafc2a2fbbdd1aa7c3635f4da9c5151a3ff32d0a6bc,51121,89a62fab16431de3c73ba454a89cb7ae3cccbc7132cc920d6c008c9f093c55c0,lk_kegalle,7.2513,80.3464,2026,2026-05-19,2026-05-25,168,2026-05-19,2026-05-25
/Users/vidura/Code/big-weather/data/regional-2020-2025/raw/weather/location_id=lk_kegalle/year=2026/weather-2026-05-26-2026-06-01.parquet,370d82f0f1044a03d5a3300f2a4a0e7662ad128fe7dcaa039aac8cf13bcb4768,51369,7f77f90a9a73998b6c3fa8f7e31b704b1180cc372582e2d4d1957ccfb8f5a25f,lk_kegalle,7.2513,80.3464,2026,2026-05-26,2026-06-01,168,2026-05-26,2026-06-01
/Users/vidura/Code/big-weather/data/regional-2020-2025/raw/weather/location_id=lk_kegalle/year=2026/weather-2026-06-02-2026-06-08.parquet,090d5a6debf5108ca2c9c9dfb784835daac4ae037ae497b36d0458a8bd6a2480,51846,547429feee8d5ad558f9ecc4e5244fc9119dbfae3e6e665e644e54df2b1197d7,lk_kegalle,7.2513,80.3464,2026,2026-06-02,2026-06-08,168,2026-06-02,2026-06-08
/Users/vidura/Code/big-weather/data/regional-2020-2025/raw/weather/location_id=lk_kegalle/year=2026/weather-2026-06-09-2026-06-15.parquet,523aad1d11b02c7e7ae5a7891387c8d50aedc2056afb71c9122d60d5e82214d2,52044,ea50f9d72555c59dbdb8cd2065c21e6452e0f74bb643a6c87df7547920b733fa,lk_kegalle,7.2513,80.3464,2026,2026-06-09,2026-06-15,168,2026-06-09,2026-06-15
/Users/vidura/Code/big-weather/data/regional-2020-2025/raw/weather/location_id=lk_kegalle/year=2026/weather-2026-06-16-2026-06-22.parquet,aaf2be9277ad354a9616dfc28b1617135767b32e40d3fa7fda97440e61250cc4,51449,d00bc77837b5b2f8c35cabfa4c40d2d1a7bcad11633408a4bbd44c51539f4fb8,lk_kegalle,7.2513,80.3464,2026,2026-06-16,2026-06-22,168,2026-06-16,2026-06-22
/Users/vidura/Code/big-weather/data/regional-2020-2025/raw/weather/location_id=lk_kegalle/year=2026/weather-2026-06-23-2026-06-29.parquet,9e3b2b97da34b156140219a1df3731aeb158b8d6574ab33d6c2ae9644962ab9e,51730,80f6443fea1311e15c5e449991ede013455134291bd747edcd0c56a793601cd8,lk_kegalle,7.2513,80.3464,2026,2026-06-23,2026-06-29,168,2026-06-23,2026-06-29
/Users/vidura/Code/big-weather/data/regional-2020-2025/raw/weather/location_id=lk_kegalle/year=2026/weather-2026-06-30-2026-07-06.parquet,a02e146bc08e8a195a029071aac3ac63f2e3e72b0f0791dfcee0f82075ac32ff,52322,6c4cdb7668252d502c1a9d2f14093511744eb29632ea1a765006582ecdf9109c,lk_kegalle,7.2513,80.3464,2026,2026-06-30,2026-07-06,168,2026-06-30,2026-07-06
/Users/vidura/Code/big-weather/data/regional-2020-2025/raw/weather/location_id=lk_kegalle/year=2026/weather-2026-07-07-2026-07-13.parquet,d2ca728e7e6c75b4bb8cd7b6ad4b489ef8098d3ecc71701f4ba887f803b200db,51301,ec6e87a9f140d0e98cbeaef37bb87edbf1b47901c229a738b35bf511d758253b,lk_kegalle,7.2513,80.3464,2026,2026-07-07,2026-07-13,168,2026-07-07,2026-07-13
/Users/vidura/Code/big-weather/data/regional-2020-2025/raw/weather/location_id=lk_kegalle/year=2026/weather-2026-07-14-2026-07-20.parquet,d46a7b89b730e36bf9beb9fac59037b819fb657b263715a95a70a6d317931c3a,51262,7239309c80158800d7c0bdf8ca6e316fc319aa9412db23d0130d035f7a7af94c,lk_kegalle,7.2513,80.3464,2026,2026-07-14,2026-07-20,168,2026-07-14,2026-07-20
/Users/vidura/Code/big-weather/data/regional-2020-2025/raw/weather/location_id=lk_kegalle/year=2026/weather-2026-07-21-2026-07-27.parquet,768b39e6464977c6877d06f1149551d3b3a219bbe56d0cd3177a6f78d4fc329b,51599,fabaf62b7946ad9202e6582bf5064c3d764a8bda94f097a1000b51746a1e99ae,lk_kegalle,7.2513,80.3464,2026,2026-07-21,2026-07-27,168,2026-07-21,2026-07-27
/Users/vidura/Code/big-weather/data/regional-2020-2025/raw/weather/location_id=lk_kegalle/year=2026/weather-2026-07-28-2026-08-03.parquet,658f6594645c5933badff9b04317122614354afd805a5485e64b90a506ccb537,52676,a81ca6a2af193c5eb33e376d0e1eac18c2c30f6f2a4c17fcf9a15426296fc738,lk_kegalle,7.2513,80.3464,2026,2026-07-28,2026-08-03,168,2026-07-28,2026-08-03
/Users/vidura/Code/big-weather/data/regional-2020-2025/raw/weather/location_id=lk_kegalle/year=2026/weather-2026-08-04-2026-08-10.parquet,bcbd06e93ac32ee157e5b0d20c18df9dd294b92606fea2cd43181f4d8d79bbea,51422,3ed01bcba42a7c8a920f787fa9ea77ac345c2387a67a3a5382695167e6a1bc11,lk_kegalle,7.2513,80.3464,2026,2026-08-04,2026-08-10,168,2026-08-04,2026-08-10
/Users/vidura/Code/big-weather/data/regional-2020-2025/raw/weather/location_id=lk_kegalle/year=2026/weather-2026-08-11-2026-08-17.parquet,074d9832fc4a80d6f2540707fc3c3988b019ae29ad11f0fc03777cd4cf7b7d80,51213,457c011af65e4a6d5e4b14ca7310e129cf406c9ff2e14afe88bebaedcf14a215,lk_kegalle,7.2513,80.3464,2026,2026-08-11,2026-08-17,168,2026-08-11,2026-08-17
/Users/vidura/Code/big-weather/data/regional-2020-2025/raw/weather/location_id=lk_kegalle/year=2026/weather-2026-08-18-2026-08-24.parquet,aefab58f7ac32883afed18c068f0313628a324f5d8edfd371a4b312ad69f7bf8,51256,3f70f63e26bc2a8166668ca4da85c3d7426866318f52df8aec01e1f264d70b6b,lk_kegalle,7.2513,80.3464,2026,2026-08-18,2026-08-24,168,2026-08-18,2026-08-24
/Users/vidura/Code/big-weather/data/regional-2020-2025/raw/weather/location_id=lk_kegalle/year=2026/weather-2026-08-25-2026-08-31.parquet,eafbb9091d3275c41e94e8dba794de8841c00bfd0dc08cf57c91ebe684942a76,51341,a5e5e50a74af53daafa59aed0c42fb7bf593cf587aeda0221018d4f0ce9b61d9,lk_kegalle,7.2513,80.3464,2026,2026-08-25,2026-08-31,168,2026-08-25,2026-08-31
/Users/vidura/Code/big-weather/data/regional-2020-2025/raw/weather/location_id=lk_kurunegala/year=2020/weather.parquet,b82a8974c9af21c450a320223df483bd9efb610e901252662cc7bdead90ed23e,576437,fad995727964bb5ff34b516365f5f8db0249a0fd4409306e759c77a7016afbc1,lk_kurunegala,7.4863,80.3647,2020,2020-01-01,2020-12-31,8784,,
/Users/vidura/Code/big-weather/data/regional-2020-2025/raw/weather/location_id=lk_kurunegala/year=2021/weather.parquet,978b201a40d15f22164ce85ef6968fc5bd1ba9386af47ac963a59f9e84ac4cb8,575900,3ae55a216600ccf1fc51f9974f1276707cb2faaf86db204ddbd298fa2242bd88,lk_kurunegala,7.4863,80.3647,2021,2021-01-01,2021-12-31,8760,,
/Users/vidura/Code/big-weather/data/regional-2020-2025/raw/weather/location_id=lk_kurunegala/year=2022/weather.parquet,a82f66be13dba7a00f3af81b5d15a405d3cae0dfb05881649a3204999a03b750,579791,de43e2f304ef953bffae20330f06de6aab06fab3efb82ac0d82d055fc9c69404,lk_kurunegala,7.4863,80.3647,2022,2022-01-01,2022-12-31,8760,,
/Users/vidura/Code/big-weather/data/regional-2020-2025/raw/weather/location_id=lk_kurunegala/year=2023/weather.parquet,38e212ff51b79568ebce9cec724bdb746931f1a3398c325fa1fa89e7106d2b82,572871,2bae8fab6a76cad58dd5d9f1f3f356780c212ff0709bd0e65131a62ccdc6aea3,lk_kurunegala,7.4863,80.3647,2023,2023-01-01,2023-12-31,8760,,
/Users/vidura/Code/big-weather/data/regional-2020-2025/raw/weather/location_id=lk_kurunegala/year=2024/weather.parquet,ed11a58a71ed4f762411fa5a0e69ba468e298493874118a4d4edc45096ef8b43,571770,e466b16e0f80329f52434e82b84aaa0593e990468a65fd6dbdc3333f3d7ad631,lk_kurunegala,7.4863,80.3647,2024,2024-01-01,2024-12-31,8784,,
/Users/vidura/Code/big-weather/data/regional-2020-2025/raw/weather/location_id=lk_kurunegala/year=2025/weather.parquet,bff53cc26b83b27a5278f099cd7bc9915b2034052837afd728732cbd35d1f153,573319,800baff3a43c964ec389d0f89a60e2a4425a4971fdfcf6f9d3452c505b4cb9a8,lk_kurunegala,7.4863,80.3647,2025,2025-01-01,2025-12-31,8760,,
/Users/vidura/Code/big-weather/data/regional-2020-2025/raw/weather/location_id=lk_kurunegala/year=2026/weather-2026-04-28-2026-05-04.parquet,a259c1125606fc8cc113ea49afa2715b595e4b6ff30a909332857cb3930d05a4,52370,2fd1455590725174c1a9edaf6f8bafc447734b1fd40abcfb991c864a32890d03,lk_kurunegala,7.4863,80.3647,2026,2026-04-28,2026-05-04,168,2026-04-28,2026-05-04
/Users/vidura/Code/big-weather/data/regional-2020-2025/raw/weather/location_id=lk_kurunegala/year=2026/weather-2026-05-05-2026-05-11.parquet,c13ffd48e584c42e5833a27be0b132fade5ae38208030909cf1c46b9b45bd052,52982,1bed4478cdef5c26d56880223c5c6f7d653e15416fdc1cbb0b6b3b03ea699b16,lk_kurunegala,7.4863,80.3647,2026,2026-05-05,2026-05-11,168,2026-05-05,2026-05-11
/Users/vidura/Code/big-weather/data/regional-2020-2025/raw/weather/location_id=lk_kurunegala/year=2026/weather-2026-05-12-2026-05-18.parquet,c31c24f18678925ac5354961f697066dc09ebd5ef6b00bfd239b08ca83869db9,52635,a2cbab78f0f953a6b2abdc4350753471c4692e7d6b47a90a301799e5c2d9f89a,lk_kurunegala,7.4863,80.3647,2026,2026-05-12,2026-05-18,168,2026-05-12,2026-05-18
/Users/vidura/Code/big-weather/data/regional-2020-2025/raw/weather/location_id=lk_kurunegala/year=2026/weather-2026-05-19-2026-05-25.parquet,37358b9ac57c907d0fc443d742f41f9d3ce07238c481621c1467c10911a688d9,51161,897672c30d78ca5271072fe3b1e63ba02f878ca548c692243e3f54749629bb16,lk_kurunegala,7.4863,80.3647,2026,2026-05-19,2026-05-25,168,2026-05-19,2026-05-25
/Users/vidura/Code/big-weather/data/regional-2020-2025/raw/weather/location_id=lk_kurunegala/year=2026/weather-2026-05-26-2026-06-01.parquet,a87ce46d80de314139e014aba7f4d6690fb7e32e2dcbfa24ea711701d8311bbd,51326,b2dbfdcd6b6a7e642c518f84c7b66b1ed4c0ac8cfcaddc30c19c9a03c2bcad68,lk_kurunegala,7.4863,80.3647,2026,2026-05-26,2026-06-01,168,2026-05-26,2026-06-01
/Users/vidura/Code/big-weather/data/regional-2020-2025/raw/weather/location_id=lk_kurunegala/year=2026/weather-2026-06-02-2026-06-08.parquet,91da7812ed6ceecde60295680591a780a169c12c221731d3d1d7ac38e0b62b70,51702,6dc99df380571fd479aa5e3f21b5e7ee5933320cce60396453416a1db11425bb,lk_kurunegala,7.4863,80.3647,2026,2026-06-02,2026-06-08,168,2026-06-02,2026-06-08
/Users/vidura/Code/big-weather/data/regional-2020-2025/raw/weather/location_id=lk_kurunegala/year=2026/weather-2026-06-09-2026-06-15.parquet,31ac8b9fb48214683058abed0052b28015ac9cd2835fbd5bd9d0ac2fa04df640,51674,7d1a3525de22aedac5147449a2f42ac8679593df8c4ca6cf39feeeec010f8e95,lk_kurunegala,7.4863,80.3647,2026,2026-06-09,2026-06-15,168,2026-06-09,2026-06-15
/Users/vidura/Code/big-weather/data/regional-2020-2025/raw/weather/location_id=lk_kurunegala/year=2026/weather-2026-06-16-2026-06-22.parquet,86a2131ed3357416ddb6a6b5a058126bb78d4999fc4c328be33c49a47f827fc9,51242,2811fd02a080a91d3e9dae52a9de13d8b3fdda1ec27d11a42cf08af851108997,lk_kurunegala,7.4863,80.3647,2026,2026-06-16,2026-06-22,168,2026-06-16,2026-06-22
/Users/vidura/Code/big-weather/data/regional-2020-2025/raw/weather/location_id=lk_kurunegala/year=2026/weather-2026-06-23-2026-06-29.parquet,5ea0677e55c864e046b61744ccc4e3044ba280ee0ddb74e64d43b8b030a16661,51093,2235ab182cbed980d5ba49ec4804ed1c30d0a1a414a802f712fbd2c49c479390,lk_kurunegala,7.4863,80.3647,2026,2026-06-23,2026-06-29,168,2026-06-23,2026-06-29
/Users/vidura/Code/big-weather/data/regional-2020-2025/raw/weather/location_id=lk_kurunegala/year=2026/weather-2026-06-30-2026-07-06.parquet,b3abb9f565939495e24840ad1850d9ed6841ba9dcdd0c3b6dee67f6e70df465a,51641,c019cd9b8f5d43a07924b9eb2e19cd80aef214836a417006f8093bf6c5ff38be,lk_kurunegala,7.4863,80.3647,2026,2026-06-30,2026-07-06,168,2026-06-30,2026-07-06
/Users/vidura/Code/big-weather/data/regional-2020-2025/raw/weather/location_id=lk_kurunegala/year=2026/weather-2026-07-07-2026-07-13.parquet,2c9868dbf02331a19b9e9cc501df0594341dfbbab12279025fa47274c60d9ca5,51074,6a473c35eeb4796aaaebd9a7eb9350426022d6cc00317a3cca3b173a482c113e,lk_kurunegala,7.4863,80.3647,2026,2026-07-07,2026-07-13,168,2026-07-07,2026-07-13
/Users/vidura/Code/big-weather/data/regional-2020-2025/raw/weather/location_id=lk_kurunegala/year=2026/weather-2026-07-14-2026-07-20.parquet,0b37464d45d52f0684d9eeb74466d1966346d48601e9927a000827f416a8e4f3,50977,2a21f7079cda1f8fb9333469a09bde372f8cbc7120c891e8657bc82fbe3eeb9f,lk_kurunegala,7.4863,80.3647,2026,2026-07-14,2026-07-20,168,2026-07-14,2026-07-20
/Users/vidura/Code/big-weather/data/regional-2020-2025/raw/weather/location_id=lk_kurunegala/year=2026/weather-2026-07-21-2026-07-27.parquet,2b11546dc1dbf6cf8be3a6d902b7ff14bf8a85bf151d318694c4fbfadd088528,51342,0de0e3a418da01aa4796ea59e345dd6593882be68a7b6aae1fa87bd7c7d2d4af,lk_kurunegala,7.4863,80.3647,2026,2026-07-21,2026-07-27,168,2026-07-21,2026-07-27
/Users/vidura/Code/big-weather/data/regional-2020-2025/raw/weather/location_id=lk_kurunegala/year=2026/weather-2026-07-28-2026-08-03.parquet,8342df20d344e52eecfc43f07f6766248fdea0b885feb679a07129bd050af6b0,52160,2e91cd09d8b08b8deb929e6ce13b5b9eb9fdd2b7f94dc71c656d93f74ea8b005,lk_kurunegala,7.4863,80.3647,2026,2026-07-28,2026-08-03,168,2026-07-28,2026-08-03
/Users/vidura/Code/big-weather/data/regional-2020-2025/raw/weather/location_id=lk_kurunegala/year=2026/weather-2026-08-04-2026-08-10.parquet,dec0671568459b30df014649268114f0250ca0554b2fc8c9ece36aab00026d72,51228,dae7197a66e3698e02df96ce8973fb89f657b3920f07a4012d4158847769036e,lk_kurunegala,7.4863,80.3647,2026,2026-08-04,2026-08-10,168,2026-08-04,2026-08-10
/Users/vidura/Code/big-weather/data/regional-2020-2025/raw/weather/location_id=lk_kurunegala/year=2026/weather-2026-08-11-2026-08-17.parquet,3094b1f4a20bf6bd11b7555a25e1f50e85bc9dcea0273ccc5c4872ac896fc4e0,50882,e999956d33d701f831c3935a314e60fbc6574ca81a51a9807bdea8f3ca9269b7,lk_kurunegala,7.4863,80.3647,2026,2026-08-11,2026-08-17,168,2026-08-11,2026-08-17
/Users/vidura/Code/big-weather/data/regional-2020-2025/raw/weather/location_id=lk_kurunegala/year=2026/weather-2026-08-18-2026-08-24.parquet,b44a90cb50478585f127cfe29aca1c034a46d4c17959d191eeee984750cf8141,51297,2f980a5a5eb2b0fcfba8e2ffd1aaec303b1ec716a35c0ef54dabc6b3b58fccf2,lk_kurunegala,7.4863,80.3647,2026,2026-08-18,2026-08-24,168,2026-08-18,2026-08-24
/Users/vidura/Code/big-weather/data/regional-2020-2025/raw/weather/location_id=lk_kurunegala/year=2026/weather-2026-08-25-2026-08-31.parquet,2cc162099a01bfc75b0cde5148db9fbf249842920e062e3ae70103caa7f8d6bd,51112,46e553d0e1c9676e8e1ad1fc27e82da4dd25920583688f795414bb517a303807,lk_kurunegala,7.4863,80.3647,2026,2026-08-25,2026-08-31,168,2026-08-25,2026-08-31
/Users/vidura/Code/big-weather/data/regional-2020-2025/raw/weather/location_id=lk_mannar/year=2020/weather.parquet,f6c499f9e3238f0641aa90e35b7178092e8e0d4d0a86a72c24cb89bcf0a2cad8,573053,89d9d7f1b53950853bfffec35ac255f55979d5c1ba298d4b45444eed5b8b60ec,lk_mannar,8.981,79.9044,2020,2020-01-01,2020-12-31,8784,,
/Users/vidura/Code/big-weather/data/regional-2020-2025/raw/weather/location_id=lk_mannar/year=2021/weather.parquet,d65bcceedc090ddd6c303edef237bc553181e4c98ac7367a7e933904531024f4,578868,97ae3786fdb2de37972cf7d165169632628c6b4ec8604243a236484a9086dfb9,lk_mannar,8.981,79.9044,2021,2021-01-01,2021-12-31,8760,,
/Users/vidura/Code/big-weather/data/regional-2020-2025/raw/weather/location_id=lk_mannar/year=2022/weather.parquet,b799dd7f48ae36cd54bb367b04f121cc19d0c0c592274a351f969d08705f5936,577937,a4d4f2afbe132adcd16bb6c34dd8e67c061defe8291d0a54f56d9b493f57edf8,lk_mannar,8.981,79.9044,2022,2022-01-01,2022-12-31,8760,,
/Users/vidura/Code/big-weather/data/regional-2020-2025/raw/weather/location_id=lk_mannar/year=2023/weather.parquet,fbba5bc1a2c0107676ce3b933509b2d3cb47e35282007bc4e16350a870ea8880,576051,942e1a80d708eb7756ac74117f505392eb8df1a00334b1753ed7e88842699439,lk_mannar,8.981,79.9044,2023,2023-01-01,2023-12-31,8760,,
/Users/vidura/Code/big-weather/data/regional-2020-2025/raw/weather/location_id=lk_mannar/year=2024/weather.parquet,ffff0ca8872a6018cf7479ee3b0d2dfb28205d441a2343d758fc70466c407b86,567776,299bb8a49f3062c53a31bcc8777e9c1d658eb47c4ab1be2f8bf68a30ca5631d1,lk_mannar,8.981,79.9044,2024,2024-01-01,2024-12-31,8784,,
/Users/vidura/Code/big-weather/data/regional-2020-2025/raw/weather/location_id=lk_mannar/year=2025/weather.parquet,a96a7ffcdde79748a496bd451b9046f96e6cacda7509f6beb6f259cfa5fdb24a,577268,1fd05053cef3ea399625b0bf6cbd93ee88b856d4d47ddb9f530a50279c48c789,lk_mannar,8.981,79.9044,2025,2025-01-01,2025-12-31,8760,,
/Users/vidura/Code/big-weather/data/regional-2020-2025/raw/weather/location_id=lk_mannar/year=2026/weather-2026-04-28-2026-05-04.parquet,7a0e94c8d7ea10c6ce58e7855a44134691c234a343ca87b607afff489c14396d,51228,a194d49bfe274e6d9820d0b4cf669671543f744c5587986a245cfd55aceac426,lk_mannar,8.981,79.9044,2026,2026-04-28,2026-05-04,168,2026-04-28,2026-05-04
/Users/vidura/Code/big-weather/data/regional-2020-2025/raw/weather/location_id=lk_mannar/year=2026/weather-2026-05-05-2026-05-11.parquet,8a2a706943f6add7a7e3d98ca4fbd071356fb0f63d644a753592e57a80b85362,53405,31b729570a4cb923838d9a28b70f1e414056023e334c7a6f879607e7fd1e11cf,lk_mannar,8.981,79.9044,2026,2026-05-05,2026-05-11,168,2026-05-05,2026-05-11
/Users/vidura/Code/big-weather/data/regional-2020-2025/raw/weather/location_id=lk_mannar/year=2026/weather-2026-05-12-2026-05-18.parquet,afca919b36339604dbc597e9f7ba4ae23c86f9b673fe8e349d9bd81cb2157269,52803,27d35b9b4b662cf942d5e48d1694fcdc62b76e6dc94d8f5753194f972078a5cf,lk_mannar,8.981,79.9044,2026,2026-05-12,2026-05-18,168,2026-05-12,2026-05-18
/Users/vidura/Code/big-weather/data/regional-2020-2025/raw/weather/location_id=lk_mannar/year=2026/weather-2026-05-19-2026-05-25.parquet,e89e3a0eefb04ea2f402d8f6e19e66cf2d405269bcde5ab412c6407cbb412622,50894,c7aef4da960cf4292b3dbacae92034ddd842abb736fccac2156307bd11b5c04b,lk_mannar,8.981,79.9044,2026,2026-05-19,2026-05-25,168,2026-05-19,2026-05-25
/Users/vidura/Code/big-weather/data/regional-2020-2025/raw/weather/location_id=lk_mannar/year=2026/weather-2026-05-26-2026-06-01.parquet,6062b4f5382f671863f48ab0abf5331323ad7b972cfc396cd4629c3c292d7674,50102,eb3e20dfb6f6b523c514da4d84bafb5bd8505c5a2d7a950567594ec8da80127e,lk_mannar,8.981,79.9044,2026,2026-05-26,2026-06-01,168,2026-05-26,2026-06-01
/Users/vidura/Code/big-weather/data/regional-2020-2025/raw/weather/location_id=lk_mannar/year=2026/weather-2026-06-02-2026-06-08.parquet,fec7ca3c794a33686a2c3b7b53fb840be78bf7d3e33b8e149f8e3d71bcca2fe8,50201,4b2d51c5cb17acd2035c5e8deded7ae74c94670f7ea7b2690f762d1433cd9f04,lk_mannar,8.981,79.9044,2026,2026-06-02,2026-06-08,168,2026-06-02,2026-06-08
/Users/vidura/Code/big-weather/data/regional-2020-2025/raw/weather/location_id=lk_mannar/year=2026/weather-2026-06-09-2026-06-15.parquet,b8a5d04ec0deae3bdee01cdfe61edce5cb85c1752a0f7887cf43fdeae8f6ab19,50630,777832bb8a7c2b62a1757eb9b367740b95a68c7d6bdf06cfe5702764884399f8,lk_mannar,8.981,79.9044,2026,2026-06-09,2026-06-15,168,2026-06-09,2026-06-15
/Users/vidura/Code/big-weather/data/regional-2020-2025/raw/weather/location_id=lk_mannar/year=2026/weather-2026-06-16-2026-06-22.parquet,bab98db5dc0d9040621cdd0fd8c0948fc79ae06c7b3692e96d0dea9b3f5bf6a0,49930,3e623576c62e9ba63ea05ca197b9a9ab5f43da4c05fd603e0419f703bcd6e190,lk_mannar,8.981,79.9044,2026,2026-06-16,2026-06-22,168,2026-06-16,2026-06-22
/Users/vidura/Code/big-weather/data/regional-2020-2025/raw/weather/location_id=lk_mannar/year=2026/weather-2026-06-23-2026-06-29.parquet,1aeefe59c2131970a496be2d8cda0432fb440f66c50e45b961be128df3ccea3e,50227,191006f2a1ad18e48c37d8629d59cea2b67ab7eb894206f9fb4c52571cc61c07,lk_mannar,8.981,79.9044,2026,2026-06-23,2026-06-29,168,2026-06-23,2026-06-29
/Users/vidura/Code/big-weather/data/regional-2020-2025/raw/weather/location_id=lk_mannar/year=2026/weather-2026-06-30-2026-07-06.parquet,2be1610584651ee4743393313f8b3772f8775f0ae2031428eabdffcf993c6fd7,50522,405de879db8f612eea632a455eb4b8dbe6e6b0a62410215580f1a2c59cd7646c,lk_mannar,8.981,79.9044,2026,2026-06-30,2026-07-06,168,2026-06-30,2026-07-06
/Users/vidura/Code/big-weather/data/regional-2020-2025/raw/weather/location_id=lk_mannar/year=2026/weather-2026-07-07-2026-07-13.parquet,a05fd85decb64ba9019d1b04f4d31b194f43d5e193934718aaac52a556a46512,50008,fe777e9d5e87e5cbc5ae3fe88cb87465ecd54b2806e2045f5019e10a6f367f32,lk_mannar,8.981,79.9044,2026,2026-07-07,2026-07-13,168,2026-07-07,2026-07-13
/Users/vidura/Code/big-weather/data/regional-2020-2025/raw/weather/location_id=lk_mannar/year=2026/weather-2026-07-14-2026-07-20.parquet,4ebd24eafcd1cce90e3bb626f9f96beea314526065d1688c673a59bce5775ef2,50040,3a883e35d9d3334e2a7666f60e059ca27b69b78d1dcc0934b05a8a383038583e,lk_mannar,8.981,79.9044,2026,2026-07-14,2026-07-20,168,2026-07-14,2026-07-20
/Users/vidura/Code/big-weather/data/regional-2020-2025/raw/weather/location_id=lk_mannar/year=2026/weather-2026-07-21-2026-07-27.parquet,ed22e861d4be4d36236429d58c63f0e58451971c6a2def6cd533ebf1be9d702d,49737,88b2676b5104c025d72b0b11e6109ececdc28521019a832bd2f2d7c0123f441c,lk_mannar,8.981,79.9044,2026,2026-07-21,2026-07-27,168,2026-07-21,2026-07-27
/Users/vidura/Code/big-weather/data/regional-2020-2025/raw/weather/location_id=lk_mannar/year=2026/weather-2026-07-28-2026-08-03.parquet,4ee2e3c88e5a8a2bcd73ec65a13d15d3b49c00589a97786500f92bf89ea0108f,50307,bb62be80665a0c57803bf5e556a7f8cf226dbfc5a834d9e54aa357b83b55eb5d,lk_mannar,8.981,79.9044,2026,2026-07-28,2026-08-03,168,2026-07-28,2026-08-03
/Users/vidura/Code/big-weather/data/regional-2020-2025/raw/weather/location_id=lk_mannar/year=2026/weather-2026-08-04-2026-08-10.parquet,581bdbcc90610ec7512d24ebb46b24d2da95225f688cd8505fe82ec12f3ac791,50693,9fad5a7a8b233c1b06a51ca24bf7dd3dbe768141970e55851caaf8373f572414,lk_mannar,8.981,79.9044,2026,2026-08-04,2026-08-10,168,2026-08-04,2026-08-10
/Users/vidura/Code/big-weather/data/regional-2020-2025/raw/weather/location_id=lk_mannar/year=2026/weather-2026-08-11-2026-08-17.parquet,780006e2ec5d1637a9c8beb840e34bf8a926b9b59df17c69cca5cd469593d187,49806,97315356c0246358073f7f83618be694d56d1bf8de01c69b89890aa73c294c3e,lk_mannar,8.981,79.9044,2026,2026-08-11,2026-08-17,168,2026-08-11,2026-08-17
/Users/vidura/Code/big-weather/data/regional-2020-2025/raw/weather/location_id=lk_mannar/year=2026/weather-2026-08-18-2026-08-24.parquet,d320e266395e807663da1981ba43aeffbb9728cd50ab92a7db4c7f192ae09731,49506,f9f6622095286f93648c2ec9f859b73f3d851401327ba303a0a482117b709604,lk_mannar,8.981,79.9044,2026,2026-08-18,2026-08-24,168,2026-08-18,2026-08-24
/Users/vidura/Code/big-weather/data/regional-2020-2025/raw/weather/location_id=lk_mannar/year=2026/weather-2026-08-25-2026-08-31.parquet,1e9fc1ac95ab91a2d2fbe29191054a7811cb192cd3c4a33f7321641925382665,50012,936ee91a3db45fb6f4a4d1c77751b70e70d540f021b19d5c879661e6a66da2bc,lk_mannar,8.981,79.9044,2026,2026-08-25,2026-08-31,168,2026-08-25,2026-08-31
/Users/vidura/Code/big-weather/data/regional-2020-2025/raw/weather/location_id=lk_matale/year=2020/weather.parquet,b804b4088a4bd98e02cb6bff560e2588577c76c40b91b1d6f6c1b0fff3638af7,574827,0d171239e980ad0f90c72e7251d479c3950939677984310b42a1b85117c43a0e,lk_matale,7.4675,80.6234,2020,2020-01-01,2020-12-31,8784,,
/Users/vidura/Code/big-weather/data/regional-2020-2025/raw/weather/location_id=lk_matale/year=2021/weather.parquet,b7a1e6ccb70f05333305b77bafcdbe55ace0a9c3f0b5b9c055c04b1ec373f1bf,570743,70321e19855f9a1d19561f75bf903175ae36deb8c1970580309a05cd385bf80a,lk_matale,7.4675,80.6234,2021,2021-01-01,2021-12-31,8760,,
/Users/vidura/Code/big-weather/data/regional-2020-2025/raw/weather/location_id=lk_matale/year=2022/weather.parquet,472283fda1258421ca3b8a4ed6c43936a6ebcb22fad03cb7db7d6335d8cdfe76,576349,324222653437b1a22da611b4def5af6f04075b5debd3f142294ab76735b14b17,lk_matale,7.4675,80.6234,2022,2022-01-01,2022-12-31,8760,,
/Users/vidura/Code/big-weather/data/regional-2020-2025/raw/weather/location_id=lk_matale/year=2023/weather.parquet,893a63c1dba818615f92e2efa8e0f24f0eb059b8e8f7ba203867b3e906c2c691,577108,4bb9e790c11e65afbc26d53877c5733819bc18c28622497fa5d795a9a7df5381,lk_matale,7.4675,80.6234,2023,2023-01-01,2023-12-31,8760,,
/Users/vidura/Code/big-weather/data/regional-2020-2025/raw/weather/location_id=lk_matale/year=2024/weather.parquet,83ae5f7f94ec8b711a9357d9177da9e3673a990253492a6f8cf7a294cb3636ce,570554,9e2232daba404437ab71355016da9c6cbddc8c335fa331edab7201a3c42a3866,lk_matale,7.4675,80.6234,2024,2024-01-01,2024-12-31,8784,,
/Users/vidura/Code/big-weather/data/regional-2020-2025/raw/weather/location_id=lk_matale/year=2025/weather.parquet,ddf685e4746d213825f47e8f86154b1e412b14ebfd4db0ae32a7fd2dbaf2fb74,575617,0a4c1571fa87c4f0c070b79356ce9134f544bc90e423553c4be8926fdd5cc612,lk_matale,7.4675,80.6234,2025,2025-01-01,2025-12-31,8760,,
/Users/vidura/Code/big-weather/data/regional-2020-2025/raw/weather/location_id=lk_matale/year=2026/weather-2026-04-28-2026-05-04.parquet,0a369c4dc34cab58141d2cdb708a6d60bdb4d11e7bffc8dec5fc708e01bb99e7,52729,356d38d21f8caa2dfee29ac77228af44ff3e46efbf6c974ee3f84607b21f4ecc,lk_matale,7.4675,80.6234,2026,2026-04-28,2026-05-04,168,2026-04-28,2026-05-04
/Users/vidura/Code/big-weather/data/regional-2020-2025/raw/weather/location_id=lk_matale/year=2026/weather-2026-05-05-2026-05-11.parquet,33dcc41dc14eb0b3b208fa17b91e915a474ae6aa0b7d811f500c1770111644bc,52769,eb54193d489376ff58c0b4b6afe294ca2b1b353f769f2ee5ddbedf955706d7d5,lk_matale,7.4675,80.6234,2026,2026-05-05,2026-05-11,168,2026-05-05,2026-05-11
/Users/vidura/Code/big-weather/data/regional-2020-2025/raw/weather/location_id=lk_matale/year=2026/weather-2026-05-12-2026-05-18.parquet,2ea4fa1515c4b06b8905f9add82a9e9fdbb6f0de1da3c221069ab4eb2f91d1a3,52419,f56beede0622cee64ef0432bdf3ad5e17897162e57f455c90cc801654b882c4f,lk_matale,7.4675,80.6234,2026,2026-05-12,2026-05-18,168,2026-05-12,2026-05-18
/Users/vidura/Code/big-weather/data/regional-2020-2025/raw/weather/location_id=lk_matale/year=2026/weather-2026-05-19-2026-05-25.parquet,9b5eff6ff6dacc6432ab695f64b676857b520a14257fe9d301a36d805f8d1151,51272,94c97db7924866156dd61ac4216bcd316ea03d8a1cec05a3c1678b9c85352c03,lk_matale,7.4675,80.6234,2026,2026-05-19,2026-05-25,168,2026-05-19,2026-05-25
/Users/vidura/Code/big-weather/data/regional-2020-2025/raw/weather/location_id=lk_matale/year=2026/weather-2026-05-26-2026-06-01.parquet,7908e4b1c4541d3d112e000c23b65c08d33033685b5e99d4ec6cd2065f4002f0,51440,e276a927c34d3520cb6aba327bcaeb47c8e1fa90413953692f9a5724fc213975,lk_matale,7.4675,80.6234,2026,2026-05-26,2026-06-01,168,2026-05-26,2026-06-01
/Users/vidura/Code/big-weather/data/regional-2020-2025/raw/weather/location_id=lk_matale/year=2026/weather-2026-06-02-2026-06-08.parquet,f1e381a117ae74c28158f476dc39a0211c67c530f26daa8f477afb47f27294fa,51577,4d1d4eb115ae5f2a40013f172bd7a23a2cc447110cfb6407732f1297bb10364e,lk_matale,7.4675,80.6234,2026,2026-06-02,2026-06-08,168,2026-06-02,2026-06-08
/Users/vidura/Code/big-weather/data/regional-2020-2025/raw/weather/location_id=lk_matale/year=2026/weather-2026-06-09-2026-06-15.parquet,9e1e7477ae720900829688df453dea2c1931b1577caa972ea3ca8c506d6b0d09,51352,62375e99b40344ee435ed469c6dc5c90806ef7154ca66c54eab782e20936fcb6,lk_matale,7.4675,80.6234,2026,2026-06-09,2026-06-15,168,2026-06-09,2026-06-15
/Users/vidura/Code/big-weather/data/regional-2020-2025/raw/weather/location_id=lk_matale/year=2026/weather-2026-06-16-2026-06-22.parquet,fa6bfbd76af0dde0e59f09a31063c10c1cb3c849831d6d50f79cdddd58b7befd,51284,1e9e736b90dea0188e8d1dab2b7f97271b3266de5ba54053f5618efe748c5fc7,lk_matale,7.4675,80.6234,2026,2026-06-16,2026-06-22,168,2026-06-16,2026-06-22
/Users/vidura/Code/big-weather/data/regional-2020-2025/raw/weather/location_id=lk_matale/year=2026/weather-2026-06-23-2026-06-29.parquet,34a01636f758e253cafa5373c26246778f80af8e46574258c7bae68533cd0439,50908,3807c254a1e8aa6202d0a3fed1b70e11075efe12c8e20fb4f8ed211b83359c6f,lk_matale,7.4675,80.6234,2026,2026-06-23,2026-06-29,168,2026-06-23,2026-06-29
/Users/vidura/Code/big-weather/data/regional-2020-2025/raw/weather/location_id=lk_matale/year=2026/weather-2026-06-30-2026-07-06.parquet,6f604ea126d5971d81b2bf1f7efa7fdbbfcd831b4d5563ec68cbf463eb89d34b,51610,5d246771e7ceb96f11fc1dffe37e6a3a088f3f64ee984e9036a4d1814b52c59d,lk_matale,7.4675,80.6234,2026,2026-06-30,2026-07-06,168,2026-06-30,2026-07-06
/Users/vidura/Code/big-weather/data/regional-2020-2025/raw/weather/location_id=lk_matale/year=2026/weather-2026-07-07-2026-07-13.parquet,5c6440450015fc354ab42283d9d35d7239df9774e894f9cb4bce8f97c36fd7cc,50940,75d98f7572e88edf7da3049d987c391fe923ca66f8b274980256cb7c9dda5251,lk_matale,7.4675,80.6234,2026,2026-07-07,2026-07-13,168,2026-07-07,2026-07-13
/Users/vidura/Code/big-weather/data/regional-2020-2025/raw/weather/location_id=lk_matale/year=2026/weather-2026-07-14-2026-07-20.parquet,f24e051c78448fdf3d2c9320731ddff30188eeff5d2448fe004166c44c9ad91a,50992,081f41b384a0c1847c002940eb3252681f6ef8e0b63e99a41ba065b9ed852c5e,lk_matale,7.4675,80.6234,2026,2026-07-14,2026-07-20,168,2026-07-14,2026-07-20
/Users/vidura/Code/big-weather/data/regional-2020-2025/raw/weather/location_id=lk_matale/year=2026/weather-2026-07-21-2026-07-27.parquet,4241cffceb03f34574c14cc189f620355c772fbd66dd1ad2cb0524ec1460201a,51402,476455bdb6493f76b03fd733f803030099004a4836454c08883a0ac3ee463c49,lk_matale,7.4675,80.6234,2026,2026-07-21,2026-07-27,168,2026-07-21,2026-07-27
/Users/vidura/Code/big-weather/data/regional-2020-2025/raw/weather/location_id=lk_matale/year=2026/weather-2026-07-28-2026-08-03.parquet,9c02d499a7805d6ef34fb49012161234d88ad8a95d17574c01deebf3a789ef68,52371,7d87cad0b7398d372744a82a2e376f1465f8ecd46f742c9954793e562cae2334,lk_matale,7.4675,80.6234,2026,2026-07-28,2026-08-03,168,2026-07-28,2026-08-03
/Users/vidura/Code/big-weather/data/regional-2020-2025/raw/weather/location_id=lk_matale/year=2026/weather-2026-08-04-2026-08-10.parquet,8ac857e9e7e71966dface16b1590f95b33e391671f8b6c2a996c9dc922dd0ca7,51229,07d465376c54aeaf6ff04958184b858d16bb7f644536941542950a9470adbc92,lk_matale,7.4675,80.6234,2026,2026-08-04,2026-08-10,168,2026-08-04,2026-08-10
/Users/vidura/Code/big-weather/data/regional-2020-2025/raw/weather/location_id=lk_matale/year=2026/weather-2026-08-11-2026-08-17.parquet,cbbce321c300e49c5b26e4a17e96e1e1bc11473a9577d066b2f03706b8af4f95,51121,f99bc21915b15cf084173a36830263103e5a141a2955d857bd62ef9e2fdd75d5,lk_matale,7.4675,80.6234,2026,2026-08-11,2026-08-17,168,2026-08-11,2026-08-17
/Users/vidura/Code/big-weather/data/regional-2020-2025/raw/weather/location_id=lk_matale/year=2026/weather-2026-08-18-2026-08-24.parquet,d07fb122d9e7c0b418c95412b3f8b4f2a02ee65242400629e8c3807978de5c24,51334,23ec12b4cdb0174d947e932150e176f5ff221311b8355f4136266fda91be09db,lk_matale,7.4675,80.6234,2026,2026-08-18,2026-08-24,168,2026-08-18,2026-08-24
/Users/vidura/Code/big-weather/data/regional-2020-2025/raw/weather/location_id=lk_matale/year=2026/weather-2026-08-25-2026-08-31.parquet,ba1512d63caba28f08edaa1ce326d3940996a35c7a16ed66055fbdc0b54705cf,50922,16d547413819995955851deddd1474f4ea3d610c7363216f64fca47e14e913fc,lk_matale,7.4675,80.6234,2026,2026-08-25,2026-08-31,168,2026-08-25,2026-08-31
/Users/vidura/Code/big-weather/data/regional-2020-2025/raw/weather/location_id=lk_matara/year=2020/weather.parquet,568db3d1953b72c7363b35edcb4c99c0dfb4c2d9640959dabd6a5155dc3de1d7,572072,cbcd72610f8f5a2cd0e96e6cd10c59bf27f02af5ad493df4e7b4b4d436718bc5,lk_matara,5.9549,80.555,2020,2020-01-01,2020-12-31,8784,,
/Users/vidura/Code/big-weather/data/regional-2020-2025/raw/weather/location_id=lk_matara/year=2021/weather.parquet,5ac25c0f2efd327060e841b67fe2acfb9a26b93b80e390fb95775ed6ab27826e,568445,c7a002654987076c0a7d9de15265f939599694aad8a2c4e5db772efeb8a58218,lk_matara,5.9549,80.555,2021,2021-01-01,2021-12-31,8760,,
/Users/vidura/Code/big-weather/data/regional-2020-2025/raw/weather/location_id=lk_matara/year=2022/weather.parquet,c789196b226810de6235aab3f46c06958790eadadf1649fb0d5716af8446d6e3,572642,0586341f241538000fba7519c2ebd66270c26e5924e3389c457e5c2e59ba1c20,lk_matara,5.9549,80.555,2022,2022-01-01,2022-12-31,8760,,
/Users/vidura/Code/big-weather/data/regional-2020-2025/raw/weather/location_id=lk_matara/year=2023/weather.parquet,f8e477a5f866e028943d22edf7c27309eba2c34fb986e59646d0edb5ab5d4947,569497,db5a503b5c4189ce72327e1d1705a8f16d562d8c31c6be7443b6daa77190e523,lk_matara,5.9549,80.555,2023,2023-01-01,2023-12-31,8760,,
/Users/vidura/Code/big-weather/data/regional-2020-2025/raw/weather/location_id=lk_matara/year=2024/weather.parquet,f68c249a700bc6615377b87b78fd39c8ce168d3105e0cabd2d7a0fdd14315096,567510,9a9b1a863c34903151bd45ad97e9bf49d5db3aae1c7c95ca1f4f47f83924d046,lk_matara,5.9549,80.555,2024,2024-01-01,2024-12-31,8784,,
/Users/vidura/Code/big-weather/data/regional-2020-2025/raw/weather/location_id=lk_matara/year=2025/weather.parquet,b38e67bf2a398fdac01fbde51bf04a89ec726b9b4ac03c0c27aa047003869397,573250,3f6d367f6117fe8a72fb4043aae66e7a2115d81948392da813f485ec7b839eaa,lk_matara,5.9549,80.555,2025,2025-01-01,2025-12-31,8760,,
/Users/vidura/Code/big-weather/data/regional-2020-2025/raw/weather/location_id=lk_matara/year=2026/weather-2026-04-28-2026-05-04.parquet,353ca0547bc51b526ec430f7fb4ccfe112e07ed8c27b0f94770d388638159a0b,52380,7c6cb306ae560c9a29fc452d335cfb9335052ae47c99709148f41e9a17480e9c,lk_matara,5.9549,80.555,2026,2026-04-28,2026-05-04,168,2026-04-28,2026-05-04
/Users/vidura/Code/big-weather/data/regional-2020-2025/raw/weather/location_id=lk_matara/year=2026/weather-2026-05-05-2026-05-11.parquet,238b289dbae73596a38c7cbdb8c293912ed48488467f19c144fe97c83eb53e66,52452,3c9c9905196bba4bb9af02fb19684463f4f95e178abe86d26656e45988368fe1,lk_matara,5.9549,80.555,2026,2026-05-05,2026-05-11,168,2026-05-05,2026-05-11
/Users/vidura/Code/big-weather/data/regional-2020-2025/raw/weather/location_id=lk_matara/year=2026/weather-2026-05-12-2026-05-18.parquet,af4f529a124d9243ef19e9dd5cf37c1ed0c0c08b7d3d2c325f65b95eacc76b91,52038,02a4b6c59eb6f3b34a5a7b320ed338c31e173947a46992eccb2cb970bd104100,lk_matara,5.9549,80.555,2026,2026-05-12,2026-05-18,168,2026-05-12,2026-05-18
/Users/vidura/Code/big-weather/data/regional-2020-2025/raw/weather/location_id=lk_matara/year=2026/weather-2026-05-19-2026-05-25.parquet,d7b213a8fa3000740940f027145884acd0338d522cbfd9c0de10706344861802,50672,e6ed3250c18b3a8b35102a79188a34cfbd61ad442fc1faa9852f7d2e70a24ed3,lk_matara,5.9549,80.555,2026,2026-05-19,2026-05-25,168,2026-05-19,2026-05-25
/Users/vidura/Code/big-weather/data/regional-2020-2025/raw/weather/location_id=lk_matara/year=2026/weather-2026-05-26-2026-06-01.parquet,3fd769da92add67ef8589acfbf0b2c3ca0dc1809a829b6f19de961b4f3b2f76f,50354,19f0aeb15f06b27cd9b4250d291a634766239f5045ce5a0e07a7a1b4430460cd,lk_matara,5.9549,80.555,2026,2026-05-26,2026-06-01,168,2026-05-26,2026-06-01
/Users/vidura/Code/big-weather/data/regional-2020-2025/raw/weather/location_id=lk_matara/year=2026/weather-2026-06-02-2026-06-08.parquet,88d9d40c1c1bbb2dabf6a7c4b9553ee3ddbadb06ab237a4470f82494f93ddc39,51156,981cd6e2a3362d9085e1875f6b1c79e01ff5cc9f1f4aa8931bc6456abe643849,lk_matara,5.9549,80.555,2026,2026-06-02,2026-06-08,168,2026-06-02,2026-06-08
/Users/vidura/Code/big-weather/data/regional-2020-2025/raw/weather/location_id=lk_matara/year=2026/weather-2026-06-09-2026-06-15.parquet,8a55c3a41e37aee1ed09a032005ad993494f233802601d1e979f127e8911766c,51534,9add0155ab6e63e330bfb109fc00aef619e6cbef81b8e96cf8a908ab7a5a2f88,lk_matara,5.9549,80.555,2026,2026-06-09,2026-06-15,168,2026-06-09,2026-06-15
/Users/vidura/Code/big-weather/data/regional-2020-2025/raw/weather/location_id=lk_matara/year=2026/weather-2026-06-16-2026-06-22.parquet,4b33f025d02d14dc9692ce2f95a83085fbcfdfd87b7edc97c3d87c2ef672ea1d,51585,42e5a5b806425fa42fcb9c99cca35cc7fa563600ee0eea5ea33b7cd4865b1a7d,lk_matara,5.9549,80.555,2026,2026-06-16,2026-06-22,168,2026-06-16,2026-06-22
/Users/vidura/Code/big-weather/data/regional-2020-2025/raw/weather/location_id=lk_matara/year=2026/weather-2026-06-23-2026-06-29.parquet,23b7c9b082d6fa07ee1a6324d781121a14bd3191ed7484060fa4234e50b38597,51107,8014412265cbf871267226dfa5f8f0b168e9726e3ec549dae4b038f12f9e0a51,lk_matara,5.9549,80.555,2026,2026-06-23,2026-06-29,168,2026-06-23,2026-06-29
/Users/vidura/Code/big-weather/data/regional-2020-2025/raw/weather/location_id=lk_matara/year=2026/weather-2026-06-30-2026-07-06.parquet,3800a30a0a1512ad3e333567e2851362def965e20ebd3b337be54dd5341108b8,51072,ba883651d33bc3b8afb712176dafefb7a5ce674b9d01b670da100f4856435a85,lk_matara,5.9549,80.555,2026,2026-06-30,2026-07-06,168,2026-06-30,2026-07-06
/Users/vidura/Code/big-weather/data/regional-2020-2025/raw/weather/location_id=lk_matara/year=2026/weather-2026-07-07-2026-07-13.parquet,e17fc1fb6b51657f967ce6f4f1ae06e333885aff02d7631aaa95fc32a750968d,50859,ad81dde08c1aeca4f1dcfe211e8b19ded55bc4223042e04f0555b72f460df5a9,lk_matara,5.9549,80.555,2026,2026-07-07,2026-07-13,168,2026-07-07,2026-07-13
/Users/vidura/Code/big-weather/data/regional-2020-2025/raw/weather/location_id=lk_matara/year=2026/weather-2026-07-14-2026-07-20.parquet,9760422550e62bc325bebb9603c60477107bd4ff1670bae2b1f89555c7c7a0a2,50682,646809ac6e561566fb14d7b9aaa225cce5a017cde8e82134390762f8f8e4df09,lk_matara,5.9549,80.555,2026,2026-07-14,2026-07-20,168,2026-07-14,2026-07-20
/Users/vidura/Code/big-weather/data/regional-2020-2025/raw/weather/location_id=lk_matara/year=2026/weather-2026-07-21-2026-07-27.parquet,266fa85aff78ba367e4ffac4afbad653b801d3e763a08b50f1abbd357d9a3f5a,51163,8084c7807fe2fef71c4492f2c97018c4d8f43d38ea58de9a90822ab9df27e769,lk_matara,5.9549,80.555,2026,2026-07-21,2026-07-27,168,2026-07-21,2026-07-27
/Users/vidura/Code/big-weather/data/regional-2020-2025/raw/weather/location_id=lk_matara/year=2026/weather-2026-07-28-2026-08-03.parquet,5e65b8dd4f12084b45847d978f963752b86faf8f37b334f3ae88d81c4d9892e8,52059,a1f5482e51b2188a8224ed431ebd73aad4157a7e1f93c6f95797ee844c05519d,lk_matara,5.9549,80.555,2026,2026-07-28,2026-08-03,168,2026-07-28,2026-08-03
/Users/vidura/Code/big-weather/data/regional-2020-2025/raw/weather/location_id=lk_matara/year=2026/weather-2026-08-04-2026-08-10.parquet,7be5fc88070da9f59a80a88bad0ae93d9e6a156e77e98043cac6f0780484a23d,50962,478bc70e60c870a5010219508c37fd0cab1a602cbfccc8f5d6b298983bb87422,lk_matara,5.9549,80.555,2026,2026-08-04,2026-08-10,168,2026-08-04,2026-08-10
/Users/vidura/Code/big-weather/data/regional-2020-2025/raw/weather/location_id=lk_matara/year=2026/weather-2026-08-11-2026-08-17.parquet,f8bb5b5530eb43d034ed78ac9ba3c90e373bf224b12c21388bedca97453a0f8a,50867,e101a85619a6009b6665f0bad6131c92fc74366fe91be568e69ad9dc6cd43873,lk_matara,5.9549,80.555,2026,2026-08-11,2026-08-17,168,2026-08-11,2026-08-17
/Users/vidura/Code/big-weather/data/regional-2020-2025/raw/weather/location_id=lk_matara/year=2026/weather-2026-08-18-2026-08-24.parquet,c88489df44b01b3751b18020f2d6a067cb91b0c06061e9f06baefb6b3356090a,50951,49abfb9b475143b666fe7d8093826e14866dd31d57068f254e2b1ca1803d08d4,lk_matara,5.9549,80.555,2026,2026-08-18,2026-08-24,168,2026-08-18,2026-08-24
/Users/vidura/Code/big-weather/data/regional-2020-2025/raw/weather/location_id=lk_matara/year=2026/weather-2026-08-25-2026-08-31.parquet,526963f514ca12fdda3c3eeab54f9dc9612d420c7c75e77e669b9ce5fbc295bb,50761,8c69a85260a6d90bce14e5b341f150de418050888c9405631779c87c23efe579,lk_matara,5.9549,80.555,2026,2026-08-25,2026-08-31,168,2026-08-25,2026-08-31
/Users/vidura/Code/big-weather/data/regional-2020-2025/raw/weather/location_id=lk_nawalapitiya/year=2020/weather.parquet,fa12ba1b8c3fa8dbfce848c93287d4b0391e34342ff9e3a1c0a0e328faab3fb8,573783,7f5db5bd3ce84b40c8afdf4f6b2541233195b0138b3cfef25ac17c3fc04674cc,lk_nawalapitiya,7.0505,80.53,2020,2020-01-01,2020-12-31,8784,,
/Users/vidura/Code/big-weather/data/regional-2020-2025/raw/weather/location_id=lk_nawalapitiya/year=2021/weather.parquet,49ac6f7104f0470f67f3f12542ecd0b8b2337bf15160fc1a0b5dcc949f7c6555,568105,5e3634020a0e4bee09d74a22152375fc129c3555c96e07608fcc582e43981baa,lk_nawalapitiya,7.0505,80.53,2021,2021-01-01,2021-12-31,8760,,
/Users/vidura/Code/big-weather/data/regional-2020-2025/raw/weather/location_id=lk_nawalapitiya/year=2022/weather.parquet,147cd8e566cd0895824f4bb60524d70aa80eeef9f205e7046af6c74dcab8a181,574996,5a2c3b479bdfcc5aa3ab569a270cefde63553499fdb6fbce9b65679cfe34babc,lk_nawalapitiya,7.0505,80.53,2022,2022-01-01,2022-12-31,8760,,
/Users/vidura/Code/big-weather/data/regional-2020-2025/raw/weather/location_id=lk_nawalapitiya/year=2023/weather.parquet,3f5326e2c48a9fea8b2c6af21c6c2275ac90d264452501e233832b7d0eff7f2e,563981,cf457368cc045e94bdeaf38633c4d53aae552a84313742724a7337fb2fd7a1b6,lk_nawalapitiya,7.0505,80.53,2023,2023-01-01,2023-12-31,8760,,
/Users/vidura/Code/big-weather/data/regional-2020-2025/raw/weather/location_id=lk_nawalapitiya/year=2026/weather-2026-04-28-2026-05-04.parquet,feeaaa11e0ec3454939a51b330a9a31c096dd91e1897531bb279019f3ab41f47,52227,0ed4e41dcfb76193e982efd625357b536713d0ee478270d742386d9e696b2bb1,lk_nawalapitiya,7.0505,80.53,2026,2026-04-28,2026-05-04,168,2026-04-28,2026-05-04
/Users/vidura/Code/big-weather/data/regional-2020-2025/raw/weather/location_id=lk_nawalapitiya/year=2026/weather-2026-05-05-2026-05-11.parquet,04c7f5b591cf1a5dd526375204efa0f1222ff82429d29402b1e463be78038a9b,52470,b1ab242833c0a7c5a494fdefa43be3a447a00b65077beb8e161fb2789702d692,lk_nawalapitiya,7.0505,80.53,2026,2026-05-05,2026-05-11,168,2026-05-05,2026-05-11
/Users/vidura/Code/big-weather/data/regional-2020-2025/raw/weather/location_id=lk_nawalapitiya/year=2026/weather-2026-05-12-2026-05-18.parquet,f5da44ad9d703c94c3f27c69bd15e7710ae82da489b06e7442f64a81b4cc0a70,52257,6a91942a3de85bc583a244b065b2cfc68cc5bbe5ae05e174971b38bcf2f85c98,lk_nawalapitiya,7.0505,80.53,2026,2026-05-12,2026-05-18,168,2026-05-12,2026-05-18
/Users/vidura/Code/big-weather/data/regional-2020-2025/raw/weather/location_id=lk_nawalapitiya/year=2026/weather-2026-05-19-2026-05-25.parquet,0ff2d390aaa3f01e9013503ff0c20b6a9d9e2708a96721ec74bbe5afd02703d2,51421,aa14b4ca157fec86ad2625ce5a154725d040e518a13b6c772a0cc8759060ba0f,lk_nawalapitiya,7.0505,80.53,2026,2026-05-19,2026-05-25,168,2026-05-19,2026-05-25
/Users/vidura/Code/big-weather/data/regional-2020-2025/raw/weather/location_id=lk_nawalapitiya/year=2026/weather-2026-05-26-2026-06-01.parquet,81ba280bb9ff06a8c077ef9c4fb6c6be0452420af71b73cd25183233994613ec,51724,f8201c6827c6dd25bf6154f7b480287ddd61e83ca2953f07279eb6a5ad3db648,lk_nawalapitiya,7.0505,80.53,2026,2026-05-26,2026-06-01,168,2026-05-26,2026-06-01
/Users/vidura/Code/big-weather/data/regional-2020-2025/raw/weather/location_id=lk_nawalapitiya/year=2026/weather-2026-06-02-2026-06-08.parquet,33d87c74685046916b8eff796def33d72cd1196a5cd2c032b1f9b629928c65da,51876,a09c17bf43ff6ef5855258af8cbec7e63e8a6e6bcf6e6ff39e781ecdb825d049,lk_nawalapitiya,7.0505,80.53,2026,2026-06-02,2026-06-08,168,2026-06-02,2026-06-08
/Users/vidura/Code/big-weather/data/regional-2020-2025/raw/weather/location_id=lk_nawalapitiya/year=2026/weather-2026-06-09-2026-06-15.parquet,de1c73541fab67021a799f598694ec3d7779b426578cfef7e8a4c73931b067e6,52005,6346513f072265b26bff5cadd36e3408894aadb4ea713f5722d26edea3f365d9,lk_nawalapitiya,7.0505,80.53,2026,2026-06-09,2026-06-15,168,2026-06-09,2026-06-15
/Users/vidura/Code/big-weather/data/regional-2020-2025/raw/weather/location_id=lk_nawalapitiya/year=2026/weather-2026-06-16-2026-06-22.parquet,bb213f245f15bc72907ac6c16ad489f0e381b0d940528a26ad8e98bb1b7559f0,51789,712f5d57ddb0fd5f38d4ed55c6681346d4e5ac805df624e2f04204a332a40408,lk_nawalapitiya,7.0505,80.53,2026,2026-06-16,2026-06-22,168,2026-06-16,2026-06-22
/Users/vidura/Code/big-weather/data/regional-2020-2025/raw/weather/location_id=lk_nawalapitiya/year=2026/weather-2026-06-23-2026-06-29.parquet,a004988a75e04e0f06923339d8694a480fb16c23fa21c27866e2036c5eecbf3f,51784,05b69c207370dae5e2246b8ad97260e5690adb3001215aea9edd973851d1425d,lk_nawalapitiya,7.0505,80.53,2026,2026-06-23,2026-06-29,168,2026-06-23,2026-06-29
/Users/vidura/Code/big-weather/data/regional-2020-2025/raw/weather/location_id=lk_nawalapitiya/year=2026/weather-2026-06-30-2026-07-06.parquet,37f5d71c5f4c18df34d8bb272982f7e519946f970263f42817841da3b37f98ac,51936,ad8930c55b857e264a7a0c4b25e5c4710a675f2a41a5770322b2c9945cc1e4d5,lk_nawalapitiya,7.0505,80.53,2026,2026-06-30,2026-07-06,168,2026-06-30,2026-07-06
/Users/vidura/Code/big-weather/data/regional-2020-2025/raw/weather/location_id=lk_nawalapitiya/year=2026/weather-2026-07-07-2026-07-13.parquet,d4fff9d4feac2e52d0468f3f3d43fa6996f79009175fd22f45f3a32dc6ffc14e,51657,d9dc82589c4e65940bc703cb69d37ef1c6fc2f08ab6adf03066a8033c02e4843,lk_nawalapitiya,7.0505,80.53,2026,2026-07-07,2026-07-13,168,2026-07-07,2026-07-13
/Users/vidura/Code/big-weather/data/regional-2020-2025/raw/weather/location_id=lk_nawalapitiya/year=2026/weather-2026-07-14-2026-07-20.parquet,b7c017ecefd165f63dd9efd4aa3dc919d339214da6be98a4df9d2989456d8413,51639,5049b35d9cc39d3e1e48a1f0d8570120a85f166fe0f425f58e2e83273a6a1c08,lk_nawalapitiya,7.0505,80.53,2026,2026-07-14,2026-07-20,168,2026-07-14,2026-07-20
/Users/vidura/Code/big-weather/data/regional-2020-2025/raw/weather/location_id=lk_nawalapitiya/year=2026/weather-2026-07-21-2026-07-27.parquet,5684ff99e8db2356aebc9db394337bbe4cb2789decf458de9adc75c5cf3089c6,52221,3545722ae6a29f28da6da51635a9f50993d48e5029d279b217e12dc8286f3a30,lk_nawalapitiya,7.0505,80.53,2026,2026-07-21,2026-07-27,168,2026-07-21,2026-07-27
/Users/vidura/Code/big-weather/data/regional-2020-2025/raw/weather/location_id=lk_nawalapitiya/year=2026/weather-2026-07-28-2026-08-03.parquet,1930a641b9fde481c7cbcc42cbe84aec28981f407c01b09f1db0362b545c7a54,53014,24828c25ecbc0661b0c44a54fdf71cd12dee09dfd36470304ae65826b8b5442a,lk_nawalapitiya,7.0505,80.53,2026,2026-07-28,2026-08-03,168,2026-07-28,2026-08-03
/Users/vidura/Code/big-weather/data/regional-2020-2025/raw/weather/location_id=lk_nawalapitiya/year=2026/weather-2026-08-04-2026-08-10.parquet,2d5e79cec6c8f8a722d4bbc9a8c6643d78d1f32c605b61032961893164070010,51657,5977c836815764059c88540116e811f27d10294081626098f7bbdb7a81b19ddc,lk_nawalapitiya,7.0505,80.53,2026,2026-08-04,2026-08-10,168,2026-08-04,2026-08-10
/Users/vidura/Code/big-weather/data/regional-2020-2025/raw/weather/location_id=lk_nawalapitiya/year=2026/weather-2026-08-11-2026-08-17.parquet,0d3e65b83e15c25d8a9e8c5e2c78516cf9d4561b64117fa693068bd6ed03a36c,51113,ae45799f72d8cfbbe2b9c485168d90e58c122a3d7e46cd0c004ee6850d35072f,lk_nawalapitiya,7.0505,80.53,2026,2026-08-11,2026-08-17,168,2026-08-11,2026-08-17
/Users/vidura/Code/big-weather/data/regional-2020-2025/raw/weather/location_id=lk_nawalapitiya/year=2026/weather-2026-08-18-2026-08-24.parquet,a61c97826ba17e150278444139287187c7e5632fea70081f8149f862fe8fd8aa,51664,6301c6e28aa76d4bed611cdefae764f86abe321e4f52b8d5db64d486dbfaf2ed,lk_nawalapitiya,7.0505,80.53,2026,2026-08-18,2026-08-24,168,2026-08-18,2026-08-24
/Users/vidura/Code/big-weather/data/regional-2020-2025/raw/weather/location_id=lk_nawalapitiya/year=2026/weather-2026-08-25-2026-08-31.parquet,580aa37856f2ca4a20cdd6209dfc506b32db323800a2d19d25fe04e61bd4ccc0,51099,6c0ff05b98db3aa5e5dd9c921bc9f94f69fd05bd4aac889874d5e949a8d9c8ec,lk_nawalapitiya,7.0505,80.53,2026,2026-08-25,2026-08-31,168,2026-08-25,2026-08-31
/Users/vidura/Code/big-weather/data/regional-2020-2025/raw/weather/location_id=lk_nuwara_eliya/year=2026/weather-2026-04-28-2026-05-04.parquet,31abd88a57a4c5986934174598b3909c5c227ad69cb36ae5025da60d7542871c,52225,299787f0e8ed116869633bd63ab67b5723d04f62e5bd68442128677750dd6f89,lk_nuwara_eliya,6.9497,80.7891,2026,2026-04-28,2026-05-04,168,2026-04-28,2026-05-04
/Users/vidura/Code/big-weather/data/regional-2020-2025/raw/weather/location_id=lk_nuwara_eliya/year=2026/weather-2026-05-05-2026-05-11.parquet,a683f8c264df5119c4cd880cbcd2c8afe4f7cb821bd4ba0cf5dc5096f150f021,52517,aa5a7bc1140649b2ca47a8003978dd12b26220e1698cdf7a23da9daf0743bc3d,lk_nuwara_eliya,6.9497,80.7891,2026,2026-05-05,2026-05-11,168,2026-05-05,2026-05-11
/Users/vidura/Code/big-weather/data/regional-2020-2025/raw/weather/location_id=lk_nuwara_eliya/year=2026/weather-2026-05-12-2026-05-18.parquet,98ad294672628cc755907ec53340c5cd729eb45cacb4c795539fc0ee17a69a9a,52116,5f1bc242a5f1ab8ae7b1f9cf7d370751eac6fd6690c26b6eca65baf565bbfbd0,lk_nuwara_eliya,6.9497,80.7891,2026,2026-05-12,2026-05-18,168,2026-05-12,2026-05-18
/Users/vidura/Code/big-weather/data/regional-2020-2025/raw/weather/location_id=lk_nuwara_eliya/year=2026/weather-2026-05-19-2026-05-25.parquet,7d3ef4247af39a65e33ad92c75fae2bb3252921fbd224a5268b72e214c3ff530,51328,5ae8ecbad098a0349de6bc9302723ddd40067aa7721230f862afb116d5407866,lk_nuwara_eliya,6.9497,80.7891,2026,2026-05-19,2026-05-25,168,2026-05-19,2026-05-25
/Users/vidura/Code/big-weather/data/regional-2020-2025/raw/weather/location_id=lk_nuwara_eliya/year=2026/weather-2026-05-26-2026-06-01.parquet,944469e599251855b9c53e0d2901f9fc5a28fa59bd54571ee830d05623a77a5a,51266,7d4d6927803513840a94d44645d12de43e24afba670bfeb212f0ad0455dff0ea,lk_nuwara_eliya,6.9497,80.7891,2026,2026-05-26,2026-06-01,168,2026-05-26,2026-06-01
/Users/vidura/Code/big-weather/data/regional-2020-2025/raw/weather/location_id=lk_nuwara_eliya/year=2026/weather-2026-06-02-2026-06-08.parquet,dedfafb8aae18dc6073c2f508dea1d3543569294b88dcc86119d57d305262a2a,51608,e9f43ab048cf62af572363847c70a9a6e62d722e487c87e2e31555160224ea0e,lk_nuwara_eliya,6.9497,80.7891,2026,2026-06-02,2026-06-08,168,2026-06-02,2026-06-08
/Users/vidura/Code/big-weather/data/regional-2020-2025/raw/weather/location_id=lk_nuwara_eliya/year=2026/weather-2026-06-09-2026-06-15.parquet,e19cd30a97c9f4059a74a8cf79682a27ea2befa4804035ba1a5681c6b77856df,51479,7a1b748292d498e56e5e729165194825867b9cb7277eb243348dc5f835105023,lk_nuwara_eliya,6.9497,80.7891,2026,2026-06-09,2026-06-15,168,2026-06-09,2026-06-15
/Users/vidura/Code/big-weather/data/regional-2020-2025/raw/weather/location_id=lk_nuwara_eliya/year=2026/weather-2026-06-16-2026-06-22.parquet,5e272a02d536c59bf8a61a6044011714d9dea73da9198444d8cf4d9f4bfe16ea,51570,d039601f1305c5c3a6eddc87f7aded3150ccceaa031bff589555cb7122d2c3ff,lk_nuwara_eliya,6.9497,80.7891,2026,2026-06-16,2026-06-22,168,2026-06-16,2026-06-22
/Users/vidura/Code/big-weather/data/regional-2020-2025/raw/weather/location_id=lk_nuwara_eliya/year=2026/weather-2026-06-23-2026-06-29.parquet,a2e84f8ccc28daeb6cc514141910aada48ca0d80f9cf7d6a3261a1824420fca5,51724,c1f40f29a7616af540dac364847e08a1707000c35bb68cfab2ebaf831905cb11,lk_nuwara_eliya,6.9497,80.7891,2026,2026-06-23,2026-06-29,168,2026-06-23,2026-06-29
/Users/vidura/Code/big-weather/data/regional-2020-2025/raw/weather/location_id=lk_nuwara_eliya/year=2026/weather-2026-06-30-2026-07-06.parquet,4e24a202202fdce08067af54030e1bcd36edb68f3589983c004674f5263d4323,51864,40a7fa570627cc396dd998e52631df6257c8848fb820dd75716f573c56121cb1,lk_nuwara_eliya,6.9497,80.7891,2026,2026-06-30,2026-07-06,168,2026-06-30,2026-07-06
/Users/vidura/Code/big-weather/data/regional-2020-2025/raw/weather/location_id=lk_nuwara_eliya/year=2026/weather-2026-07-07-2026-07-13.parquet,740f6147b0d82915cb094662f56c996b8cbeb6003b17fdda5704006346a6513e,51598,77e197edcaace7f99af66fdc46fc60df1cbe4ac4b7021932cccd292b34671059,lk_nuwara_eliya,6.9497,80.7891,2026,2026-07-07,2026-07-13,168,2026-07-07,2026-07-13
/Users/vidura/Code/big-weather/data/regional-2020-2025/raw/weather/location_id=lk_nuwara_eliya/year=2026/weather-2026-07-14-2026-07-20.parquet,591f66b5afdf6407e2782fdf5cfc2c762e9c5e547bd803828a9ee4f91dd0093e,51356,02ee3a21a672f01615b733749095379ec67fba7f6d74bada940f386514a8415c,lk_nuwara_eliya,6.9497,80.7891,2026,2026-07-14,2026-07-20,168,2026-07-14,2026-07-20
/Users/vidura/Code/big-weather/data/regional-2020-2025/raw/weather/location_id=lk_nuwara_eliya/year=2026/weather-2026-07-21-2026-07-27.parquet,c3ec62a77664a20d2f1fa6dbecb2165754dcb24f5c1ceba21f67400ea0ad310c,51665,6729fd22b0afc04f2c93bb01b64c71ff7e5d41cb76551431d541a0df4ed47d70,lk_nuwara_eliya,6.9497,80.7891,2026,2026-07-21,2026-07-27,168,2026-07-21,2026-07-27
/Users/vidura/Code/big-weather/data/regional-2020-2025/raw/weather/location_id=lk_nuwara_eliya/year=2026/weather-2026-07-28-2026-08-03.parquet,777b955eb4f8d63c89d15f0ba48bbf9830eb2c1f30f647cdbc3bf167d64cad4f,51963,18b447ca8be6f492767ff394919344f61cdabaacc2caf6e21b303d40d86bd563,lk_nuwara_eliya,6.9497,80.7891,2026,2026-07-28,2026-08-03,168,2026-07-28,2026-08-03
/Users/vidura/Code/big-weather/data/regional-2020-2025/raw/weather/location_id=lk_nuwara_eliya/year=2026/weather-2026-08-04-2026-08-10.parquet,d020c61744e58c2db4c194a3d98aefc73728684d740537d6d21575a40f46cb5b,51235,0cedec48d703555e8117ba628f9e7525a6cbfb09fdc9f1433458688be6814c08,lk_nuwara_eliya,6.9497,80.7891,2026,2026-08-04,2026-08-10,168,2026-08-04,2026-08-10
/Users/vidura/Code/big-weather/data/regional-2020-2025/raw/weather/location_id=lk_nuwara_eliya/year=2026/weather-2026-08-11-2026-08-17.parquet,f042a4674dd1cfbb1b28b6a6a76804b047bab8926d00ffb72c7e4fc44459c7cc,51186,25de537324229a5c0da817536f8c1b8c0e9d4a7d22924dc5ef65472ef72d8a57,lk_nuwara_eliya,6.9497,80.7891,2026,2026-08-11,2026-08-17,168,2026-08-11,2026-08-17
/Users/vidura/Code/big-weather/data/regional-2020-2025/raw/weather/location_id=lk_nuwara_eliya/year=2026/weather-2026-08-18-2026-08-24.parquet,fe502a8331d744572be19bdb4890a6b2deebcee793ecb2c5698c7f54894ae531,51288,cd63088826390a75ef049bcd7dc285130094a02a04fd1899a8ab0e90acefe278,lk_nuwara_eliya,6.9497,80.7891,2026,2026-08-18,2026-08-24,168,2026-08-18,2026-08-24
/Users/vidura/Code/big-weather/data/regional-2020-2025/raw/weather/location_id=lk_nuwara_eliya/year=2026/weather-2026-08-25-2026-08-31.parquet,7a5002d305bddca078dae4163e3552e3d6180db92382319ef428b6dce5719602,50990,d9332b17dfb92e2446030b4fc88aea21f5d5c5c5616d4d68411cf2de22cfd537,lk_nuwara_eliya,6.9497,80.7891,2026,2026-08-25,2026-08-31,168,2026-08-25,2026-08-31
/Users/vidura/Code/big-weather/data/regional-2020-2025/raw/weather/location_id=lk_pidurutalagala/year=2026/weather-2026-04-28-2026-05-04.parquet,602cb35632f80b4366d7a666a1e9b2d33da7218705abe5a52d93ada4d35e2324,52255,0e495d71f9ea12e2285f66c7f47c7973ce2f3531a91698323d663a1e0ac1f5b2,lk_pidurutalagala,7.0008,80.7733,2026,2026-04-28,2026-05-04,168,2026-04-28,2026-05-04
/Users/vidura/Code/big-weather/data/regional-2020-2025/raw/weather/location_id=lk_pidurutalagala/year=2026/weather-2026-05-05-2026-05-11.parquet,3a86468b6a70102c740afb42857bbfaf90438d6cc19020029c5db3448798ffe0,52145,ea816488e4696b2574170b1c5588d8b15206a565c90ebc1081117440d8b267e9,lk_pidurutalagala,7.0008,80.7733,2026,2026-05-05,2026-05-11,168,2026-05-05,2026-05-11
/Users/vidura/Code/big-weather/data/regional-2020-2025/raw/weather/location_id=lk_pidurutalagala/year=2026/weather-2026-05-12-2026-05-18.parquet,6caa28d98ef407f60a5a780c92fbdbf885c26999637a5f5f2a73f47b354df5e7,52192,3515a2e08d9ee2c441fb80821fc4d1da2e9731b9f86bb83df46f3ea95ab564ed,lk_pidurutalagala,7.0008,80.7733,2026,2026-05-12,2026-05-18,168,2026-05-12,2026-05-18
/Users/vidura/Code/big-weather/data/regional-2020-2025/raw/weather/location_id=lk_pidurutalagala/year=2026/weather-2026-05-19-2026-05-25.parquet,333655436600e91e9b82f67df5ec04436f7a374348556fd1bfdce44b00f1914b,51169,6aa7e2ccf0f9c41c1496067728998dc688f86af0db6e751d42070d3748352c81,lk_pidurutalagala,7.0008,80.7733,2026,2026-05-19,2026-05-25,168,2026-05-19,2026-05-25
/Users/vidura/Code/big-weather/data/regional-2020-2025/raw/weather/location_id=lk_pidurutalagala/year=2026/weather-2026-05-26-2026-06-01.parquet,2f94bf3b5c5e9013f5d1c7f67f32732d5c33616e0b40edb071e0d1811c2f77a5,51164,a258f046198cd3733c9a1e7f254fe86afed9ff2d8bab3aeda22b7fa2d0b35341,lk_pidurutalagala,7.0008,80.7733,2026,2026-05-26,2026-06-01,168,2026-05-26,2026-06-01
/Users/vidura/Code/big-weather/data/regional-2020-2025/raw/weather/location_id=lk_pidurutalagala/year=2026/weather-2026-06-02-2026-06-08.parquet,eb9b9546d689cfc6d228d9c71aec68dfc68d26e05d2f0e6fce0b2da56390a55d,51465,7892aa0eef1ff3a99b3e5efb4d0236c3a5a13f63f338e9b118a96eb295ae84e5,lk_pidurutalagala,7.0008,80.7733,2026,2026-06-02,2026-06-08,168,2026-06-02,2026-06-08
/Users/vidura/Code/big-weather/data/regional-2020-2025/raw/weather/location_id=lk_pidurutalagala/year=2026/weather-2026-06-09-2026-06-15.parquet,c19678cdb1c59326195463afc2c9a8be6e7931d42df7e7f74c8720501865ae1c,51475,1d18cc6ecb47f2864e807247b48502da4fdfad2f39f120126680f3b06e9f19e1,lk_pidurutalagala,7.0008,80.7733,2026,2026-06-09,2026-06-15,168,2026-06-09,2026-06-15
/Users/vidura/Code/big-weather/data/regional-2020-2025/raw/weather/location_id=lk_pidurutalagala/year=2026/weather-2026-06-16-2026-06-22.parquet,cb8da3002d48484c1461ee1bfe73e8efd40116b8c8fd66f22439d6a4015c8ad0,51798,d7744b77e73c8cd28653dedc37d1c85c0f2d3b608a916199033d99aee74d930d,lk_pidurutalagala,7.0008,80.7733,2026,2026-06-16,2026-06-22,168,2026-06-16,2026-06-22
/Users/vidura/Code/big-weather/data/regional-2020-2025/raw/weather/location_id=lk_pidurutalagala/year=2026/weather-2026-06-23-2026-06-29.parquet,4d323d617db01934778e43af28cdba893271a4b3ff04577a0d48bf4853d9de40,51612,5f2f2752e671fd25bc22572edac745b40638a8978aac3881e95bb532d60618a0,lk_pidurutalagala,7.0008,80.7733,2026,2026-06-23,2026-06-29,168,2026-06-23,2026-06-29
/Users/vidura/Code/big-weather/data/regional-2020-2025/raw/weather/location_id=lk_pidurutalagala/year=2026/weather-2026-06-30-2026-07-06.parquet,e5e07a5710979b1f3bd9827934007edcf5654cee820a0dc713fd5bb599171168,51861,b9c1ee5c8ddbdd306d21b802ee441d8cb3e854860c2dbe152d447c940229d428,lk_pidurutalagala,7.0008,80.7733,2026,2026-06-30,2026-07-06,168,2026-06-30,2026-07-06
/Users/vidura/Code/big-weather/data/regional-2020-2025/raw/weather/location_id=lk_pidurutalagala/year=2026/weather-2026-07-07-2026-07-13.parquet,74fab4800f6a6772596601064a6250e0be0370711c84843cc47408f3ec4b9b86,51658,7b6d3eeaca5a0d1c456ba4fdd5bc0525c50cba5c4067099ca3b2fc650da119b2,lk_pidurutalagala,7.0008,80.7733,2026,2026-07-07,2026-07-13,168,2026-07-07,2026-07-13
/Users/vidura/Code/big-weather/data/regional-2020-2025/raw/weather/location_id=lk_pidurutalagala/year=2026/weather-2026-07-14-2026-07-20.parquet,6dcde8f7fcbd6aed6689815595153450bd091c5a563b7764cdee91bb13828086,51244,882641fa059a930a25a5d9a9e4472dbfaad36604f49d2e9cc6f7527045ae2c03,lk_pidurutalagala,7.0008,80.7733,2026,2026-07-14,2026-07-20,168,2026-07-14,2026-07-20
/Users/vidura/Code/big-weather/data/regional-2020-2025/raw/weather/location_id=lk_pidurutalagala/year=2026/weather-2026-07-21-2026-07-27.parquet,161072bd788ab58e0f39f3900aea7c3a55c460c7a04e4e8f81335c193ef2422d,51542,d050ee407c2f712872ac30e59649ecb2e4776bf6bc4b88797bdbbf622b6da1ee,lk_pidurutalagala,7.0008,80.7733,2026,2026-07-21,2026-07-27,168,2026-07-21,2026-07-27
/Users/vidura/Code/big-weather/data/regional-2020-2025/raw/weather/location_id=lk_pidurutalagala/year=2026/weather-2026-07-28-2026-08-03.parquet,6fb595e830d4b3a31176265e9d96385e8321cca32e5bad45a6d57e937aab940c,51957,5c6d5736e48d6e3fcf6e1f1bcca7699c3fa3f2cecb71dc0c9382d9fd6acbeb4f,lk_pidurutalagala,7.0008,80.7733,2026,2026-07-28,2026-08-03,168,2026-07-28,2026-08-03
/Users/vidura/Code/big-weather/data/regional-2020-2025/raw/weather/location_id=lk_pidurutalagala/year=2026/weather-2026-08-04-2026-08-10.parquet,edb88f922bb7f1dfb9a465d531aea53ef4d2abfb4ac439941cc2e34d2bac6a83,50912,3424e6c728d698bda2ce56924cab3beb77012b8c9376fbf9d05501dc41942af8,lk_pidurutalagala,7.0008,80.7733,2026,2026-08-04,2026-08-10,168,2026-08-04,2026-08-10
/Users/vidura/Code/big-weather/data/regional-2020-2025/raw/weather/location_id=lk_pidurutalagala/year=2026/weather-2026-08-11-2026-08-17.parquet,fb829c99447b0679ff94249bf5692f2367da33fba4ab225a1c8a26bc95db8f9d,51264,320caa9b9875f2f90319fa041c5540db8f75baac38b59ee07d7f268920890fd0,lk_pidurutalagala,7.0008,80.7733,2026,2026-08-11,2026-08-17,168,2026-08-11,2026-08-17
/Users/vidura/Code/big-weather/data/regional-2020-2025/raw/weather/location_id=lk_pidurutalagala/year=2026/weather-2026-08-18-2026-08-24.parquet,7b49239b8a2f1d18dd1e31aa61477bf0a374f995671bb21124cd514dfb923d15,51438,45304b7f62686a6a070e095d6b02d5ecd4d552c0ea00ba68367101b58300a123,lk_pidurutalagala,7.0008,80.7733,2026,2026-08-18,2026-08-24,168,2026-08-18,2026-08-24
/Users/vidura/Code/big-weather/data/regional-2020-2025/raw/weather/location_id=lk_pidurutalagala/year=2026/weather-2026-08-25-2026-08-31.parquet,a777cf1ce56243cee9ff0292c53d538a9988aa2e02d8b27527d55676cafa35b3,50863,abf6b5253ec9cf7b8d17a7463c5f1da18c9b2ae2b1834df0358565a54328c1b8,lk_pidurutalagala,7.0008,80.7733,2026,2026-08-25,2026-08-31,168,2026-08-25,2026-08-31
/Users/vidura/Code/big-weather/data/regional-2020-2025/raw/weather/location_id=lk_polonnaruwa/year=2020/weather.parquet,3ccf53fc724d9fda5a35f48accaa67325bdf3fab74975e0f91a4468b7bf8910a,578917,294f0ff2ac288a7ca9e91ee3a97a93793b435c0960cc0332964d90c8406e4422,lk_polonnaruwa,7.9403,81.0188,2020,2020-01-01,2020-12-31,8784,,
/Users/vidura/Code/big-weather/data/regional-2020-2025/raw/weather/location_id=lk_polonnaruwa/year=2021/weather.parquet,171afdd686a6559c6317ecf0584f310cbecdd21edf58662b51925e90888851c9,579049,8c597e30983ec500bd2909d2b25158655fdd6a915c24325b797a16412835e88c,lk_polonnaruwa,7.9403,81.0188,2021,2021-01-01,2021-12-31,8760,,
/Users/vidura/Code/big-weather/data/regional-2020-2025/raw/weather/location_id=lk_polonnaruwa/year=2022/weather.parquet,1a47c537008f2b2a316b4ce08fe9fea82b35a57dd70908d04ce1ebd8e3fb924f,580692,2267bbac7577492f88d2bc5b9a7fcd55d2ffd208363e6d437bc61f01d2279cd6,lk_polonnaruwa,7.9403,81.0188,2022,2022-01-01,2022-12-31,8760,,
/Users/vidura/Code/big-weather/data/regional-2020-2025/raw/weather/location_id=lk_polonnaruwa/year=2023/weather.parquet,faf8a241537c98b3990d87870db5cd18e87d09f7c812ba3c871767581d9f7176,581323,cbf0d0b59c589b048ae40bcc27a613b926e6f1da3a4b9085f2144abdb8b83b8e,lk_polonnaruwa,7.9403,81.0188,2023,2023-01-01,2023-12-31,8760,,
/Users/vidura/Code/big-weather/data/regional-2020-2025/raw/weather/location_id=lk_polonnaruwa/year=2024/weather.parquet,34acea59fbb5bba42f19d32bc17df795263c9ee416fdae7a98713f2fafd17339,572270,1ad44782410753d4abd206a9223f0e4e14fbb37268328b626080231d3b98831e,lk_polonnaruwa,7.9403,81.0188,2024,2024-01-01,2024-12-31,8784,,
/Users/vidura/Code/big-weather/data/regional-2020-2025/raw/weather/location_id=lk_polonnaruwa/year=2025/weather.parquet,0ab21079b145657ca2c4b22c85fe4a78e4083d4327636decd69e80515be1ec60,580525,13c8c8e0681c6036259bae9f52334dae00c5471257093dce7cb93bd8a918630e,lk_polonnaruwa,7.9403,81.0188,2025,2025-01-01,2025-12-31,8760,,
/Users/vidura/Code/big-weather/data/regional-2020-2025/raw/weather/location_id=lk_polonnaruwa/year=2026/weather-2026-04-28-2026-05-04.parquet,d8524ba410a4f9b71a4d4853ca4982bffcc7a9848252f667aebb6bedc634c8b6,52522,05e4a20340853f618e0fa5de0ab5a8d8b81e875687f2e98626a09829147387fc,lk_polonnaruwa,7.9403,81.0188,2026,2026-04-28,2026-05-04,168,2026-04-28,2026-05-04
/Users/vidura/Code/big-weather/data/regional-2020-2025/raw/weather/location_id=lk_polonnaruwa/year=2026/weather-2026-05-05-2026-05-11.parquet,146be276edbf6de9150a0e2cfcecbedec38de836113d0409966d84496a3c05b8,53561,93124785d9abcade72244a994a8c2ac21c8bf98e55ee0a1958537c0992b5f619,lk_polonnaruwa,7.9403,81.0188,2026,2026-05-05,2026-05-11,168,2026-05-05,2026-05-11
/Users/vidura/Code/big-weather/data/regional-2020-2025/raw/weather/location_id=lk_polonnaruwa/year=2026/weather-2026-05-12-2026-05-18.parquet,3ea899daf2c41720c8b0602822b5061d03d17a456e30ba87821d0cb0c884d24c,52670,0ea9a79e2816615c5e62092235290f283a76edb27bf4c5c9534cdab6b94d2366,lk_polonnaruwa,7.9403,81.0188,2026,2026-05-12,2026-05-18,168,2026-05-12,2026-05-18
/Users/vidura/Code/big-weather/data/regional-2020-2025/raw/weather/location_id=lk_polonnaruwa/year=2026/weather-2026-05-19-2026-05-25.parquet,60e8d110fb7a3fae595c22286c95537a2d9aa07d9e8a75f652ad1af2e81f6599,51386,f98ac72535162c9317bcb4a014f492723afb6c94f311453285075bd1ca166ccb,lk_polonnaruwa,7.9403,81.0188,2026,2026-05-19,2026-05-25,168,2026-05-19,2026-05-25
/Users/vidura/Code/big-weather/data/regional-2020-2025/raw/weather/location_id=lk_polonnaruwa/year=2026/weather-2026-05-26-2026-06-01.parquet,dd16c6145467228e37760b5c744ecbf97c1be73ce3c460e874e848c65ce0d2b9,51418,61f1f54432b7b3297c2db3274485eeb22448844c7c2e16a5840a33329e633d1f,lk_polonnaruwa,7.9403,81.0188,2026,2026-05-26,2026-06-01,168,2026-05-26,2026-06-01
/Users/vidura/Code/big-weather/data/regional-2020-2025/raw/weather/location_id=lk_polonnaruwa/year=2026/weather-2026-06-02-2026-06-08.parquet,e9aa86b95347773dadfb0d6dd1129316dc1a0cf33195140be59514537ac2913d,51480,978abe1e76fa0983f0185a1b1758e55c00471ae5115b1f5ed6d4d2b24aa72522,lk_polonnaruwa,7.9403,81.0188,2026,2026-06-02,2026-06-08,168,2026-06-02,2026-06-08
/Users/vidura/Code/big-weather/data/regional-2020-2025/raw/weather/location_id=lk_polonnaruwa/year=2026/weather-2026-06-09-2026-06-15.parquet,f3a789f3ef7df0b54cb8f5d52a9fbcfdf3e101dbcb09530f4334491e8eed6d1c,51109,15640465b18b2f2f60096a6e7feacf83655c3456e08a1fac12e316fa25f2e62d,lk_polonnaruwa,7.9403,81.0188,2026,2026-06-09,2026-06-15,168,2026-06-09,2026-06-15
/Users/vidura/Code/big-weather/data/regional-2020-2025/raw/weather/location_id=lk_polonnaruwa/year=2026/weather-2026-06-16-2026-06-22.parquet,682c6445b5d78383ff285c7651e1b30473d7eca69e56ff3186562710d7d19a87,50858,a054f656e4ef2225f5a89276ba19f4f783216c345b753757e0f8fb245740cd32,lk_polonnaruwa,7.9403,81.0188,2026,2026-06-16,2026-06-22,168,2026-06-16,2026-06-22
/Users/vidura/Code/big-weather/data/regional-2020-2025/raw/weather/location_id=lk_polonnaruwa/year=2026/weather-2026-06-23-2026-06-29.parquet,32101c297abc03517ea23f5e2081a09e6735fca0fb0640582c4fdd09fb76138c,50963,0f8887f35c1eb6558f5a34349b02ff167f4272b7dd9081817287e6f65608610e,lk_polonnaruwa,7.9403,81.0188,2026,2026-06-23,2026-06-29,168,2026-06-23,2026-06-29
/Users/vidura/Code/big-weather/data/regional-2020-2025/raw/weather/location_id=lk_polonnaruwa/year=2026/weather-2026-06-30-2026-07-06.parquet,5f816843fd4b62cdacc77b752b666b468362edb4c12280caa95a580b1429d4bb,51111,fae064052887df7951770b054c54f238025f692ec533fdf66387a680530cf0af,lk_polonnaruwa,7.9403,81.0188,2026,2026-06-30,2026-07-06,168,2026-06-30,2026-07-06
/Users/vidura/Code/big-weather/data/regional-2020-2025/raw/weather/location_id=lk_polonnaruwa/year=2026/weather-2026-07-07-2026-07-13.parquet,2e039411e254bf0386013e2b5e69f58298ec1aaf7d694ac9d5b1bac0f45928c8,50450,808c54de479dd5c01aabd39f66c647c629644d22aea524e7dd0289525d90f57b,lk_polonnaruwa,7.9403,81.0188,2026,2026-07-07,2026-07-13,168,2026-07-07,2026-07-13
/Users/vidura/Code/big-weather/data/regional-2020-2025/raw/weather/location_id=lk_polonnaruwa/year=2026/weather-2026-07-14-2026-07-20.parquet,dd207426c8eea6dc8d6ccbc1205b0c7f4ce19b8eb756cbb17e22161b212edc60,50595,7546b9d478ce34bfaf876ce66ab9a06b0e5c5dc5873731ea8c1fdf1458d7ca30,lk_polonnaruwa,7.9403,81.0188,2026,2026-07-14,2026-07-20,168,2026-07-14,2026-07-20
/Users/vidura/Code/big-weather/data/regional-2020-2025/raw/weather/location_id=lk_polonnaruwa/year=2026/weather-2026-07-21-2026-07-27.parquet,8af442f76fd6608493cf374d5b7eadc5869e8c540d4dddcf96e22ac5e575a7c8,51000,0b8026b8318adbc2f1249cc338c94898869cc5732613279227dde915dfa2a8c7,lk_polonnaruwa,7.9403,81.0188,2026,2026-07-21,2026-07-27,168,2026-07-21,2026-07-27
/Users/vidura/Code/big-weather/data/regional-2020-2025/raw/weather/location_id=lk_polonnaruwa/year=2026/weather-2026-07-28-2026-08-03.parquet,eefbd6208cceb69be81882d509abf13122c6f7a463e0ffd72d2af46b30ae8b43,51340,797d7f59a6da68469a1d14061da05584b689faee632a9fd2928512520a62c1c9,lk_polonnaruwa,7.9403,81.0188,2026,2026-07-28,2026-08-03,168,2026-07-28,2026-08-03
/Users/vidura/Code/big-weather/data/regional-2020-2025/raw/weather/location_id=lk_polonnaruwa/year=2026/weather-2026-08-04-2026-08-10.parquet,4d9bb8bbf12bae78d886f466f5e6b5f968c5ae1822a7530e893d64eaa30568cd,50799,6022cd677d8fa6afa58bd1a9aeccd44a77aa0c388970bd218f36617b0afa2943,lk_polonnaruwa,7.9403,81.0188,2026,2026-08-04,2026-08-10,168,2026-08-04,2026-08-10
/Users/vidura/Code/big-weather/data/regional-2020-2025/raw/weather/location_id=lk_polonnaruwa/year=2026/weather-2026-08-11-2026-08-17.parquet,8b178b1a3771b664d33740c5345ba7c38240ffa2de3738d49f3759fecdd1fdda,50699,b128ea226d0b9447d9a8a080b05271a53cd39e4a6b9fbea1b066645f6212693c,lk_polonnaruwa,7.9403,81.0188,2026,2026-08-11,2026-08-17,168,2026-08-11,2026-08-17
/Users/vidura/Code/big-weather/data/regional-2020-2025/raw/weather/location_id=lk_polonnaruwa/year=2026/weather-2026-08-18-2026-08-24.parquet,1af2224a3635523c57a79e219ebcbbd1e487932572c9a8f40113a4c076e9bba3,50560,1c85d9ef287556ef1a86001fcf7fcfe388e7610efe772499955fcf58797efcdf,lk_polonnaruwa,7.9403,81.0188,2026,2026-08-18,2026-08-24,168,2026-08-18,2026-08-24
/Users/vidura/Code/big-weather/data/regional-2020-2025/raw/weather/location_id=lk_polonnaruwa/year=2026/weather-2026-08-25-2026-08-31.parquet,5b60c6c46498a879f5d3bb3e7e3a5aae0db68e3aaa7e76340a2e2bd7ee99637f,50618,5e4034adf77d07a1eee2f21352ebba4db8681cca06f01eb2da82be55ffc08d58,lk_polonnaruwa,7.9403,81.0188,2026,2026-08-25,2026-08-31,168,2026-08-25,2026-08-31
/Users/vidura/Code/big-weather/data/regional-2020-2025/raw/weather/location_id=lk_puttalam/year=2020/weather.parquet,7f23994129f2c533582d52613a631669161ab5f80f486a6a8fad5bcbf3de5b8f,579009,ff1b607e2af32b195ab867ab272191ae7610e3bb5662d8947d83b700195023b6,lk_puttalam,8.0362,79.8283,2020,2020-01-01,2020-12-31,8784,,
/Users/vidura/Code/big-weather/data/regional-2020-2025/raw/weather/location_id=lk_puttalam/year=2021/weather.parquet,36ce615a210c89ff5ae3d30c1c8a4962e2033d81a8d468535f493d56ed8562a3,575495,84850f3aa5251771d704abed8cac34bba46df1491fab4c4ba694246b137a61d4,lk_puttalam,8.0362,79.8283,2021,2021-01-01,2021-12-31,8760,,
/Users/vidura/Code/big-weather/data/regional-2020-2025/raw/weather/location_id=lk_puttalam/year=2022/weather.parquet,5cac83c71e9a0f0ee0550bc756482b195b377c73cacdd76c828eebdc5fa61e26,580479,0ab30a1baf9e9539401da8273fdfb0930d3db8c0748afded8fd4127e91b9ebd7,lk_puttalam,8.0362,79.8283,2022,2022-01-01,2022-12-31,8760,,
/Users/vidura/Code/big-weather/data/regional-2020-2025/raw/weather/location_id=lk_puttalam/year=2023/weather.parquet,b537ec23e8446906ff6da20f59bd40189fa43baf0482cbe7faa6741b12ee0c20,578535,05e570a4bcab2d11781e6a79eb33428afa059a28d948c6abca8361cfb797a967,lk_puttalam,8.0362,79.8283,2023,2023-01-01,2023-12-31,8760,,
/Users/vidura/Code/big-weather/data/regional-2020-2025/raw/weather/location_id=lk_puttalam/year=2024/weather.parquet,b01ab45d6e1adb1542b8a9fe53b383c79fc3165c9a52a9149952592e7df7966b,572925,bb7a68185001c340815c3671870beeca369a4892b21dece1e373bdd3c09d9fee,lk_puttalam,8.0362,79.8283,2024,2024-01-01,2024-12-31,8784,,
/Users/vidura/Code/big-weather/data/regional-2020-2025/raw/weather/location_id=lk_puttalam/year=2025/weather.parquet,77a2af7c0ce0a40fbc3abcb11cd8e85da03a0bdb5329f121a70f335a2e00d0c4,576141,d5c339650ad0b570b9fa872be45a0b677e426129ff2f1fb04e50351a77baa119,lk_puttalam,8.0362,79.8283,2025,2025-01-01,2025-12-31,8760,,
/Users/vidura/Code/big-weather/data/regional-2020-2025/raw/weather/location_id=lk_puttalam/year=2026/weather-2026-04-28-2026-05-04.parquet,01c6dc272b038831facee63cb20975668eb9c4174fddc84e25113774e2bf59fd,51591,dec5663d3bdb14067e4289782cf7e8d84a2ed54cc6c6a11e4c8d730c05b1a6bd,lk_puttalam,8.0362,79.8283,2026,2026-04-28,2026-05-04,168,2026-04-28,2026-05-04
/Users/vidura/Code/big-weather/data/regional-2020-2025/raw/weather/location_id=lk_puttalam/year=2026/weather-2026-05-05-2026-05-11.parquet,ed25beab2717a0a27bceb3c0a19e5c6b891a1cac4b98b07ae9026f2bc7d428ec,53387,894d8aee297e6258cd15e477929d1783c2566a5bbda7ab0638c8961c32cbe6e4,lk_puttalam,8.0362,79.8283,2026,2026-05-05,2026-05-11,168,2026-05-05,2026-05-11
/Users/vidura/Code/big-weather/data/regional-2020-2025/raw/weather/location_id=lk_puttalam/year=2026/weather-2026-05-12-2026-05-18.parquet,7d7ebf196786431884004c99240b2ec5ee6512b09ba41b18fb59dd5f54623c7c,52441,acd1cdfdcc3b7f8a5a65ee9cf0f4cd024dbc93f735f0940d8c88dbb953c5ea67,lk_puttalam,8.0362,79.8283,2026,2026-05-12,2026-05-18,168,2026-05-12,2026-05-18
/Users/vidura/Code/big-weather/data/regional-2020-2025/raw/weather/location_id=lk_puttalam/year=2026/weather-2026-05-19-2026-05-25.parquet,449de517fe7e5724ccfba171881cdbf21bdc784258bd9f0dc6b8d870007c73cc,50884,ef16827593d4f3e20b96738d092c29e261c91278d4cdfdefd2b763f12734ceaa,lk_puttalam,8.0362,79.8283,2026,2026-05-19,2026-05-25,168,2026-05-19,2026-05-25
/Users/vidura/Code/big-weather/data/regional-2020-2025/raw/weather/location_id=lk_puttalam/year=2026/weather-2026-05-26-2026-06-01.parquet,489f6b6ed277c61eb536bfd254bfbb954463386fb616f00552b483a4c2bece60,50682,5c347282211aecf01c40aca4d49e8e829860c9de945551809a3ca2df612052b5,lk_puttalam,8.0362,79.8283,2026,2026-05-26,2026-06-01,168,2026-05-26,2026-06-01
/Users/vidura/Code/big-weather/data/regional-2020-2025/raw/weather/location_id=lk_puttalam/year=2026/weather-2026-06-02-2026-06-08.parquet,890f17e8503da5f4ce291d63b522b3a96d940a8c76b3192478577767ad6fb833,51625,a388e514a5cf2cc0827d4ed661078109129562ec4b5d3fc098ac2069426b73f0,lk_puttalam,8.0362,79.8283,2026,2026-06-02,2026-06-08,168,2026-06-02,2026-06-08
/Users/vidura/Code/big-weather/data/regional-2020-2025/raw/weather/location_id=lk_puttalam/year=2026/weather-2026-06-09-2026-06-15.parquet,2d952b8dfae97250591f28b5c9049b081625efc841e8c2a6bc81d9b0f10c8f87,51803,c0f55f481f1a752f676b192488df693add80eee8198f1a931bf32f0553bafe13,lk_puttalam,8.0362,79.8283,2026,2026-06-09,2026-06-15,168,2026-06-09,2026-06-15
/Users/vidura/Code/big-weather/data/regional-2020-2025/raw/weather/location_id=lk_puttalam/year=2026/weather-2026-06-16-2026-06-22.parquet,90bb4956cf79ff9cffd6e0d5934451196df9bdc2e3d75b4f2f884af0085f24f0,50799,c329cb5b6113373c2d1c21ae23a158511dcbde0568e744a7d44246c4b3eb3f68,lk_puttalam,8.0362,79.8283,2026,2026-06-16,2026-06-22,168,2026-06-16,2026-06-22
/Users/vidura/Code/big-weather/data/regional-2020-2025/raw/weather/location_id=lk_puttalam/year=2026/weather-2026-06-23-2026-06-29.parquet,935f8584dc7437608b8174227356d362b2308a2b612f3f5783894cd524d6ccc2,50632,e079875cc7b1fba6a5e0ac9dd607ddfcca0d24f7559f9aab0d7d4f087dbc7882,lk_puttalam,8.0362,79.8283,2026,2026-06-23,2026-06-29,168,2026-06-23,2026-06-29
/Users/vidura/Code/big-weather/data/regional-2020-2025/raw/weather/location_id=lk_puttalam/year=2026/weather-2026-06-30-2026-07-06.parquet,88efba1514fb58f0f9d72542afb5371c5bb0be1ac794095657a5acaa47859147,50972,36e7550c5738339080f966fade2875013a57f0dd498942aa2a951a986b306fba,lk_puttalam,8.0362,79.8283,2026,2026-06-30,2026-07-06,168,2026-06-30,2026-07-06
/Users/vidura/Code/big-weather/data/regional-2020-2025/raw/weather/location_id=lk_puttalam/year=2026/weather-2026-07-07-2026-07-13.parquet,5701dc14149509f24912e253c6e1cd92e4ab4fcf9ce1f7fc4ef98c8e9ba3986f,50565,2ab17c81f047328b0f422c1dc77d73732db07bea8529053d8162829e6590138a,lk_puttalam,8.0362,79.8283,2026,2026-07-07,2026-07-13,168,2026-07-07,2026-07-13
/Users/vidura/Code/big-weather/data/regional-2020-2025/raw/weather/location_id=lk_puttalam/year=2026/weather-2026-07-14-2026-07-20.parquet,6a5b64a2bc480247fe63f2e044a29fb7248d5ecb0cd77cae9e77bb16505656d8,50275,f15b38f35f0f96dc437bde38e72919603d4d99155ea97799495fc8056e6bec21,lk_puttalam,8.0362,79.8283,2026,2026-07-14,2026-07-20,168,2026-07-14,2026-07-20
/Users/vidura/Code/big-weather/data/regional-2020-2025/raw/weather/location_id=lk_puttalam/year=2026/weather-2026-07-21-2026-07-27.parquet,cfe51a8dfd8f86d7f68da4286a2b45bd71edb58b04a2a30a9648aad8b697cf33,50523,0a01a5c59bc52504debdc3f7ba18063b536983d6b3873e30c22cccb1569cf1ee,lk_puttalam,8.0362,79.8283,2026,2026-07-21,2026-07-27,168,2026-07-21,2026-07-27
/Users/vidura/Code/big-weather/data/regional-2020-2025/raw/weather/location_id=lk_puttalam/year=2026/weather-2026-07-28-2026-08-03.parquet,21857b3765f84bcedb48b58308cbb1d17d276d4f0d2e06ab83a74012953dc95e,51168,4570072dfae9fc3662bb24015f7f8bca54b485b83c8cf7c7f5229a3759a316ac,lk_puttalam,8.0362,79.8283,2026,2026-07-28,2026-08-03,168,2026-07-28,2026-08-03
/Users/vidura/Code/big-weather/data/regional-2020-2025/raw/weather/location_id=lk_puttalam/year=2026/weather-2026-08-04-2026-08-10.parquet,eb3550de5a625ddcd598d4c727e031da6dc133dc8f08b0815272a057b6d0d1e7,50609,19e923aa0eb2dd2b8f5105600d15c1a05bb08d95ed88b7d5bb7d82796a9dacba,lk_puttalam,8.0362,79.8283,2026,2026-08-04,2026-08-10,168,2026-08-04,2026-08-10
/Users/vidura/Code/big-weather/data/regional-2020-2025/raw/weather/location_id=lk_puttalam/year=2026/weather-2026-08-11-2026-08-17.parquet,75704edb560eef13318f250b1bbdba4166ad0f42d1ed11d39e3b27ff2f756f2b,50337,5eb338a13db9a81385d5ff1f3a72f34535412a4fd5c3f5ed8bec3b944a507e42,lk_puttalam,8.0362,79.8283,2026,2026-08-11,2026-08-17,168,2026-08-11,2026-08-17
/Users/vidura/Code/big-weather/data/regional-2020-2025/raw/weather/location_id=lk_puttalam/year=2026/weather-2026-08-18-2026-08-24.parquet,8d7a3dca7ff047fe915e57426fa4383f6f719e06dc84fddafed72129cc6bc23e,50553,0759c6cfcc4937da9818f8676e2fa6a6234d2d023bf60b91beee05357b569200,lk_puttalam,8.0362,79.8283,2026,2026-08-18,2026-08-24,168,2026-08-18,2026-08-24
/Users/vidura/Code/big-weather/data/regional-2020-2025/raw/weather/location_id=lk_puttalam/year=2026/weather-2026-08-25-2026-08-31.parquet,d00462fb5d0c1d22a3246d595454246e7c3003f2ff76b19e0625c2b551c093bc,50868,ff7a2d76a047a99396cb8af078d70d1e44695d2c9db98a5164d5f3cb2e13e853,lk_puttalam,8.0362,79.8283,2026,2026-08-25,2026-08-31,168,2026-08-25,2026-08-31
/Users/vidura/Code/big-weather/data/regional-2020-2025/raw/weather/location_id=lk_ratnapura/year=2020/weather.parquet,0c49211d3540d258fd99962e35285425d009235ddbec658de5bcfe61721880f8,568871,12b0c9eb9c9359bc774d59fab637067884388a10e627e2101bea57217ae1590a,lk_ratnapura,6.6828,80.3992,2020,2020-01-01,2020-12-31,8784,,
/Users/vidura/Code/big-weather/data/regional-2020-2025/raw/weather/location_id=lk_ratnapura/year=2021/weather.parquet,bb84c737ae7d05fea2f201a8c28366596beb51f9a7eadc7cb42684e0f667287c,566280,02bd344026fc0a487ea9e3f61552235f0b08b22cfe88100dcab0abf57470e3bb,lk_ratnapura,6.6828,80.3992,2021,2021-01-01,2021-12-31,8760,,
/Users/vidura/Code/big-weather/data/regional-2020-2025/raw/weather/location_id=lk_ratnapura/year=2022/weather.parquet,fec917bb178ddbecebfc16269e6453fd9985456a8fc400e0080ff4146f3328fc,571158,f5ac656ec6c55dfb73bd23ac15324421db3851322c942a22d61a33fb45f2fe46,lk_ratnapura,6.6828,80.3992,2022,2022-01-01,2022-12-31,8760,,
/Users/vidura/Code/big-weather/data/regional-2020-2025/raw/weather/location_id=lk_ratnapura/year=2023/weather.parquet,bf25264734a2991bf4199d24fc67a6dc606037ccb8c0bba2334c139cf3e6fa49,564027,d6985de12383f2f65ec687bb2d68cb9f32f241ca8ae136429f30e335260acf26,lk_ratnapura,6.6828,80.3992,2023,2023-01-01,2023-12-31,8760,,
/Users/vidura/Code/big-weather/data/regional-2020-2025/raw/weather/location_id=lk_ratnapura/year=2024/weather.parquet,49638716bea9ce5fbc6cf367a047569b2f005899686a6b182e7d15f3dfeaa246,562377,8c12aba2f26d1cf22e6d869401cbd3a005abc32c80cfe9a5fe37964b1e8bc4a8,lk_ratnapura,6.6828,80.3992,2024,2024-01-01,2024-12-31,8784,,
/Users/vidura/Code/big-weather/data/regional-2020-2025/raw/weather/location_id=lk_ratnapura/year=2025/weather.parquet,f82a739f4fd3b5fdcd63488f1f4e4c7c4a0f18c5f31cad31b1b0f5b620142501,567868,f58ff2f2e07483b61d2823a56857acb01ef066fb1f73f33c72c87db48bed19dc,lk_ratnapura,6.6828,80.3992,2025,2025-01-01,2025-12-31,8760,,
/Users/vidura/Code/big-weather/data/regional-2020-2025/raw/weather/location_id=lk_ratnapura/year=2026/weather-2026-04-28-2026-05-04.parquet,898f8e0be2e00d4a9f93d2f2a73e6dd0a28e07fef62de05308e834e252930ad1,52385,74f1e30a395210c0538e2dfebff216383a33abd7f14639d0b6ab2d502f41eedc,lk_ratnapura,6.6828,80.3992,2026,2026-04-28,2026-05-04,168,2026-04-28,2026-05-04
/Users/vidura/Code/big-weather/data/regional-2020-2025/raw/weather/location_id=lk_ratnapura/year=2026/weather-2026-05-05-2026-05-11.parquet,11a143dcb0652052ed9bb3168f28eb5a4d260c6c306dd7aba816967032d33e91,52579,1b36dd3fbe6b5a6f20633fb14b9b9f341f62cdeef10da4e2949e88e49698e829,lk_ratnapura,6.6828,80.3992,2026,2026-05-05,2026-05-11,168,2026-05-05,2026-05-11
/Users/vidura/Code/big-weather/data/regional-2020-2025/raw/weather/location_id=lk_ratnapura/year=2026/weather-2026-05-12-2026-05-18.parquet,ea2791262682ef9f1ba2bdc93ed16f1f2b7f20b30b87feca7e53121371440944,52672,0d7a1303a695eb9984f93f51045e63e9b49434d93708de506cb60c04b76d8fcc,lk_ratnapura,6.6828,80.3992,2026,2026-05-12,2026-05-18,168,2026-05-12,2026-05-18
/Users/vidura/Code/big-weather/data/regional-2020-2025/raw/weather/location_id=lk_ratnapura/year=2026/weather-2026-05-19-2026-05-25.parquet,e6bc8190e556e81e74dcc295699f2b56bf6ecbbcc98fef8bcab093cf281b96a9,51561,0d3e526ab46dcece8e119fc5e7086065180111114bedd49d685b471a7617c337,lk_ratnapura,6.6828,80.3992,2026,2026-05-19,2026-05-25,168,2026-05-19,2026-05-25
/Users/vidura/Code/big-weather/data/regional-2020-2025/raw/weather/location_id=lk_ratnapura/year=2026/weather-2026-05-26-2026-06-01.parquet,f7bd1400dd767a13c8c952ae8e545a524bafde030eb230903497ddb84e2858bd,51500,6eaada948d770830e7a87c0af9b00b71c8e7f36fd4a4e21405d0ff508de20c0f,lk_ratnapura,6.6828,80.3992,2026,2026-05-26,2026-06-01,168,2026-05-26,2026-06-01
/Users/vidura/Code/big-weather/data/regional-2020-2025/raw/weather/location_id=lk_ratnapura/year=2026/weather-2026-06-02-2026-06-08.parquet,2d94b867f9ae16faa9a9f4699b19877713b68ab9133acb14ed5d4fffa6d216cf,52015,28c9ae3c85ac74847d8d68343387f7c1cc47ece890907fd0296fe2eaa332f2a4,lk_ratnapura,6.6828,80.3992,2026,2026-06-02,2026-06-08,168,2026-06-02,2026-06-08
/Users/vidura/Code/big-weather/data/regional-2020-2025/raw/weather/location_id=lk_ratnapura/year=2026/weather-2026-06-09-2026-06-15.parquet,055b288d75a9243245b6a55cfc439ae4bde514d1f7fbc22d3a05cb2eae1269d4,52472,86cbf97159905f65cc1d81963c243e93e093eb00f32cad9dfa8b8be42d1031ac,lk_ratnapura,6.6828,80.3992,2026,2026-06-09,2026-06-15,168,2026-06-09,2026-06-15
/Users/vidura/Code/big-weather/data/regional-2020-2025/raw/weather/location_id=lk_ratnapura/year=2026/weather-2026-06-16-2026-06-22.parquet,9389776de99b26bf931cad64a852c24567340a4cb1f0eca9f4e75a5866697d27,52468,8c085ddee89a6486b6371c4c297022daede08cc294f12fe049e210dcc56e2700,lk_ratnapura,6.6828,80.3992,2026,2026-06-16,2026-06-22,168,2026-06-16,2026-06-22
/Users/vidura/Code/big-weather/data/regional-2020-2025/raw/weather/location_id=lk_ratnapura/year=2026/weather-2026-06-23-2026-06-29.parquet,f2bed943149eb57f9f66cb0f8d880016aa5055bc386b044c5e619bac0c3db78b,52293,3d73a6c60cf87eb8ff0f20cc3fe4810059cd4509d3c478bbcd5a597351865c39,lk_ratnapura,6.6828,80.3992,2026,2026-06-23,2026-06-29,168,2026-06-23,2026-06-29
/Users/vidura/Code/big-weather/data/regional-2020-2025/raw/weather/location_id=lk_ratnapura/year=2026/weather-2026-06-30-2026-07-06.parquet,52e5a2be751128543f71bd6ba02f527abb970518eaaa1f6d8d720e29e0e3dbb2,52003,578c9238541fac742f2d021549e545e45b8c900f411fec50c38234c6410886cc,lk_ratnapura,6.6828,80.3992,2026,2026-06-30,2026-07-06,168,2026-06-30,2026-07-06
/Users/vidura/Code/big-weather/data/regional-2020-2025/raw/weather/location_id=lk_ratnapura/year=2026/weather-2026-07-07-2026-07-13.parquet,787e8952fea18f2440db6e64ec2d8ad723b5b1926618e037c0efb0da89579f12,51793,9e5b1dd11b0f96e078d6aa2648b23d349b4943e6abb8f2366830b56ef7f083ef,lk_ratnapura,6.6828,80.3992,2026,2026-07-07,2026-07-13,168,2026-07-07,2026-07-13
/Users/vidura/Code/big-weather/data/regional-2020-2025/raw/weather/location_id=lk_ratnapura/year=2026/weather-2026-07-14-2026-07-20.parquet,8dd00d1a0ec0db15ad677f77c84230d3537f9fff6883133d864fce97bc1b441c,51513,37e6cf74b1a1ffc878b609e64957460e0ce1ae38794b425653c2e0346d97c49b,lk_ratnapura,6.6828,80.3992,2026,2026-07-14,2026-07-20,168,2026-07-14,2026-07-20
/Users/vidura/Code/big-weather/data/regional-2020-2025/raw/weather/location_id=lk_ratnapura/year=2026/weather-2026-07-21-2026-07-27.parquet,9cc8c3585a1ed6cfc45e3701e7efc209971abe51995c4665bfef3b2f49fbdeea,52317,699408b895a0b5be30cf01f5e860e8a0c0eefbf0970a2e274f8e3572fb77d152,lk_ratnapura,6.6828,80.3992,2026,2026-07-21,2026-07-27,168,2026-07-21,2026-07-27
/Users/vidura/Code/big-weather/data/regional-2020-2025/raw/weather/location_id=lk_ratnapura/year=2026/weather-2026-07-28-2026-08-03.parquet,dc450519bdb7d96bfe108758f47eebc6fbed8b421d0aab069535a29939dba5e0,52794,11ea3530fbc26187f5902d003a93e0745975b18020a8fdec649e5e14fa0bc36e,lk_ratnapura,6.6828,80.3992,2026,2026-07-28,2026-08-03,168,2026-07-28,2026-08-03
/Users/vidura/Code/big-weather/data/regional-2020-2025/raw/weather/location_id=lk_ratnapura/year=2026/weather-2026-08-04-2026-08-10.parquet,cc078597ee3acf55065f918dd8cc9aacaade1242c5f500b8333750250e05ffc5,51858,506a8bf602a9c05d6ccddac36f071c2b2bdc6e7ae2042611445ac4de4383d5ca,lk_ratnapura,6.6828,80.3992,2026,2026-08-04,2026-08-10,168,2026-08-04,2026-08-10
/Users/vidura/Code/big-weather/data/regional-2020-2025/raw/weather/location_id=lk_ratnapura/year=2026/weather-2026-08-11-2026-08-17.parquet,c9288f9a21920757891df9f90b8a6392ce32847b9a61f0d5c6f928c49dfc2a46,51563,02f6c44386613fc364095379103d7b3ed46748457367a0199be94855910c3094,lk_ratnapura,6.6828,80.3992,2026,2026-08-11,2026-08-17,168,2026-08-11,2026-08-17
/Users/vidura/Code/big-weather/data/regional-2020-2025/raw/weather/location_id=lk_ratnapura/year=2026/weather-2026-08-18-2026-08-24.parquet,ac06671d6b7fa3f1578025a8a5c002cd97e50d1785d9c5863787b2c3244a4444,51480,fd842aa583923bd891b926688eb8ddcfba74643b13c22b07fa70db722c28475c,lk_ratnapura,6.6828,80.3992,2026,2026-08-18,2026-08-24,168,2026-08-18,2026-08-24
/Users/vidura/Code/big-weather/data/regional-2020-2025/raw/weather/location_id=lk_ratnapura/year=2026/weather-2026-08-25-2026-08-31.parquet,d34f0dd1564f01cc3c4613cb2d5b44f2f54d01142ee53161965c79d4959f0365,51286,e09c46dbee1942995a2468eeb11c0021e35c6915394b6f87ed5b05d226645d30,lk_ratnapura,6.6828,80.3992,2026,2026-08-25,2026-08-31,168,2026-08-25,2026-08-31
/Users/vidura/Code/big-weather/data/regional-2020-2025/raw/weather/location_id=lk_sri_pada/year=2026/weather-2026-04-28-2026-05-04.parquet,0a92e341ad6cabc7fb83c2d3445cafd6f298a6cb0fde6f81ed58d2399e40b715,51973,12a36e9bca35e39cf5276a623f1961c12c54cc162b7274ac0a8231a19244480a,lk_sri_pada,6.8096,80.4994,2026,2026-04-28,2026-05-04,168,2026-04-28,2026-05-04
/Users/vidura/Code/big-weather/data/regional-2020-2025/raw/weather/location_id=lk_sri_pada/year=2026/weather-2026-05-05-2026-05-11.parquet,c00622baa087c92b8b1cfd41df90656a89c2e806e6eaa39fe44e6f012f7be853,52611,e9edef616d41da13a6ebd35205081b99ffd8a9b1c67869520ea8a1c6b970296f,lk_sri_pada,6.8096,80.4994,2026,2026-05-05,2026-05-11,168,2026-05-05,2026-05-11
/Users/vidura/Code/big-weather/data/regional-2020-2025/raw/weather/location_id=lk_sri_pada/year=2026/weather-2026-05-12-2026-05-18.parquet,e4510e13c27f1830afd7156a81a217714fc2034b74c63ec833ec328189a910ef,52558,1e01f090d39ab8fbb6c926fd1cff02cadaaf2e0383ac3bbfb537f30bef68cd10,lk_sri_pada,6.8096,80.4994,2026,2026-05-12,2026-05-18,168,2026-05-12,2026-05-18
/Users/vidura/Code/big-weather/data/regional-2020-2025/raw/weather/location_id=lk_sri_pada/year=2026/weather-2026-05-19-2026-05-25.parquet,03732475329af6615d9200948dbedf8b1948f665583701c3d38df016e51c63c5,51326,0088ba40aaef4a743f7282475d289eac07b7382966eccb9d05beaddc1b8a1dc5,lk_sri_pada,6.8096,80.4994,2026,2026-05-19,2026-05-25,168,2026-05-19,2026-05-25
/Users/vidura/Code/big-weather/data/regional-2020-2025/raw/weather/location_id=lk_sri_pada/year=2026/weather-2026-05-26-2026-06-01.parquet,384f1ce2a3a819cab750525ce340050cc03174ca6e0fd7dc3226ddf104305697,51458,83844cb7f9d9eaecd33fe4cd71c0a2de34b8b9ecafe8b38a573bacc090a66afb,lk_sri_pada,6.8096,80.4994,2026,2026-05-26,2026-06-01,168,2026-05-26,2026-06-01
/Users/vidura/Code/big-weather/data/regional-2020-2025/raw/weather/location_id=lk_sri_pada/year=2026/weather-2026-06-02-2026-06-08.parquet,2cee51287da1fda32558cac00e21edf3bf670193ff332f75cffc3fa31c33d98d,51754,af66fabaa8f0e7f68d307af72b57fbabf2ab4ac9b3f170f58025cb43a496caf1,lk_sri_pada,6.8096,80.4994,2026,2026-06-02,2026-06-08,168,2026-06-02,2026-06-08
/Users/vidura/Code/big-weather/data/regional-2020-2025/raw/weather/location_id=lk_sri_pada/year=2026/weather-2026-06-09-2026-06-15.parquet,24d3f2fa247ea3a641690bff25f74c989d862fe2683a952379b7a26f42f92bcf,52007,7f2683df42baf98db96e9d5bfa1468ac331be99e04f60195268ed637a4a99a8a,lk_sri_pada,6.8096,80.4994,2026,2026-06-09,2026-06-15,168,2026-06-09,2026-06-15
/Users/vidura/Code/big-weather/data/regional-2020-2025/raw/weather/location_id=lk_sri_pada/year=2026/weather-2026-06-16-2026-06-22.parquet,b70537ef0e119969660785cef239b84511b2122b9e8abbe4545a556fdd45a76c,52011,cdabe37f6916d41729a5f6d00ef71f2455ff29ab27bc58300ae80382c8735422,lk_sri_pada,6.8096,80.4994,2026,2026-06-16,2026-06-22,168,2026-06-16,2026-06-22
/Users/vidura/Code/big-weather/data/regional-2020-2025/raw/weather/location_id=lk_sri_pada/year=2026/weather-2026-06-23-2026-06-29.parquet,7ccaca47b3c54103509430957cebd231a3da01b704236a246edd829d8f66af76,51662,2378b38b386393b1c18da59410993da4e1e04520b886359b36e6d87bd8ae7fb4,lk_sri_pada,6.8096,80.4994,2026,2026-06-23,2026-06-29,168,2026-06-23,2026-06-29
/Users/vidura/Code/big-weather/data/regional-2020-2025/raw/weather/location_id=lk_sri_pada/year=2026/weather-2026-06-30-2026-07-06.parquet,731f5f3dfd0f7f076d063c10b1ed679ab22732dcbef8576cd98949e398ba7be6,51764,5df8c581ac824a046f0aeb51e4f1fdd917b1b26677e502200985364d8d3e2695,lk_sri_pada,6.8096,80.4994,2026,2026-06-30,2026-07-06,168,2026-06-30,2026-07-06
/Users/vidura/Code/big-weather/data/regional-2020-2025/raw/weather/location_id=lk_sri_pada/year=2026/weather-2026-07-07-2026-07-13.parquet,ceec68578265a3476f4476d1e1e3d1af4bf5c002384226002291faebc14d769d,51341,d89055d0a4e6b81512df58327341bec46bc27fb93adb7167416efe69f59cd599,lk_sri_pada,6.8096,80.4994,2026,2026-07-07,2026-07-13,168,2026-07-07,2026-07-13
/Users/vidura/Code/big-weather/data/regional-2020-2025/raw/weather/location_id=lk_sri_pada/year=2026/weather-2026-07-14-2026-07-20.parquet,2d482d31a4aa15fabb571fb435e3daedc63e613c4eaf67a4d1a1d9f101214a1c,51537,f6977ee614cab6b46b479104c089f60b860e160ecdcde723e203e1ebaf4a80bd,lk_sri_pada,6.8096,80.4994,2026,2026-07-14,2026-07-20,168,2026-07-14,2026-07-20
/Users/vidura/Code/big-weather/data/regional-2020-2025/raw/weather/location_id=lk_sri_pada/year=2026/weather-2026-07-21-2026-07-27.parquet,18b8bb4d91d676208123b03c9d5849b705ca811650739caa7f438c8c75c6fcf1,52105,2059fd82bdf73dbf4947fcd1e81e4c0f24eb1b7b92ef1ce5492a696ad89125d3,lk_sri_pada,6.8096,80.4994,2026,2026-07-21,2026-07-27,168,2026-07-21,2026-07-27
/Users/vidura/Code/big-weather/data/regional-2020-2025/raw/weather/location_id=lk_sri_pada/year=2026/weather-2026-07-28-2026-08-03.parquet,747dae9609028a0c03cb715dea2ccfafb4ba9c29e05ab55d623583e125b0e4ea,52669,427cb6e3450984fcc1214a3a3efa6e36dd16c3e81df04714b65abed96b8cf154,lk_sri_pada,6.8096,80.4994,2026,2026-07-28,2026-08-03,168,2026-07-28,2026-08-03
/Users/vidura/Code/big-weather/data/regional-2020-2025/raw/weather/location_id=lk_sri_pada/year=2026/weather-2026-08-04-2026-08-10.parquet,bfa0288d9955bd13ab5dd1413a6ff40ec2205a7a6620804276c60e02394f588d,51516,0b7187d0eb58181c38d6cca4e4daeb37d7e3d3cba22ee22210c14b2f289f185f,lk_sri_pada,6.8096,80.4994,2026,2026-08-04,2026-08-10,168,2026-08-04,2026-08-10
/Users/vidura/Code/big-weather/data/regional-2020-2025/raw/weather/location_id=lk_sri_pada/year=2026/weather-2026-08-11-2026-08-17.parquet,fd8fd561d59328bed19995b25b228e9fc11c1772462a9666909571dfa1697cfb,51146,d10d8f77a0559663b088dcf810606ae720ad1274da79d7ba95809a5fa0084cf0,lk_sri_pada,6.8096,80.4994,2026,2026-08-11,2026-08-17,168,2026-08-11,2026-08-17
/Users/vidura/Code/big-weather/data/regional-2020-2025/raw/weather/location_id=lk_sri_pada/year=2026/weather-2026-08-18-2026-08-24.parquet,9160b06a47ec84e4129f1f6d0f40ccbe2d36529905fee89205a36b71311485fb,51234,f41fbedd4752531852764fa437a89d1c75f3281fbcaa4913def8cd696e1158ec,lk_sri_pada,6.8096,80.4994,2026,2026-08-18,2026-08-24,168,2026-08-18,2026-08-24
/Users/vidura/Code/big-weather/data/regional-2020-2025/raw/weather/location_id=lk_sri_pada/year=2026/weather-2026-08-25-2026-08-31.parquet,0ea507168890c19740b0e7c7bc76e6f12a209d8bd5aca627ab1890935d488281,50996,c1f412b8ecf0f00865e6bc001125827921095a1d3787df742a554c51591517b3,lk_sri_pada,6.8096,80.4994,2026,2026-08-25,2026-08-31,168,2026-08-25,2026-08-31
/Users/vidura/Code/big-weather/data/regional-2020-2025/raw/weather/location_id=lk_trincomalee/year=2020/weather.parquet,bf95cbfa008222c060c512ef411f924cfa7960b4ac6dacf1b753b9be59f673d2,574698,922130ca4cb2f6f77f1a8a397a1340ff5e719c9f36f1e357ca20ece2e0ebc044,lk_trincomalee,8.5874,81.2152,2020,2020-01-01,2020-12-31,8784,,
/Users/vidura/Code/big-weather/data/regional-2020-2025/raw/weather/location_id=lk_trincomalee/year=2021/weather.parquet,69b5bfa6380443231d25c445aac32bbdf6a9e451f6ec1bb599dc5e18cc9f3da8,577550,0c6e0c08e1712d8e6e5fc1586a90b6862ad21969d258ce617c2643b93635a5e9,lk_trincomalee,8.5874,81.2152,2021,2021-01-01,2021-12-31,8760,,
/Users/vidura/Code/big-weather/data/regional-2020-2025/raw/weather/location_id=lk_trincomalee/year=2022/weather.parquet,5d5f09f70e04715f18d5057679291b651ea8115b3c08156c4a16bb2f3a9f17fc,578407,c4ee819db4c1a0988990810e36c1a1c4cc523ffa0263098388668cc51b078295,lk_trincomalee,8.5874,81.2152,2022,2022-01-01,2022-12-31,8760,,
/Users/vidura/Code/big-weather/data/regional-2020-2025/raw/weather/location_id=lk_trincomalee/year=2023/weather.parquet,65951c61c9a5e068ae3415bc46a9eb16c9821735b9db7a24ecdfa0d605f35666,580231,8b329772bcad3d17269df9e6a19169bc644390f6f18e990d744dd21b1566d3f5,lk_trincomalee,8.5874,81.2152,2023,2023-01-01,2023-12-31,8760,,
/Users/vidura/Code/big-weather/data/regional-2020-2025/raw/weather/location_id=lk_trincomalee/year=2024/weather.parquet,ec37d95260dc12469d2064675ba1e2d9831dd5628419f5465ffb1748f48453d5,569659,5f912262b08273c8710d7ff00ae585f6cd4a64b17e02a87de62a752b527ef576,lk_trincomalee,8.5874,81.2152,2024,2024-01-01,2024-12-31,8784,,
/Users/vidura/Code/big-weather/data/regional-2020-2025/raw/weather/location_id=lk_trincomalee/year=2025/weather.parquet,dff3e54d93708167fe073e7551f3c691492b97e2006899c7bde79b3fb5790cd9,581497,46ce90322ca5dc6e6cc942feb6842ded985d70365fef80ec6811240bc2a300cf,lk_trincomalee,8.5874,81.2152,2025,2025-01-01,2025-12-31,8760,,
/Users/vidura/Code/big-weather/data/regional-2020-2025/raw/weather/location_id=lk_trincomalee/year=2026/weather-2026-04-28-2026-05-04.parquet,9306a592230eb48d3442882494ad7c76a44b7def7cc35c29d8eafaef2dd6115e,52149,651220d4771525921c66322df48a454c3191cceb98c29a6e1554afef400e33c1,lk_trincomalee,8.5874,81.2152,2026,2026-04-28,2026-05-04,168,2026-04-28,2026-05-04
/Users/vidura/Code/big-weather/data/regional-2020-2025/raw/weather/location_id=lk_trincomalee/year=2026/weather-2026-05-05-2026-05-11.parquet,f6052eb97acf8aabfd701b8cb59407ff3687887d9f75d04552199478289e6df9,53715,2267b135bc9bec5b0340794784707a2944ea6ddf749879ec763f6f605db2b1de,lk_trincomalee,8.5874,81.2152,2026,2026-05-05,2026-05-11,168,2026-05-05,2026-05-11
/Users/vidura/Code/big-weather/data/regional-2020-2025/raw/weather/location_id=lk_trincomalee/year=2026/weather-2026-05-12-2026-05-18.parquet,0eaed324b8559682187e5e0061b2f94c762864ec5ba2a495e26512cf97ae39b8,52896,e63c6329dca5b064f0cbb0ae8e1ceecd54fc29186f060be3a8076a72aa26a634,lk_trincomalee,8.5874,81.2152,2026,2026-05-12,2026-05-18,168,2026-05-12,2026-05-18
/Users/vidura/Code/big-weather/data/regional-2020-2025/raw/weather/location_id=lk_trincomalee/year=2026/weather-2026-05-19-2026-05-25.parquet,e178783914d754b583383dd187c204411065818db0d964a333e0de585b0b2d22,51340,8b2e9205ac2ba93d5b3649a776c33be9beaaa533acaf09810cf24bc418673735,lk_trincomalee,8.5874,81.2152,2026,2026-05-19,2026-05-25,168,2026-05-19,2026-05-25
/Users/vidura/Code/big-weather/data/regional-2020-2025/raw/weather/location_id=lk_trincomalee/year=2026/weather-2026-05-26-2026-06-01.parquet,fb0f5b4511e6c1e69692a29e809e70e710ac116a0977409d13f2e8e9dfc376c8,51029,8b38fa599fbf0b7f40173bfd0388cafc412582e592c148af453cab8a436d7753,lk_trincomalee,8.5874,81.2152,2026,2026-05-26,2026-06-01,168,2026-05-26,2026-06-01
/Users/vidura/Code/big-weather/data/regional-2020-2025/raw/weather/location_id=lk_trincomalee/year=2026/weather-2026-06-02-2026-06-08.parquet,7956ad279267405ada37c59d4765868578ff5abccea2bbfcc11918971ccaed7d,51085,136c49981bbf8320846a435ec0f7259995ef277220644cfa23b8eeba3e961204,lk_trincomalee,8.5874,81.2152,2026,2026-06-02,2026-06-08,168,2026-06-02,2026-06-08
/Users/vidura/Code/big-weather/data/regional-2020-2025/raw/weather/location_id=lk_trincomalee/year=2026/weather-2026-06-09-2026-06-15.parquet,9bfdb4ed06f57384032291a4e0ead39f546dcf505bd5e3aad8c8429bc869bdc7,51385,0984237cba4ac4743ab5ac2d96bed84af48fd4bb0f0155fc2014f5bb0d60bde6,lk_trincomalee,8.5874,81.2152,2026,2026-06-09,2026-06-15,168,2026-06-09,2026-06-15
/Users/vidura/Code/big-weather/data/regional-2020-2025/raw/weather/location_id=lk_trincomalee/year=2026/weather-2026-06-16-2026-06-22.parquet,c4422c3b55e5562a75b8241a7681c1280bb963bfe70bc3293baad95249c813c9,51153,fc70227548aa3ff48b0b80aba5bd5eeb44684099e641d5e96a164d9687ab780a,lk_trincomalee,8.5874,81.2152,2026,2026-06-16,2026-06-22,168,2026-06-16,2026-06-22
/Users/vidura/Code/big-weather/data/regional-2020-2025/raw/weather/location_id=lk_trincomalee/year=2026/weather-2026-06-23-2026-06-29.parquet,574e1c8769fb43783462950e84824edf06b15aeba939accfdc9f4b4597c902b4,50834,97a3d6b8e1ff93dcf0a85aea373639e3868a268b93b660c990869e49191e3248,lk_trincomalee,8.5874,81.2152,2026,2026-06-23,2026-06-29,168,2026-06-23,2026-06-29
/Users/vidura/Code/big-weather/data/regional-2020-2025/raw/weather/location_id=lk_trincomalee/year=2026/weather-2026-06-30-2026-07-06.parquet,1576ccb535a5d9dae962f6215a4733f8a8efefee6a403113a6bb2dcc6e49a1a4,50787,7bc27d91597d48a6627d618ebb4b0b94bb6b5d3dc0a56342b798267fd8ca7ae6,lk_trincomalee,8.5874,81.2152,2026,2026-06-30,2026-07-06,168,2026-06-30,2026-07-06
/Users/vidura/Code/big-weather/data/regional-2020-2025/raw/weather/location_id=lk_trincomalee/year=2026/weather-2026-07-07-2026-07-13.parquet,a303a9066679ed8e0457b7381e16e6443b2850276a40869738b59cbc7de66827,50689,3a2cabb2e2d1dc8769acefb149e8db230ef2f459a4f58cbfdfc0733fe296a417,lk_trincomalee,8.5874,81.2152,2026,2026-07-07,2026-07-13,168,2026-07-07,2026-07-13
/Users/vidura/Code/big-weather/data/regional-2020-2025/raw/weather/location_id=lk_trincomalee/year=2026/weather-2026-07-14-2026-07-20.parquet,ced3544f050b2d29d02808e9187a076fc239394629528f3829a346843e245b2e,50705,9a2a2170a5f6a0f82efebdc862351ab51e3a5e7f77c4061d226efc9ff37f03bf,lk_trincomalee,8.5874,81.2152,2026,2026-07-14,2026-07-20,168,2026-07-14,2026-07-20
/Users/vidura/Code/big-weather/data/regional-2020-2025/raw/weather/location_id=lk_trincomalee/year=2026/weather-2026-07-21-2026-07-27.parquet,e5a8f3e059f152099b100e7854ce7ac657199222fb7107ca869bc4d46acddb26,51461,debaeb41476994e1e5d4b5697736169eed1e9f2c17c8a79c2dcf48c6bdcb4817,lk_trincomalee,8.5874,81.2152,2026,2026-07-21,2026-07-27,168,2026-07-21,2026-07-27
/Users/vidura/Code/big-weather/data/regional-2020-2025/raw/weather/location_id=lk_trincomalee/year=2026/weather-2026-07-28-2026-08-03.parquet,801f41b2fab5f6de7f9cab545ab4fe625d82f0b5aa0fa14f970e206ccd11ae1b,51330,1e9aa667c21ee52c2304fb48e9caca113b1af258fb135824158b246fb641ca6b,lk_trincomalee,8.5874,81.2152,2026,2026-07-28,2026-08-03,168,2026-07-28,2026-08-03
/Users/vidura/Code/big-weather/data/regional-2020-2025/raw/weather/location_id=lk_trincomalee/year=2026/weather-2026-08-04-2026-08-10.parquet,2a97d795e5fdfa2e60b364a693107666a7619ebb7b03f2cf1408a495a7218687,51328,9b7f0cdbe9fdd70f0f06b5b66f37d69435e49f45aa7145e7fbf6900bf23900dd,lk_trincomalee,8.5874,81.2152,2026,2026-08-04,2026-08-10,168,2026-08-04,2026-08-10
/Users/vidura/Code/big-weather/data/regional-2020-2025/raw/weather/location_id=lk_trincomalee/year=2026/weather-2026-08-11-2026-08-17.parquet,dc62100c760401f6d1db46729b9ce4e7bd319660a5887b8bdb57f75e3e748aeb,50998,5da42b80659d5b3a65a70f2168d424c9bab2292bc9fecf0c43b210eec1ae0013,lk_trincomalee,8.5874,81.2152,2026,2026-08-11,2026-08-17,168,2026-08-11,2026-08-17
/Users/vidura/Code/big-weather/data/regional-2020-2025/raw/weather/location_id=lk_trincomalee/year=2026/weather-2026-08-18-2026-08-24.parquet,c8ffd9561b3ad2b0931591ecbf991bdd3b90152c9df0a113bfaa6a3800eaed29,50701,87f69b81a8f610e0fce55506006c3f6b6fafbd7a64bded3ccf41fa9b1fdceaea,lk_trincomalee,8.5874,81.2152,2026,2026-08-18,2026-08-24,168,2026-08-18,2026-08-24
/Users/vidura/Code/big-weather/data/regional-2020-2025/raw/weather/location_id=lk_trincomalee/year=2026/weather-2026-08-25-2026-08-31.parquet,b96cc0ab5773ad5bb54412efd359293862ebbd23002b7c41e6afac6496b96712,51008,810c218594d06ed1e41eb75c735473816b66a33fff1aad7ffbf70e5ac7206f56,lk_trincomalee,8.5874,81.2152,2026,2026-08-25,2026-08-31,168,2026-08-25,2026-08-31
/Users/vidura/Code/big-weather/data/regional-2020-2025/raw/weather/location_id=lk_welimada/year=2026/weather-2026-04-28-2026-05-04.parquet,54d633e3262e480b7eba24e23cd0408d4fd596a26f83f091615dabf0006c883c,52324,c9e28f2bec8ee5c837c16d186c2384c6785df787b23ee212ce713d3285dbb57d,lk_welimada,6.902,80.9223,2026,2026-04-28,2026-05-04,168,2026-04-28,2026-05-04
/Users/vidura/Code/big-weather/data/regional-2020-2025/raw/weather/location_id=lk_welimada/year=2026/weather-2026-05-05-2026-05-11.parquet,2df3bc32c20cde11b30e00a7bf8d07bd13b2d8362674795a985de1f987cabcdf,52427,dd04e19c74ce2262d4489fdff03a4d7b1c47a3f58f6b57eecc305bb654d89708,lk_welimada,6.902,80.9223,2026,2026-05-05,2026-05-11,168,2026-05-05,2026-05-11
/Users/vidura/Code/big-weather/data/regional-2020-2025/raw/weather/location_id=lk_welimada/year=2026/weather-2026-05-12-2026-05-18.parquet,f26d622a53e589fe7be62b9e363b813962f07a4bd00c1e17bc9244a52ba26e62,52554,6268968f7623a1f6cb7ae1031d4d7fa637ab8300162ba5566e4f2620ebe1aac3,lk_welimada,6.902,80.9223,2026,2026-05-12,2026-05-18,168,2026-05-12,2026-05-18
/Users/vidura/Code/big-weather/data/regional-2020-2025/raw/weather/location_id=lk_welimada/year=2026/weather-2026-05-19-2026-05-25.parquet,4ef0a29edc3ae9bd52607015da2ec14b8ae4727004c0a3b8759f742ce59e479b,51527,1e2f436ef4d589cc674ab06448de743ed3bd4b278e7de6a5d1e7f92165eb641b,lk_welimada,6.902,80.9223,2026,2026-05-19,2026-05-25,168,2026-05-19,2026-05-25
/Users/vidura/Code/big-weather/data/regional-2020-2025/raw/weather/location_id=lk_welimada/year=2026/weather-2026-05-26-2026-06-01.parquet,541b6119766b5d313edba463b34da1167914bcde0097c542f44cf9bc76230e99,51644,b740c8a9c25fd4d486b8b2884ef217e8306b311e0045bc5566af27d31c1c2fa8,lk_welimada,6.902,80.9223,2026,2026-05-26,2026-06-01,168,2026-05-26,2026-06-01
/Users/vidura/Code/big-weather/data/regional-2020-2025/raw/weather/location_id=lk_welimada/year=2026/weather-2026-06-02-2026-06-08.parquet,07d697bade3fc605f0b04dd236234fe9abb620eeeea7b4ebf82fd6cc00600feb,51400,e039aa79189d3d5c6ab93e359e7196701af8fe72edb5e093546baddada35c565,lk_welimada,6.902,80.9223,2026,2026-06-02,2026-06-08,168,2026-06-02,2026-06-08
/Users/vidura/Code/big-weather/data/regional-2020-2025/raw/weather/location_id=lk_welimada/year=2026/weather-2026-06-09-2026-06-15.parquet,2abf600d47b8694cce6b7ea527c663e734fcc3059c90af7c2150a03ffe571cc8,51713,e2c8d59dd6bbffc39982b90db6ef4e9476be5df7849bb891764eeb68a4089853,lk_welimada,6.902,80.9223,2026,2026-06-09,2026-06-15,168,2026-06-09,2026-06-15
/Users/vidura/Code/big-weather/data/regional-2020-2025/raw/weather/location_id=lk_welimada/year=2026/weather-2026-06-16-2026-06-22.parquet,a46f4c67fdb74a37be9caec545036f75b3a1f399ee274164f3fa86659c7c561f,52042,fdd9f975571a3d8ef7cf3d8a61c9856a3f2b50cd0fe6829032949255f500427d,lk_welimada,6.902,80.9223,2026,2026-06-16,2026-06-22,168,2026-06-16,2026-06-22
/Users/vidura/Code/big-weather/data/regional-2020-2025/raw/weather/location_id=lk_welimada/year=2026/weather-2026-06-23-2026-06-29.parquet,44efd2a1d4fdae28bef59f7e56784561ce0aef17de4aa93752ce7a219ab377f1,52098,2faa2a3590b627f3823459ff1e97ad4d59514bac06333069e30d51abb62b6ec2,lk_welimada,6.902,80.9223,2026,2026-06-23,2026-06-29,168,2026-06-23,2026-06-29
/Users/vidura/Code/big-weather/data/regional-2020-2025/raw/weather/location_id=lk_welimada/year=2026/weather-2026-06-30-2026-07-06.parquet,efc8380446a0e99bc12dcba2ce578923d8e5a27c3047575334f05084d8a580f3,52407,5dd8c214ee93ebd3cb739da11cf484a3bba254b6ffdba1d3d23e232106262038,lk_welimada,6.902,80.9223,2026,2026-06-30,2026-07-06,168,2026-06-30,2026-07-06
/Users/vidura/Code/big-weather/data/regional-2020-2025/raw/weather/location_id=lk_welimada/year=2026/weather-2026-07-07-2026-07-13.parquet,758e9004c2a8634c43b9e933ccb6c32944d1a9f63e3961500f978fb7eea47aa2,52001,0c3438d9d5553c9426a3d1aa36f114aaba7f9038637b75bacc7baf0f9c908a09,lk_welimada,6.902,80.9223,2026,2026-07-07,2026-07-13,168,2026-07-07,2026-07-13
/Users/vidura/Code/big-weather/data/regional-2020-2025/raw/weather/location_id=lk_welimada/year=2026/weather-2026-07-14-2026-07-20.parquet,36a66b3ea8505063384fb2717f8f261336750afad22a81c82edbdace664db5b1,51187,c226e41cf7266511213deae6a22605657b5a973e10f45307c2636920d78bdaa5,lk_welimada,6.902,80.9223,2026,2026-07-14,2026-07-20,168,2026-07-14,2026-07-20
/Users/vidura/Code/big-weather/data/regional-2020-2025/raw/weather/location_id=lk_welimada/year=2026/weather-2026-07-21-2026-07-27.parquet,03e03c45686386fecf7c385354c4c7fb109491c4c23d804d4116a945b824283d,51770,b352a68f3cb8d9a19c37600a48aa097d30d755d80fe9f6824d574fc15f5750c5,lk_welimada,6.902,80.9223,2026,2026-07-21,2026-07-27,168,2026-07-21,2026-07-27
/Users/vidura/Code/big-weather/data/regional-2020-2025/raw/weather/location_id=lk_welimada/year=2026/weather-2026-07-28-2026-08-03.parquet,8a9ded75739c5bfa18e5f6f492cdd083e643ed8792e69a30420e4e2ca5526abc,52261,917305f6b2cdb92df8a3267a34e60bb9060a4a921173e8136616976970a36a00,lk_welimada,6.902,80.9223,2026,2026-07-28,2026-08-03,168,2026-07-28,2026-08-03
/Users/vidura/Code/big-weather/data/regional-2020-2025/raw/weather/location_id=lk_welimada/year=2026/weather-2026-08-04-2026-08-10.parquet,624c06b3b925b0b729899f83a90c69f3873f743d6cb53b2306620e37f54cb865,51486,1aa892f641b3296ee1042483d4ba10576c566a791fe5b6a62e1691fdcb49a523,lk_welimada,6.902,80.9223,2026,2026-08-04,2026-08-10,168,2026-08-04,2026-08-10
/Users/vidura/Code/big-weather/data/regional-2020-2025/raw/weather/location_id=lk_welimada/year=2026/weather-2026-08-11-2026-08-17.parquet,32aa9c44f73557437846b25696f46ced703516789a5a1aa13e32e754414c533a,51515,d861ae8280a1b833db5589d67ff06705f916f88ca289d98648a94798d40841e3,lk_welimada,6.902,80.9223,2026,2026-08-11,2026-08-17,168,2026-08-11,2026-08-17
/Users/vidura/Code/big-weather/data/regional-2020-2025/raw/weather/location_id=lk_welimada/year=2026/weather-2026-08-18-2026-08-24.parquet,65da35d96b227edb2a5d0e6c6e730b86e6f9dc747767de40db1d1ed1e1e5f477,51330,c611f583ba99d7cac61fa75eccc7bb3c195acbdb3304e277203a0f2874dd1895,lk_welimada,6.902,80.9223,2026,2026-08-18,2026-08-24,168,2026-08-18,2026-08-24
/Users/vidura/Code/big-weather/data/regional-2020-2025/raw/weather/location_id=lk_welimada/year=2026/weather-2026-08-25-2026-08-31.parquet,9616472932ca397cb1f9f50d5f886b5ccf5c9818c577eb58cbd0675beafa5150,50966,fb29612f6de1281177bd28db0a583bf35965f3d6c74087a448e176360b7850bf,lk_welimada,6.902,80.9223,2026,2026-08-25,2026-08-31,168,2026-08-25,2026-08-31
/Users/vidura/Code/big-weather/data/regional-2020-2025/raw/weather/location_id=mm_hakha/year=2026/weather-2026-04-28-2026-05-04.parquet,34b011e29eeae8ef5899e0ba7060749da14873b971d86b545ba9d373d3cb269b,54163,344537bc8702214995fdc32d7c322246cad7e58a62f874743caa902913f61f66,mm_hakha,22.6445,93.6108,2026,2026-04-28,2026-05-04,168,2026-04-28,2026-05-04
/Users/vidura/Code/big-weather/data/regional-2020-2025/raw/weather/location_id=mm_hakha/year=2026/weather-2026-05-05-2026-05-11.parquet,e908d197c47e25a5e4472cf7100a8eb4942eaabcb5bc07dc2477490b3f12ea8e,52739,f83760e3c8046506154906ffc887f0671ec18f6c0105275223d053fbebcd8563,mm_hakha,22.6445,93.6108,2026,2026-05-05,2026-05-11,168,2026-05-05,2026-05-11
/Users/vidura/Code/big-weather/data/regional-2020-2025/raw/weather/location_id=mm_hakha/year=2026/weather-2026-05-12-2026-05-18.parquet,023ce95711501c137135cad3054ceb9f36226e072e165034a3287915bc124868,52769,3a80f775de0773876f93583062b89c697b384e8d9089ca42ff9743e7bef0697e,mm_hakha,22.6445,93.6108,2026,2026-05-12,2026-05-18,168,2026-05-12,2026-05-18
/Users/vidura/Code/big-weather/data/regional-2020-2025/raw/weather/location_id=mm_hakha/year=2026/weather-2026-05-19-2026-05-25.parquet,e444d5bfe23e224c9e8fd9a64ec41b6d08432b49543e3c5ddd66f48b427f02c1,53599,5fec842c6c0f59e9e35ae98cc0b0f78264a80b02c759201e8af2970f373dc5a0,mm_hakha,22.6445,93.6108,2026,2026-05-19,2026-05-25,168,2026-05-19,2026-05-25
/Users/vidura/Code/big-weather/data/regional-2020-2025/raw/weather/location_id=mm_hakha/year=2026/weather-2026-05-26-2026-06-01.parquet,f85e9740dfb1d8583d16355fc0dd44bcadf94572381ba02636f750c1d3d60350,53628,2d8e658ad8e31f627da32757808ab78a2a0e6f4ffe6615508b0d37dba58e5712,mm_hakha,22.6445,93.6108,2026,2026-05-26,2026-06-01,168,2026-05-26,2026-06-01
/Users/vidura/Code/big-weather/data/regional-2020-2025/raw/weather/location_id=mm_hakha/year=2026/weather-2026-06-02-2026-06-08.parquet,8ba6108a83715f61a1abd6cbc1fb30ed9595135a3c2f599009894964c7867427,53245,54863ae9e2fbb723f354056fc291258f26f259e88bbd2fdba93e603b8c42bd46,mm_hakha,22.6445,93.6108,2026,2026-06-02,2026-06-08,168,2026-06-02,2026-06-08
/Users/vidura/Code/big-weather/data/regional-2020-2025/raw/weather/location_id=mm_hakha/year=2026/weather-2026-06-09-2026-06-15.parquet,4e2a26688be7de6c9c15aa1fd199318a37c2f78f1d6a62973356da7ed2daec65,52839,e491813a463e1b05b26a02f011395e2c529a6ba63071e9504f80fcdbf21741ac,mm_hakha,22.6445,93.6108,2026,2026-06-09,2026-06-15,168,2026-06-09,2026-06-15
/Users/vidura/Code/big-weather/data/regional-2020-2025/raw/weather/location_id=mm_hakha/year=2026/weather-2026-06-16-2026-06-22.parquet,978ab52275009e9cfe44ba8752ac09a36bd5197b45a7fe55f2babc2b1ca1be21,51373,48ebf7e8e7821195cca77a43010339d05e7ffdc8946229dfcd3ed7140aa6829d,mm_hakha,22.6445,93.6108,2026,2026-06-16,2026-06-22,168,2026-06-16,2026-06-22
/Users/vidura/Code/big-weather/data/regional-2020-2025/raw/weather/location_id=mm_hakha/year=2026/weather-2026-06-23-2026-06-29.parquet,23b3d6b129504b78f68309f683be8bc244a01830901e9a07fe7c8fdf85bb41df,52085,2d4d5bddb80346559552e87ae278c1a737efaa8c09208f2374df71997151e27e,mm_hakha,22.6445,93.6108,2026,2026-06-23,2026-06-29,168,2026-06-23,2026-06-29
/Users/vidura/Code/big-weather/data/regional-2020-2025/raw/weather/location_id=mm_hakha/year=2026/weather-2026-06-30-2026-07-06.parquet,06ebe619b0ef002d66f6f890f1eb9c0c7644ed9dd65fdddabfcf87272d77077b,51425,491bd5199d2cc107955593310dbf9801a3ad7335bee56794d33918da3b1af03e,mm_hakha,22.6445,93.6108,2026,2026-06-30,2026-07-06,168,2026-06-30,2026-07-06
/Users/vidura/Code/big-weather/data/regional-2020-2025/raw/weather/location_id=mm_hakha/year=2026/weather-2026-07-07-2026-07-13.parquet,e9537ef778e50fa7d4d2e3eb830ad4580c95d51f2c191ac3c90ffbb41fa5b517,51127,d04d735cfec8d4df974c4ad44eff292dc5f1793602ad587eca70b2c23fe927ee,mm_hakha,22.6445,93.6108,2026,2026-07-07,2026-07-13,168,2026-07-07,2026-07-13
/Users/vidura/Code/big-weather/data/regional-2020-2025/raw/weather/location_id=mm_hakha/year=2026/weather-2026-07-14-2026-07-20.parquet,1178b3f9c9961e90b8321ebc72e6e0a4f2cc3faa57d9a078db06ae30c32d8bcb,52444,5cfb8a29b62b84b8d2c194345bb59fcfd66cfb6bc172eac7d56dc7063e7a1cbf,mm_hakha,22.6445,93.6108,2026,2026-07-14,2026-07-20,168,2026-07-14,2026-07-20
/Users/vidura/Code/big-weather/data/regional-2020-2025/raw/weather/location_id=mm_hakha/year=2026/weather-2026-07-21-2026-07-27.parquet,2c306c97406d1e2474bb5d5d7240f5c0a2f30a81b67bf0fda31cef3cc46db353,51887,ce7b2840c996d8d8247195986607448e8eb79f256a54b14e89cf56fc6e05aff7,mm_hakha,22.6445,93.6108,2026,2026-07-21,2026-07-27,168,2026-07-21,2026-07-27
/Users/vidura/Code/big-weather/data/regional-2020-2025/raw/weather/location_id=mm_hakha/year=2026/weather-2026-07-28-2026-08-03.parquet,fd5643b88ae341f10a007c1077490e960a6e33184873b33d8dde127aae62a806,51301,c6711edf00dd65d09b81409c421a509cb6e6815c30ca98400050cba0ff9c4a5f,mm_hakha,22.6445,93.6108,2026,2026-07-28,2026-08-03,168,2026-07-28,2026-08-03
/Users/vidura/Code/big-weather/data/regional-2020-2025/raw/weather/location_id=mm_hakha/year=2026/weather-2026-08-04-2026-08-10.parquet,5fd2137e5140903e917ba7289da355a21c9a878a31e7f3309e45b2bdbd7b8f37,50737,fa6e216a5c178f06c7307a5c9d812a498795c952bbfca3406826aaeb9b6ad032,mm_hakha,22.6445,93.6108,2026,2026-08-04,2026-08-10,168,2026-08-04,2026-08-10
/Users/vidura/Code/big-weather/data/regional-2020-2025/raw/weather/location_id=mm_hakha/year=2026/weather-2026-08-11-2026-08-17.parquet,54075f93357a15207c6b06ed4f2efbacda60895b9b3387d7b5b2f67730668578,52374,f5550f47c5724ddc8a49276d5352d75e85061d353f7f05b653b428a67456949d,mm_hakha,22.6445,93.6108,2026,2026-08-11,2026-08-17,168,2026-08-11,2026-08-17
/Users/vidura/Code/big-weather/data/regional-2020-2025/raw/weather/location_id=mm_hakha/year=2026/weather-2026-08-18-2026-08-24.parquet,454434a45f8ddaaacca636f0cc9541a9d306757360faad583515ce931854d3a0,52137,eccb2c19d291e4d85895c6185895a71f96422a888077e66d3d4c94e6c7cfc61e,mm_hakha,22.6445,93.6108,2026,2026-08-18,2026-08-24,168,2026-08-18,2026-08-24
/Users/vidura/Code/big-weather/data/regional-2020-2025/raw/weather/location_id=mm_hakha/year=2026/weather-2026-08-25-2026-08-31.parquet,2fdf092fc1e132148de2c8825e921fdea386a75acaa1b4e725c788d059f5e44d,51938,a208492f7783747187bcdfae247b8421c194ccd0d2ca5c3f5da8c317f7e41d58,mm_hakha,22.6445,93.6108,2026,2026-08-25,2026-08-31,168,2026-08-25,2026-08-31
/Users/vidura/Code/big-weather/data/regional-2020-2025/raw/weather/location_id=mm_kalaw/year=2026/weather-2026-04-28-2026-05-04.parquet,09288647d4bed869dd7f20224dd18356c4eb1f152f1298e6c8271f1da6022b42,53278,ec33200d39b230e574870c82007793717fecd7509fade8395afd37abcad430a2,mm_kalaw,20.6333,96.5667,2026,2026-04-28,2026-05-04,168,2026-04-28,2026-05-04
/Users/vidura/Code/big-weather/data/regional-2020-2025/raw/weather/location_id=mm_kalaw/year=2026/weather-2026-05-05-2026-05-11.parquet,6525a4989418c7b4812731e6f19f1b49d0942c3af5387c64e7509f29b34312c0,54038,3fb53bf8a6a31e194cb355951a7cbf09e6b19a94435edbf3ffb3d645cbaebc01,mm_kalaw,20.6333,96.5667,2026,2026-05-05,2026-05-11,168,2026-05-05,2026-05-11
/Users/vidura/Code/big-weather/data/regional-2020-2025/raw/weather/location_id=mm_kalaw/year=2026/weather-2026-05-12-2026-05-18.parquet,15b5d132ac7b1cd45853ec52dadd4299d6c8580dc41ae78c2a548cc1e68653b7,53426,f6553a30856a4b7893f30e90751d684ecaa3ebb091a7adee25a791d0f96ec435,mm_kalaw,20.6333,96.5667,2026,2026-05-12,2026-05-18,168,2026-05-12,2026-05-18
/Users/vidura/Code/big-weather/data/regional-2020-2025/raw/weather/location_id=mm_kalaw/year=2026/weather-2026-05-19-2026-05-25.parquet,02220c0a89298c3954605be1bc518c5982e48061d6b69f02f2bbcf0b730e2adf,53155,2253d9140c4aa6a3ea689afa2eec2b008cc4844d07c5bb029f84a9fb14a35fdd,mm_kalaw,20.6333,96.5667,2026,2026-05-19,2026-05-25,168,2026-05-19,2026-05-25
/Users/vidura/Code/big-weather/data/regional-2020-2025/raw/weather/location_id=mm_kalaw/year=2026/weather-2026-05-26-2026-06-01.parquet,bac73dc712262dc8b354d96b92958e58d52900d95f9e5257e1c7963dca2d7581,52835,da42f9d0d35a9267486e7863edca2c73a727d8f6891820cebd43500c3936387b,mm_kalaw,20.6333,96.5667,2026,2026-05-26,2026-06-01,168,2026-05-26,2026-06-01
/Users/vidura/Code/big-weather/data/regional-2020-2025/raw/weather/location_id=mm_kalaw/year=2026/weather-2026-06-02-2026-06-08.parquet,72759d1162ff465a5616f40214df46a025105855661566785db1ce6c46471d9b,53482,b257ba18b7506536812ff532ab02e53ecffac8ad3a8b57a801bad914ab9eaeaa,mm_kalaw,20.6333,96.5667,2026,2026-06-02,2026-06-08,168,2026-06-02,2026-06-08
/Users/vidura/Code/big-weather/data/regional-2020-2025/raw/weather/location_id=mm_kalaw/year=2026/weather-2026-06-09-2026-06-15.parquet,6423500d6ecbab27a4ce0acc5148976ece20e36ee50848c2df81ebf3ad344f4c,52469,b34bd9f70793d67ef6c8df8f19c28a88c26b85dabf02a3e86da1d52130185dae,mm_kalaw,20.6333,96.5667,2026,2026-06-09,2026-06-15,168,2026-06-09,2026-06-15
/Users/vidura/Code/big-weather/data/regional-2020-2025/raw/weather/location_id=mm_kalaw/year=2026/weather-2026-06-16-2026-06-22.parquet,9e9c8b3825628cf8336638614ca89eb1205f6088e64b1d7f878ebea6424ee5cc,51198,49367eeca2c05fe96f50021bc76c96a3f4a7979c38ac812f7ad0b121575fae5f,mm_kalaw,20.6333,96.5667,2026,2026-06-16,2026-06-22,168,2026-06-16,2026-06-22
/Users/vidura/Code/big-weather/data/regional-2020-2025/raw/weather/location_id=mm_kalaw/year=2026/weather-2026-06-23-2026-06-29.parquet,628db8172b60a0997846aec9ba4c7723b59bec4c594d2521647c101f382b7456,52077,c68e4896d31fc4fef479433c69d1cb4b463a2ba9559834d2d5443987c3cee5a4,mm_kalaw,20.6333,96.5667,2026,2026-06-23,2026-06-29,168,2026-06-23,2026-06-29
/Users/vidura/Code/big-weather/data/regional-2020-2025/raw/weather/location_id=mm_kalaw/year=2026/weather-2026-06-30-2026-07-06.parquet,6d6cf9f95e7c212dc5ce8bdce550e97140457303f53ad651a23cd9e20fc7aca1,51963,3a78cc2cc7f66340fe27715db6db4537d5d46a49a2de1210ab155f906a958a3b,mm_kalaw,20.6333,96.5667,2026,2026-06-30,2026-07-06,168,2026-06-30,2026-07-06
/Users/vidura/Code/big-weather/data/regional-2020-2025/raw/weather/location_id=mm_kalaw/year=2026/weather-2026-07-07-2026-07-13.parquet,7ad1a690dc81674ccdc307ae85a9172eea4a1f2a916ffd91e13d044fb9cd3f56,51174,4093bffad1ce1771aaee9da821f419580b59af89f34550c268da7c442eb94450,mm_kalaw,20.6333,96.5667,2026,2026-07-07,2026-07-13,168,2026-07-07,2026-07-13
/Users/vidura/Code/big-weather/data/regional-2020-2025/raw/weather/location_id=mm_kalaw/year=2026/weather-2026-07-14-2026-07-20.parquet,0f1ba1c45800c97905f94173274ce7ac29b487773e5b00df84cc04684cc22bb7,52116,819f4c128e5519d572a86a5e9c0cfbf86aa1e090d4dcabc5c90f58980bb132da,mm_kalaw,20.6333,96.5667,2026,2026-07-14,2026-07-20,168,2026-07-14,2026-07-20
/Users/vidura/Code/big-weather/data/regional-2020-2025/raw/weather/location_id=mm_kalaw/year=2026/weather-2026-07-21-2026-07-27.parquet,3df2c744bfaa7ae015599c414886728e0554255842898ca49df87992fb8ffb70,52599,df2f37124635e13d138fc50f2b882f594ad541bbed2d52c558def8d93306a967,mm_kalaw,20.6333,96.5667,2026,2026-07-21,2026-07-27,168,2026-07-21,2026-07-27
/Users/vidura/Code/big-weather/data/regional-2020-2025/raw/weather/location_id=mm_kalaw/year=2026/weather-2026-07-28-2026-08-03.parquet,5161b0efe90db62b29e1d94d81622bf8bfc70347c8b8fc169b9d9155a99603bd,51771,64a9181130433f2159879bb47e362790f131e14c14a0896a091b45777cdcc51d,mm_kalaw,20.6333,96.5667,2026,2026-07-28,2026-08-03,168,2026-07-28,2026-08-03
/Users/vidura/Code/big-weather/data/regional-2020-2025/raw/weather/location_id=mm_kalaw/year=2026/weather-2026-08-04-2026-08-10.parquet,6fdaf91686b9b972b74746364ecb5db8ab1ca03c66f70e1142dbc408dd3868e5,51588,a5e039a291c7f30909262fef8109401c5c4dec20b37ee320d43f51a852521673,mm_kalaw,20.6333,96.5667,2026,2026-08-04,2026-08-10,168,2026-08-04,2026-08-10
/Users/vidura/Code/big-weather/data/regional-2020-2025/raw/weather/location_id=mm_kalaw/year=2026/weather-2026-08-11-2026-08-17.parquet,63a0801dc74c202ebc118d1f1afd365542681cea31bbdf0ae6eec029ed811ea0,52219,40aa38465b430e6fd623a8786e1ba66d674559d0f013b58525e770f9f344a29b,mm_kalaw,20.6333,96.5667,2026,2026-08-11,2026-08-17,168,2026-08-11,2026-08-17
/Users/vidura/Code/big-weather/data/regional-2020-2025/raw/weather/location_id=mm_kalaw/year=2026/weather-2026-08-18-2026-08-24.parquet,549897dc89c40f5c4382b7192d7fa9b8e5a381e2647d5a7d747f50f21a122b7c,52349,23e1244ce64b905dece9150305692a57f668496c0ad472d47b7c7fb5b517efa1,mm_kalaw,20.6333,96.5667,2026,2026-08-18,2026-08-24,168,2026-08-18,2026-08-24
/Users/vidura/Code/big-weather/data/regional-2020-2025/raw/weather/location_id=mm_kalaw/year=2026/weather-2026-08-25-2026-08-31.parquet,77d208a84352283fc4a1b7f0b6ada111db5bb9c3c787881daed4d4f3b9e65bf3,51327,b31af55b719050ff6c4e945f36945f4ce8baf7504decba1e4b7810821730028e,mm_kalaw,20.6333,96.5667,2026,2026-08-25,2026-08-31,168,2026-08-25,2026-08-31
/Users/vidura/Code/big-weather/data/regional-2020-2025/raw/weather/location_id=mm_mandalay/year=2026/weather-2026-04-28-2026-05-04.parquet,c207c370060e182c7895c16d2a3d687432c91a4bdec6a8a17589ca987fd07ab5,53958,18aac4ac0016f5bc222726199f11c604f9eba7a2787b5f91ca9faca0486170c7,mm_mandalay,21.9588,96.0891,2026,2026-04-28,2026-05-04,168,2026-04-28,2026-05-04
/Users/vidura/Code/big-weather/data/regional-2020-2025/raw/weather/location_id=mm_mandalay/year=2026/weather-2026-05-05-2026-05-11.parquet,22accd021dba6f6d95513a5e347c6f1ece9f047d6fdcfeb909a0b6bff691eb4a,54291,1bea56c3769d2d7e9298c8c3f316eeaf7071cbc517cb136875ccbe666f2cc7ce,mm_mandalay,21.9588,96.0891,2026,2026-05-05,2026-05-11,168,2026-05-05,2026-05-11
/Users/vidura/Code/big-weather/data/regional-2020-2025/raw/weather/location_id=mm_mandalay/year=2026/weather-2026-05-12-2026-05-18.parquet,bf89e9699eb35650c38d45dedc4a9f87c67b05ed26fa1c65b62c2515bddbd97c,53826,01e4a9df9d5f523be26ddd48a47322f5c4f84e523162c6f80fece5939158eb08,mm_mandalay,21.9588,96.0891,2026,2026-05-12,2026-05-18,168,2026-05-12,2026-05-18
/Users/vidura/Code/big-weather/data/regional-2020-2025/raw/weather/location_id=mm_mandalay/year=2026/weather-2026-05-19-2026-05-25.parquet,7ce2ed0e9f330cfbe50cc29df144be08558304dd2cff467d44c00ffe58aae66e,53496,79b9674a25943d94fc0f90b85884918d3aa9b11adfc9a5291093375199bf8fdf,mm_mandalay,21.9588,96.0891,2026,2026-05-19,2026-05-25,168,2026-05-19,2026-05-25
/Users/vidura/Code/big-weather/data/regional-2020-2025/raw/weather/location_id=mm_mandalay/year=2026/weather-2026-05-26-2026-06-01.parquet,62bd577d230821965b05c35aa9bbb3659fb583cdb65ff64173d28d968327de95,53886,56300ede0f869065c4c0b3c450a74b391125e0e621baf327ebf361c7f9acbef3,mm_mandalay,21.9588,96.0891,2026,2026-05-26,2026-06-01,168,2026-05-26,2026-06-01
/Users/vidura/Code/big-weather/data/regional-2020-2025/raw/weather/location_id=mm_mandalay/year=2026/weather-2026-06-02-2026-06-08.parquet,110f968e1002c73de48819866fa9d9433f370ece139a8b871894664bb9cea861,53256,f8c11eba53a8beb12667fe3291783a0f75002ba2082361bafabb56dea6bd3f4c,mm_mandalay,21.9588,96.0891,2026,2026-06-02,2026-06-08,168,2026-06-02,2026-06-08
/Users/vidura/Code/big-weather/data/regional-2020-2025/raw/weather/location_id=mm_mandalay/year=2026/weather-2026-06-09-2026-06-15.parquet,dfa7c611e4bca24ba62cd3ab24dd5ea2afcc9017ad702bc5b54f1a3ddba9dcf8,52523,cbd0af4d96ec6a9947fff54990e673631f2da1f7cdbc070b48ca821fdb864c46,mm_mandalay,21.9588,96.0891,2026,2026-06-09,2026-06-15,168,2026-06-09,2026-06-15
/Users/vidura/Code/big-weather/data/regional-2020-2025/raw/weather/location_id=mm_mandalay/year=2026/weather-2026-06-16-2026-06-22.parquet,8b556933fc4505f4215b960a28974f74bed5e7cafb31118c07f05797a944f3a6,51042,233dd96fbe4fd32bf000763953f559d582082a4bc2b048ac9b1d3da7344f561a,mm_mandalay,21.9588,96.0891,2026,2026-06-16,2026-06-22,168,2026-06-16,2026-06-22
/Users/vidura/Code/big-weather/data/regional-2020-2025/raw/weather/location_id=mm_mandalay/year=2026/weather-2026-06-23-2026-06-29.parquet,4fb4ddfc69dfd7fff1006e2e5630f55f31aa17e57f7934b72a126836fa8e36e3,52071,3177a3b8beda918b1932617d96f925ff1928b0f694db9c5fb9612535a787cf06,mm_mandalay,21.9588,96.0891,2026,2026-06-23,2026-06-29,168,2026-06-23,2026-06-29
/Users/vidura/Code/big-weather/data/regional-2020-2025/raw/weather/location_id=mm_mandalay/year=2026/weather-2026-06-30-2026-07-06.parquet,40ea827358c6fec08f35d01de5407316de49a80d31cea5f8dc11924dc651a34e,51826,22c38d09329b81956c101563d19bffb892feba4d3933593756b55dbcfaf0e461,mm_mandalay,21.9588,96.0891,2026,2026-06-30,2026-07-06,168,2026-06-30,2026-07-06
/Users/vidura/Code/big-weather/data/regional-2020-2025/raw/weather/location_id=mm_mandalay/year=2026/weather-2026-07-07-2026-07-13.parquet,f8f8319fe2df9018ce957874a1a3b0ea5ac9f670f3ab57e9e6f293d5abcbc524,51637,76fd88a706af77352758e971bad5d3f678618a67a5de1d75a4f0e267ad241221,mm_mandalay,21.9588,96.0891,2026,2026-07-07,2026-07-13,168,2026-07-07,2026-07-13
/Users/vidura/Code/big-weather/data/regional-2020-2025/raw/weather/location_id=mm_mandalay/year=2026/weather-2026-07-14-2026-07-20.parquet,c6939577be14a9679109803edc77a32f0e083528156cd86e218844b1446cfcfb,52093,ee0cceae32baac895c29f436eb9979d1983260159ac2fddddaa1ed0095d2f707,mm_mandalay,21.9588,96.0891,2026,2026-07-14,2026-07-20,168,2026-07-14,2026-07-20
/Users/vidura/Code/big-weather/data/regional-2020-2025/raw/weather/location_id=mm_mandalay/year=2026/weather-2026-07-21-2026-07-27.parquet,8f4ced2bdef4703e70c35802234be405b04b17f0ee4f010bba1a47c1e8cb4b0f,51812,f30b193b5b5b204e233fa584c031d08de5bd6f1c34855791d285f0eb2a362a54,mm_mandalay,21.9588,96.0891,2026,2026-07-21,2026-07-27,168,2026-07-21,2026-07-27
/Users/vidura/Code/big-weather/data/regional-2020-2025/raw/weather/location_id=mm_mandalay/year=2026/weather-2026-07-28-2026-08-03.parquet,29a76a4c50c6dfa19ec67892ca6a75012dfe4c9a865cdf2b5e10733bc10c1651,51525,90f327f978654629f0d26423962c6fd6ad973ccc8c47b39880f27d761d1782d2,mm_mandalay,21.9588,96.0891,2026,2026-07-28,2026-08-03,168,2026-07-28,2026-08-03
/Users/vidura/Code/big-weather/data/regional-2020-2025/raw/weather/location_id=mm_mandalay/year=2026/weather-2026-08-04-2026-08-10.parquet,0e7bc56be00d1814adbf183a7cb68463ffe693c128023e503322809c84b3242e,51887,3fe19e04534438d457262f6e6dfdc7b5ffe0c014560f43c05bc3825fab68d83e,mm_mandalay,21.9588,96.0891,2026,2026-08-04,2026-08-10,168,2026-08-04,2026-08-10
/Users/vidura/Code/big-weather/data/regional-2020-2025/raw/weather/location_id=mm_mandalay/year=2026/weather-2026-08-11-2026-08-17.parquet,3803c128f30b193e932bc743fd166021eb26ea74e67ed4f0a13b6a17062b8af2,51988,86668a5a1a34a06c0d2e7c87f9ad72a24a2d871a220574dbd29675bc93357fce,mm_mandalay,21.9588,96.0891,2026,2026-08-11,2026-08-17,168,2026-08-11,2026-08-17
/Users/vidura/Code/big-weather/data/regional-2020-2025/raw/weather/location_id=mm_mandalay/year=2026/weather-2026-08-18-2026-08-24.parquet,9d109126de01203395d882d85f763a7f7f33b41ca54dac38db020819e0b78caf,52106,5098997a7841e58f64e041dc09e05ff0a5fc1496a4323ca47325de963905d27c,mm_mandalay,21.9588,96.0891,2026,2026-08-18,2026-08-24,168,2026-08-18,2026-08-24
/Users/vidura/Code/big-weather/data/regional-2020-2025/raw/weather/location_id=mm_mandalay/year=2026/weather-2026-08-25-2026-08-31.parquet,0c7acdc399b84fafcea1fc7646257dc54d80bfab70c9d49b17bd192e4218e1c9,51448,3a88be95d89bedb7e4721631a9dba29e3048a2a5baf8988fde7f866976586050,mm_mandalay,21.9588,96.0891,2026,2026-08-25,2026-08-31,168,2026-08-25,2026-08-31
/Users/vidura/Code/big-weather/data/regional-2020-2025/raw/weather/location_id=mm_taunggyi/year=2026/weather-2026-04-28-2026-05-04.parquet,265471cfae68d630df02ec4f7367c9ed9350b86bc00b86ac5549fea7b2762632,52642,a494934f57354d7a0fe619f8f717ac27bfbe6de1f209e6d5934dca9d36cd9ba4,mm_taunggyi,20.7888,97.0337,2026,2026-04-28,2026-05-04,168,2026-04-28,2026-05-04
/Users/vidura/Code/big-weather/data/regional-2020-2025/raw/weather/location_id=mm_taunggyi/year=2026/weather-2026-05-05-2026-05-11.parquet,bdf7314a35187e67fbdd31cf02f95952eff4695e2fc7f6919e6fde541de11091,53827,c830c7b6100aeacd2ec59306397b9f8ad85508079d044fdb411fb142b589e904,mm_taunggyi,20.7888,97.0337,2026,2026-05-05,2026-05-11,168,2026-05-05,2026-05-11
/Users/vidura/Code/big-weather/data/regional-2020-2025/raw/weather/location_id=mm_taunggyi/year=2026/weather-2026-05-12-2026-05-18.parquet,d686f067349d404057d0f18996f2133f4e1507d5b0438eb69a9439cfdcfde3a2,53481,d183bb9c75e8a02ad4468e000dfd3fbfe078551e4a0cf93cce1d96e162551ac1,mm_taunggyi,20.7888,97.0337,2026,2026-05-12,2026-05-18,168,2026-05-12,2026-05-18
/Users/vidura/Code/big-weather/data/regional-2020-2025/raw/weather/location_id=mm_taunggyi/year=2026/weather-2026-05-19-2026-05-25.parquet,ac5b9589fe316ba29adb1765f265941c8b47347c612f587851cf9afd73754699,53481,7250d7feca6d77383315f65fef1013a5c2ac151384c66d01663bb5a389340672,mm_taunggyi,20.7888,97.0337,2026,2026-05-19,2026-05-25,168,2026-05-19,2026-05-25
/Users/vidura/Code/big-weather/data/regional-2020-2025/raw/weather/location_id=mm_taunggyi/year=2026/weather-2026-05-26-2026-06-01.parquet,1d0f498c683dc7fa0a26eef9b9e2364669f0207f11a61e7875c8f957504b3a3e,53054,908f48038ce2772c9a73e6dcb38363400fdcf9d7d81f9d9611e53c1f29831091,mm_taunggyi,20.7888,97.0337,2026,2026-05-26,2026-06-01,168,2026-05-26,2026-06-01
/Users/vidura/Code/big-weather/data/regional-2020-2025/raw/weather/location_id=mm_taunggyi/year=2026/weather-2026-06-02-2026-06-08.parquet,cd843cb8365fb003b2a376a615800946eea4b697158fcb52f4c87b6c7df21e6f,53307,2113a19b765a41e0ed33819c973d828f02941411d1f0893d07db0fb4853bb953,mm_taunggyi,20.7888,97.0337,2026,2026-06-02,2026-06-08,168,2026-06-02,2026-06-08
/Users/vidura/Code/big-weather/data/regional-2020-2025/raw/weather/location_id=mm_taunggyi/year=2026/weather-2026-06-09-2026-06-15.parquet,f63d69d9550975550ad7b2ff1239debce7a2de6fdf42149b326cf2b555f9dec3,52683,614c02fb6d77ed3a0e3e41ae55acd39b6e23c3703c80495852f65ad816771052,mm_taunggyi,20.7888,97.0337,2026,2026-06-09,2026-06-15,168,2026-06-09,2026-06-15
/Users/vidura/Code/big-weather/data/regional-2020-2025/raw/weather/location_id=mm_taunggyi/year=2026/weather-2026-06-16-2026-06-22.parquet,33309cad03e166e81fcc319eba22ab5b6b20d068882b3fdc798f24e2064cb16c,51066,48ac381575a72fca3e15ec3cb6359eb51c5cf4e82ddcf814cbbf7d2851de2d8f,mm_taunggyi,20.7888,97.0337,2026,2026-06-16,2026-06-22,168,2026-06-16,2026-06-22
/Users/vidura/Code/big-weather/data/regional-2020-2025/raw/weather/location_id=mm_taunggyi/year=2026/weather-2026-06-23-2026-06-29.parquet,93ab85719ee892e48458c922c0c73a8e10118314414eb30f3db0eb9fcb0089b0,51836,63ee34f73aeac29563a305dbecd9ae3df1e180cdd8b33037c329ecac85179515,mm_taunggyi,20.7888,97.0337,2026,2026-06-23,2026-06-29,168,2026-06-23,2026-06-29
/Users/vidura/Code/big-weather/data/regional-2020-2025/raw/weather/location_id=mm_taunggyi/year=2026/weather-2026-06-30-2026-07-06.parquet,842bdd5f9b6b8526ee351359d4cf1b0857cf13def1b8503564c490d719979a58,52260,69984a21282c37810248083ffea626bca9d412189495ceceacbdc19cb16329fb,mm_taunggyi,20.7888,97.0337,2026,2026-06-30,2026-07-06,168,2026-06-30,2026-07-06
/Users/vidura/Code/big-weather/data/regional-2020-2025/raw/weather/location_id=mm_taunggyi/year=2026/weather-2026-07-07-2026-07-13.parquet,a6ca8518386f870ffc1b971b772403d1b8387744dcfec286bde0970a7ffabd09,51167,a1c59bca155ee95df6de1d1c32010bedf4cd4ebc717b26165b9b988f60673dd9,mm_taunggyi,20.7888,97.0337,2026,2026-07-07,2026-07-13,168,2026-07-07,2026-07-13
/Users/vidura/Code/big-weather/data/regional-2020-2025/raw/weather/location_id=mm_taunggyi/year=2026/weather-2026-07-14-2026-07-20.parquet,ca0545074e81bed7120403a3f7b1f2c0a86320536d85749437d992430e5dc830,51905,8a0563abf8974c89f4780ec018ba58bebe29b52238b40a05c5ca7de3dc23ef57,mm_taunggyi,20.7888,97.0337,2026,2026-07-14,2026-07-20,168,2026-07-14,2026-07-20
/Users/vidura/Code/big-weather/data/regional-2020-2025/raw/weather/location_id=mm_taunggyi/year=2026/weather-2026-07-21-2026-07-27.parquet,b396123f2675299c479265f8b034993338a89f1b11c606c2a5bfcf609d2fca65,52234,5177cbae2035defa2c84984afd35ca5f6852fb30d6065f67fc02e2c4fc9d1ff1,mm_taunggyi,20.7888,97.0337,2026,2026-07-21,2026-07-27,168,2026-07-21,2026-07-27
/Users/vidura/Code/big-weather/data/regional-2020-2025/raw/weather/location_id=mm_taunggyi/year=2026/weather-2026-07-28-2026-08-03.parquet,51f1e93911a9a9dbe3f1c5975d4dc8d2b7c47b34cdfdcdeffc532b5cce7a85a4,52008,fa3261cd0be5a6d206bbaa91f78a67e2790d2e7c326b9680f66f668ed5a770c0,mm_taunggyi,20.7888,97.0337,2026,2026-07-28,2026-08-03,168,2026-07-28,2026-08-03
/Users/vidura/Code/big-weather/data/regional-2020-2025/raw/weather/location_id=mm_taunggyi/year=2026/weather-2026-08-04-2026-08-10.parquet,0c4ca6035be1cd0612752defe3cf6a7ead0b52c0beb8f4316bfbfa2dc98ecd4d,51847,b07299b46d89597117c62338efb3dcd5b4fd34879b7ee3cfa2fa8fe8df0353c4,mm_taunggyi,20.7888,97.0337,2026,2026-08-04,2026-08-10,168,2026-08-04,2026-08-10
/Users/vidura/Code/big-weather/data/regional-2020-2025/raw/weather/location_id=mm_taunggyi/year=2026/weather-2026-08-11-2026-08-17.parquet,2142f89282004a6245b928bf8f7200ed7f4779f544bf075138f041131eeab55a,52301,0b1c0b636d3b7dc7543841930482a6a75e951637ff60def6cadeed34fd330e07,mm_taunggyi,20.7888,97.0337,2026,2026-08-11,2026-08-17,168,2026-08-11,2026-08-17
/Users/vidura/Code/big-weather/data/regional-2020-2025/raw/weather/location_id=mm_taunggyi/year=2026/weather-2026-08-18-2026-08-24.parquet,b0d1527b975ce1c78fa0eac752d95521622487df26449dc8141994063ab69b36,52697,d4c3d2f39fd6d45a5ef69f9c07e1d595b5f7c38aa61e751f71e2d70f9d597054,mm_taunggyi,20.7888,97.0337,2026,2026-08-18,2026-08-24,168,2026-08-18,2026-08-24
/Users/vidura/Code/big-weather/data/regional-2020-2025/raw/weather/location_id=mm_taunggyi/year=2026/weather-2026-08-25-2026-08-31.parquet,e3a39b1dcc0fd6509c84156983629213a13a0d674902645e89490c1932656411,51365,0158e0d889d1091bfc97c1a6a44372216a59b33a02f00dcdd55fdb28a814f27b,mm_taunggyi,20.7888,97.0337,2026,2026-08-25,2026-08-31,168,2026-08-25,2026-08-31
/Users/vidura/Code/big-weather/data/regional-2020-2025/raw/weather/location_id=mm_yangon/year=2026/weather-2026-04-28-2026-05-04.parquet,7e05086d81cfbde0b1a70396112ea96dda914298dc4abcb2651024b15eb1de16,52153,ce45db9782ca7d6ccf8a85283f67c187996516806d49290aca309b6c6a1c256b,mm_yangon,16.8409,96.1735,2026,2026-04-28,2026-05-04,168,2026-04-28,2026-05-04
/Users/vidura/Code/big-weather/data/regional-2020-2025/raw/weather/location_id=mm_yangon/year=2026/weather-2026-05-05-2026-05-11.parquet,5756ac175f4254456b1e2de77a1a50f550e03d5272a45e119d8f30df8aaae4f6,54217,1d0b28dc84194c127d920d47363dd90cbb447b62a487ea3426fb6450509419bf,mm_yangon,16.8409,96.1735,2026,2026-05-05,2026-05-11,168,2026-05-05,2026-05-11
/Users/vidura/Code/big-weather/data/regional-2020-2025/raw/weather/location_id=mm_yangon/year=2026/weather-2026-05-12-2026-05-18.parquet,94bc57e9766b68da9e79761a06ed268990034576e03eddeda9dc525c45a50956,53317,25a2c0fa0291bde11b96a51a3ac5ba2bdeeb05188eeaad618df5c8329aed22b6,mm_yangon,16.8409,96.1735,2026,2026-05-12,2026-05-18,168,2026-05-12,2026-05-18
/Users/vidura/Code/big-weather/data/regional-2020-2025/raw/weather/location_id=mm_yangon/year=2026/weather-2026-05-19-2026-05-25.parquet,f5866ef347492c214bf7a9ae0757e4077560be5f7f50c5c8fc813fc00c374632,53473,f8bba3274301da14eb690d1f877bb47e8671baf76d48ae6e0f7eaeeeca96ffc9,mm_yangon,16.8409,96.1735,2026,2026-05-19,2026-05-25,168,2026-05-19,2026-05-25
/Users/vidura/Code/big-weather/data/regional-2020-2025/raw/weather/location_id=mm_yangon/year=2026/weather-2026-05-26-2026-06-01.parquet,34f3acd72ed04fa5e81ee96b23105f65ca8bdf7fbee5ab0efb807d51a1e1e0ce,52734,2370ffa6d373203a058eae6dffdf7b558c60adace97014e2276cb384ab81c406,mm_yangon,16.8409,96.1735,2026,2026-05-26,2026-06-01,168,2026-05-26,2026-06-01
/Users/vidura/Code/big-weather/data/regional-2020-2025/raw/weather/location_id=mm_yangon/year=2026/weather-2026-06-02-2026-06-08.parquet,e9d919ace0f12f3f0a94dbfe5c39e6d827504062984a335f54e655cf13f9045c,52740,336e2cd5b8b5e02a40d2a21423c66a851509d56b2806ef51481d2dd3d96547e7,mm_yangon,16.8409,96.1735,2026,2026-06-02,2026-06-08,168,2026-06-02,2026-06-08
/Users/vidura/Code/big-weather/data/regional-2020-2025/raw/weather/location_id=mm_yangon/year=2026/weather-2026-06-09-2026-06-15.parquet,f252a4b8770569ed1587a3dcfc8bd64ba1f0a88b1ef428648240d233e546af0a,51220,71e6f0ca27ed1e8dbdc9b449ef73cc9d9055377a6462b6b12a32662a9737026b,mm_yangon,16.8409,96.1735,2026,2026-06-09,2026-06-15,168,2026-06-09,2026-06-15
/Users/vidura/Code/big-weather/data/regional-2020-2025/raw/weather/location_id=mm_yangon/year=2026/weather-2026-06-16-2026-06-22.parquet,9ad7f0d8e54dbd9582061bd45e591ad883723551ecf4184e506cdbcb246a0447,51767,1383957fa003697aa178441650d84364d69176b801f78355cf5e5eee8ac7fe35,mm_yangon,16.8409,96.1735,2026,2026-06-16,2026-06-22,168,2026-06-16,2026-06-22
/Users/vidura/Code/big-weather/data/regional-2020-2025/raw/weather/location_id=mm_yangon/year=2026/weather-2026-06-23-2026-06-29.parquet,287a8a43f26755fb9af9c03915f1c40e7a344fab43e42f4a4889200a263cf7e0,52129,36d1c724d23741ede2e78371ff129f3768561a044481474d83faa9dafc0eeaaa,mm_yangon,16.8409,96.1735,2026,2026-06-23,2026-06-29,168,2026-06-23,2026-06-29
/Users/vidura/Code/big-weather/data/regional-2020-2025/raw/weather/location_id=mm_yangon/year=2026/weather-2026-06-30-2026-07-06.parquet,d07574a3631a7e58aa60845f3b66d908f39f7a35e3b5fdfb3ab62c5ca9a89eca,51470,339b005019dee8a1d48f9150f3b6409243a92b0abe44d4fa7d822c91f21d26ba,mm_yangon,16.8409,96.1735,2026,2026-06-30,2026-07-06,168,2026-06-30,2026-07-06
/Users/vidura/Code/big-weather/data/regional-2020-2025/raw/weather/location_id=mm_yangon/year=2026/weather-2026-07-07-2026-07-13.parquet,63c51c26e75e20435a929eeb32047e7fbb1e14e9d6b86b8909b7d18446f7a8bf,51910,b6ffaf879ce319a30cf8b704af2d5ce4a1a8b1362165db906444900de7cb6417,mm_yangon,16.8409,96.1735,2026,2026-07-07,2026-07-13,168,2026-07-07,2026-07-13
/Users/vidura/Code/big-weather/data/regional-2020-2025/raw/weather/location_id=mm_yangon/year=2026/weather-2026-07-14-2026-07-20.parquet,7f2252db9d29a76177b3f90834b0c8f2b41b1a379df407cbadf873969fbf3a05,52532,f4c4ec9042325fc4969c20b962c1d70e572e322595186f87713fd7265501414a,mm_yangon,16.8409,96.1735,2026,2026-07-14,2026-07-20,168,2026-07-14,2026-07-20
/Users/vidura/Code/big-weather/data/regional-2020-2025/raw/weather/location_id=mm_yangon/year=2026/weather-2026-07-21-2026-07-27.parquet,d314ab280e710a83664a63dce7b1de576fc877083589e608fa9162c0a72f7c83,51924,a2b84a3756396bfe7db518685a26eaa597ceee3bff52a459554a9ca381baf50a,mm_yangon,16.8409,96.1735,2026,2026-07-21,2026-07-27,168,2026-07-21,2026-07-27
/Users/vidura/Code/big-weather/data/regional-2020-2025/raw/weather/location_id=mm_yangon/year=2026/weather-2026-07-28-2026-08-03.parquet,5b3eb692ef57dde901327577ea3f15e9c8712fd893108f33519effaee3b39e2a,49843,345833bdefb04a930170aee3b4d1b20e68634109a6bd49853ad39683007224ce,mm_yangon,16.8409,96.1735,2026,2026-07-28,2026-08-03,168,2026-07-28,2026-08-03
/Users/vidura/Code/big-weather/data/regional-2020-2025/raw/weather/location_id=mm_yangon/year=2026/weather-2026-08-04-2026-08-10.parquet,1d65adecf09b6c14a9feea8db85cdd7231a6ef4b71b1607042fde9f4dc174221,51374,16c4ccbeac86221248660f1fca63bd0fae6d55e0c29c8530b375c128490612df,mm_yangon,16.8409,96.1735,2026,2026-08-04,2026-08-10,168,2026-08-04,2026-08-10
/Users/vidura/Code/big-weather/data/regional-2020-2025/raw/weather/location_id=mm_yangon/year=2026/weather-2026-08-11-2026-08-17.parquet,3c9aaae6e357813e11a83dd91c1ff6b3650dd5becd18910e5a638215c7e8bd97,51015,ee384709805071f40990d27e0688285028a31cc0929293d34df6ca0442c2c275,mm_yangon,16.8409,96.1735,2026,2026-08-11,2026-08-17,168,2026-08-11,2026-08-17
/Users/vidura/Code/big-weather/data/regional-2020-2025/raw/weather/location_id=mm_yangon/year=2026/weather-2026-08-18-2026-08-24.parquet,6d59a053bf58d2afafa0e95f88f802206460bed2e4a542aec3cbdca544275306,51212,45c889c5ee42cbd933b0d4d491c8774bda1a3c9b2b6579feb4a193258f68553a,mm_yangon,16.8409,96.1735,2026,2026-08-18,2026-08-24,168,2026-08-18,2026-08-24
/Users/vidura/Code/big-weather/data/regional-2020-2025/raw/weather/location_id=mm_yangon/year=2026/weather-2026-08-25-2026-08-31.parquet,e6e96229714dc7f347e7a3bf77b8b1b8ba1e6b70960ae0faffb9db64ae26b9ca,50476,a967392927cef4c22c726681b30ddf5689bb68600d7860e4038a9d73d26ed891,mm_yangon,16.8409,96.1735,2026,2026-08-25,2026-08-31,168,2026-08-25,2026-08-31
/Users/vidura/Code/big-weather/data/regional-2020-2025/raw/weather/location_id=my_cameron_highlands/year=2026/weather-2026-05-05-2026-05-11.parquet,5c0869b41d8c409b1df83e83bae41c43d81930b30cfe8187a3471cb3c4def5db,51716,34f3dbe79a43b0ef1dfb5c3bb3c19e788f8de38f9b26fe25f5ffe0b04fcc725a,my_cameron_highlands,4.47,101.376,2026,2026-05-05,2026-05-11,168,2026-05-05,2026-05-11
/Users/vidura/Code/big-weather/data/regional-2020-2025/raw/weather/location_id=my_cameron_highlands/year=2026/weather-2026-05-12-2026-05-18.parquet,181360da57b46545d94cb3ac2ebd6cba1f23f5472e0170b039bef465b70f9837,52646,074877159bc96387993f4521fc14163cdce27dac15a76d33ca9fd47e1473a48a,my_cameron_highlands,4.47,101.376,2026,2026-05-12,2026-05-18,168,2026-05-12,2026-05-18
/Users/vidura/Code/big-weather/data/regional-2020-2025/raw/weather/location_id=my_cameron_highlands/year=2026/weather-2026-05-19-2026-05-25.parquet,9cea19d2a21ba8386eba6d84a6aede3ad7b1fa3e0dfe09d6f75bc45fdbaccf33,52500,6aab9d67c42b7159d9dffd98c79e9346032b9460f0aaf1e73d8731dc12c73a7d,my_cameron_highlands,4.47,101.376,2026,2026-05-19,2026-05-25,168,2026-05-19,2026-05-25
/Users/vidura/Code/big-weather/data/regional-2020-2025/raw/weather/location_id=my_cameron_highlands/year=2026/weather-2026-05-26-2026-06-01.parquet,ad2fb7bbe118a192e6013c8851686234519401e670be04f5bff5d26bea6a1707,52039,971edbc549d2ed51b969d8e5ea690877e824e66799815bdc4f2df22e96a571da,my_cameron_highlands,4.47,101.376,2026,2026-05-26,2026-06-01,168,2026-05-26,2026-06-01
/Users/vidura/Code/big-weather/data/regional-2020-2025/raw/weather/location_id=my_cameron_highlands/year=2026/weather-2026-06-02-2026-06-08.parquet,323f76e2e96a70fe9a7fef3f674af1732ad91f5e348521d62087d6587005760e,51727,955f3c92847c03cfd997d28367fdcb757e88d3f642f99f64a18a4767bed452be,my_cameron_highlands,4.47,101.376,2026,2026-06-02,2026-06-08,168,2026-06-02,2026-06-08
/Users/vidura/Code/big-weather/data/regional-2020-2025/raw/weather/location_id=my_cameron_highlands/year=2026/weather-2026-06-09-2026-06-15.parquet,886d694e058b91a94467d5e46b6ddef14e4aa1640f0ef3823f45dd6cdddc988f,52156,8a1a30ebcf4ea09c2620431384179a0dccadcde94307366d718bc4d904f986e4,my_cameron_highlands,4.47,101.376,2026,2026-06-09,2026-06-15,168,2026-06-09,2026-06-15
/Users/vidura/Code/big-weather/data/regional-2020-2025/raw/weather/location_id=my_cameron_highlands/year=2026/weather-2026-06-16-2026-06-22.parquet,de3ead89c3cf036bdc8e263fb9854fa029ada215360aff0ceb15477104f6613b,52246,cdd261d3f5107b1511c5e038ee645496bd6ef45826fa891ff9b153cf86c2f6db,my_cameron_highlands,4.47,101.376,2026,2026-06-16,2026-06-22,168,2026-06-16,2026-06-22
/Users/vidura/Code/big-weather/data/regional-2020-2025/raw/weather/location_id=my_cameron_highlands/year=2026/weather-2026-06-23-2026-06-29.parquet,d1ca55f9f124a272d86066635bc98f843968752fedb0757e910a645e48590947,52036,633e13b82d567a7f612df4de8000fb72729a3076b32044667670fc75d722f5e9,my_cameron_highlands,4.47,101.376,2026,2026-06-23,2026-06-29,168,2026-06-23,2026-06-29
/Users/vidura/Code/big-weather/data/regional-2020-2025/raw/weather/location_id=my_cameron_highlands/year=2026/weather-2026-06-30-2026-07-06.parquet,31263ae582186bc546e03f5968afbb6a42ce839f39af672e433daca734ac4733,52047,5f4bf2cf65784fc1f8819203b6e00b27c0b0c1d6fb220a36dbf949ada1570434,my_cameron_highlands,4.47,101.376,2026,2026-06-30,2026-07-06,168,2026-06-30,2026-07-06
/Users/vidura/Code/big-weather/data/regional-2020-2025/raw/weather/location_id=my_cameron_highlands/year=2026/weather-2026-07-07-2026-07-13.parquet,9183828b0529fddd2fcff69c3d65dee378ecd8f02a3acf342e0a4c2f04ded2d3,51980,f3c8409e49b22c871a16edd22c6ac54c09419792e427bf080f702161b41bc037,my_cameron_highlands,4.47,101.376,2026,2026-07-07,2026-07-13,168,2026-07-07,2026-07-13
/Users/vidura/Code/big-weather/data/regional-2020-2025/raw/weather/location_id=my_cameron_highlands/year=2026/weather-2026-07-14-2026-07-20.parquet,6108f07a9421b9691bbbc32086e4e552305f9eac3ab0f37487a4860cbccc64d2,52245,984d44351b9a78e3302d22689f225999c526de4a5701e71750bb6a0b9a8c897b,my_cameron_highlands,4.47,101.376,2026,2026-07-14,2026-07-20,168,2026-07-14,2026-07-20
/Users/vidura/Code/big-weather/data/regional-2020-2025/raw/weather/location_id=my_cameron_highlands/year=2026/weather-2026-07-21-2026-07-27.parquet,0c80a44583e847ba8e3f5d681fbc14d50dc8e7b2ad89a3085fdfe40126f572b1,51975,5cafdc61520f57273f3af2593cd0663acefb59e6a4f4983384c75ceb44a8e691,my_cameron_highlands,4.47,101.376,2026,2026-07-21,2026-07-27,168,2026-07-21,2026-07-27
/Users/vidura/Code/big-weather/data/regional-2020-2025/raw/weather/location_id=my_cameron_highlands/year=2026/weather-2026-07-28-2026-08-03.parquet,ce3981ed0cbd9fffc8fbef597cb69e4462b71b25f4c069ee2d99448d7425eaeb,52458,74d8e882c10499975ebc64de56926ef86c667513b58a06a51533ac71c3d89cd3,my_cameron_highlands,4.47,101.376,2026,2026-07-28,2026-08-03,168,2026-07-28,2026-08-03
/Users/vidura/Code/big-weather/data/regional-2020-2025/raw/weather/location_id=my_cameron_highlands/year=2026/weather-2026-08-04-2026-08-10.parquet,d07afa11637478679905bdd499f1177c717fe8a8ac7c8eb8d3e81db674781a0d,51288,26c7a7ddc772242e2a5af68b17e7fda9c50b84bf86d8b7311af208c3aa3e6c65,my_cameron_highlands,4.47,101.376,2026,2026-08-04,2026-08-10,168,2026-08-04,2026-08-10
/Users/vidura/Code/big-weather/data/regional-2020-2025/raw/weather/location_id=my_cameron_highlands/year=2026/weather-2026-08-11-2026-08-17.parquet,0fc8da19fc5f9fc3ec40f307229f82919b9c51b54c81eb225f4b0948a8f30af8,51965,a79bdcd99f991db259277896865b64cabcf7388d739c7986bd1e13a159769fcb,my_cameron_highlands,4.47,101.376,2026,2026-08-11,2026-08-17,168,2026-08-11,2026-08-17
/Users/vidura/Code/big-weather/data/regional-2020-2025/raw/weather/location_id=my_cameron_highlands/year=2026/weather-2026-08-18-2026-08-24.parquet,f29f8a2db2ace17bf3ebfdbf7418aa6f280cba91ef31847ca5aa38ba45c45fb7,52074,70fefeee11b8e67a079541e06e07c9a37a1be8f5f05badadda9fd40cb046a4d0,my_cameron_highlands,4.47,101.376,2026,2026-08-18,2026-08-24,168,2026-08-18,2026-08-24
/Users/vidura/Code/big-weather/data/regional-2020-2025/raw/weather/location_id=my_cameron_highlands/year=2026/weather-2026-08-25-2026-08-31.parquet,fd01e2a60f56def626f2f2069c23fed2cde884a3db979f826ac8b4719db809c9,52029,44b683f46c5f57b4c07bb019958365b971c2c32702a1ef5630be1a87b80ddf62,my_cameron_highlands,4.47,101.376,2026,2026-08-25,2026-08-31,168,2026-08-25,2026-08-31
/Users/vidura/Code/big-weather/data/regional-2020-2025/raw/weather/location_id=my_genting/year=2026/weather-2026-05-05-2026-05-11.parquet,6341ed322555e03053ba7d2688639a0f619046389feb2d1db944336d4a479fb9,51908,bee9007e6dfdd9d003ca7590755bbb42024abc70249d1692e467e25fb554ee79,my_genting,3.4239,101.7932,2026,2026-05-05,2026-05-11,168,2026-05-05,2026-05-11
/Users/vidura/Code/big-weather/data/regional-2020-2025/raw/weather/location_id=my_genting/year=2026/weather-2026-05-12-2026-05-18.parquet,aaaea7f6826ade8cb381630f21f369733d45a4588397b9f46b3de3773667b5a9,52293,49ba0af9c376b53b2619b496bbd6c0a7169f4ba6b14be35decc288cf2dc8e83d,my_genting,3.4239,101.7932,2026,2026-05-12,2026-05-18,168,2026-05-12,2026-05-18
/Users/vidura/Code/big-weather/data/regional-2020-2025/raw/weather/location_id=my_genting/year=2026/weather-2026-05-19-2026-05-25.parquet,8c3137c6b6aac94bcc61564a287b012bffce075b90f5f4ec57414d6c0ab9592b,52250,a9fa2b1fbd0d3e6c00e7297936d1c80f21cf80bcaef28a59761b0947c9545f4f,my_genting,3.4239,101.7932,2026,2026-05-19,2026-05-25,168,2026-05-19,2026-05-25
/Users/vidura/Code/big-weather/data/regional-2020-2025/raw/weather/location_id=my_genting/year=2026/weather-2026-05-26-2026-06-01.parquet,a996218ddf82e5347f89c17f10284646abf74a6666aa8070854be00eb3201662,51818,e8845ce69dca776867b3c058de26133dffd6cb72290c09c007df9e7e69216b48,my_genting,3.4239,101.7932,2026,2026-05-26,2026-06-01,168,2026-05-26,2026-06-01
/Users/vidura/Code/big-weather/data/regional-2020-2025/raw/weather/location_id=my_genting/year=2026/weather-2026-06-02-2026-06-08.parquet,84e86a5dc49db7a5105d72ae7f079c243bb004afb8ccf44d714f026b030f6dd0,51766,e686b8e26b4bbf313f75b0033adbe5631b6ed0cf02d1262fc81ace267afed56a,my_genting,3.4239,101.7932,2026,2026-06-02,2026-06-08,168,2026-06-02,2026-06-08
/Users/vidura/Code/big-weather/data/regional-2020-2025/raw/weather/location_id=my_genting/year=2026/weather-2026-06-09-2026-06-15.parquet,78827670ec5b9396d6473eb82ed4ef471e1d249022749b2fcf43c25bce8d3989,52718,912a968fa60d36027c48146bde607a46c5e59460fde3a82a18049cc1e0ebd222,my_genting,3.4239,101.7932,2026,2026-06-09,2026-06-15,168,2026-06-09,2026-06-15
/Users/vidura/Code/big-weather/data/regional-2020-2025/raw/weather/location_id=my_genting/year=2026/weather-2026-06-16-2026-06-22.parquet,032eb59ffccc83e5a6d6b061b1f26a7ce8d1d16ab5847fdc14fe5b390079b0a3,52525,ad0a35de5515a88541f70e0953d327d6cdd890e6ffe9ae3075b45116200d148c,my_genting,3.4239,101.7932,2026,2026-06-16,2026-06-22,168,2026-06-16,2026-06-22
/Users/vidura/Code/big-weather/data/regional-2020-2025/raw/weather/location_id=my_genting/year=2026/weather-2026-06-23-2026-06-29.parquet,6de1c853671ca730556c1b01a9ac51371b4ce4f575cf6ebdb1f46e0df5db6772,52347,dae1637f1696fa429ba372e73e7614d71b69c0bf338a21f5c02f54a843aad9b0,my_genting,3.4239,101.7932,2026,2026-06-23,2026-06-29,168,2026-06-23,2026-06-29
/Users/vidura/Code/big-weather/data/regional-2020-2025/raw/weather/location_id=my_genting/year=2026/weather-2026-06-30-2026-07-06.parquet,d9d2f0b820ae1ba17e286f3ae9bd6386da0ecc4ba1eb2797fd165e51fcf82c14,51797,94fc5968ef0eba063eedfd082303535f8b10109b0905da1656d0bf231442347e,my_genting,3.4239,101.7932,2026,2026-06-30,2026-07-06,168,2026-06-30,2026-07-06
/Users/vidura/Code/big-weather/data/regional-2020-2025/raw/weather/location_id=my_genting/year=2026/weather-2026-07-07-2026-07-13.parquet,775ac5eb31640af4f27489a6769c1bcdddba87ac379983e2e6a302347b84ca3e,51757,670971d1e98cdb14568366761ae6fbe57e1c7ac08acb1376d6d2109ff94dbecd,my_genting,3.4239,101.7932,2026,2026-07-07,2026-07-13,168,2026-07-07,2026-07-13
/Users/vidura/Code/big-weather/data/regional-2020-2025/raw/weather/location_id=my_genting/year=2026/weather-2026-07-14-2026-07-20.parquet,f8627f5fcbf84bed4a544a812190f6ced19ef47b9a7e9a9e829c0b752139e963,52447,6392bbd7007b1551dfd6808c7d38bc99d4d2d400ba1dde8c8b4d1af59b9c9389,my_genting,3.4239,101.7932,2026,2026-07-14,2026-07-20,168,2026-07-14,2026-07-20
/Users/vidura/Code/big-weather/data/regional-2020-2025/raw/weather/location_id=my_genting/year=2026/weather-2026-07-21-2026-07-27.parquet,80ccc972b807fceb36e788645ed560c05efb0f244a16843943ad54ea112e3336,52169,31c9f6dd31e93b6733adccf933b97e0b47981548183383509bb53c5f211205ff,my_genting,3.4239,101.7932,2026,2026-07-21,2026-07-27,168,2026-07-21,2026-07-27
/Users/vidura/Code/big-weather/data/regional-2020-2025/raw/weather/location_id=my_genting/year=2026/weather-2026-07-28-2026-08-03.parquet,93d03cb37466335a168e4ce86287d1e9cb7d12ba6efd3540cefb83140eb1d20d,51981,626b95dd13ed8f5511f637b9a9ec7e3eb3f13518fab2db11a2a3e2ac2c1a369a,my_genting,3.4239,101.7932,2026,2026-07-28,2026-08-03,168,2026-07-28,2026-08-03
/Users/vidura/Code/big-weather/data/regional-2020-2025/raw/weather/location_id=my_genting/year=2026/weather-2026-08-04-2026-08-10.parquet,0efac1be6d27f6076c2a98df38fe82c2aeb6687bddb49f9423b4729b3de114af,51840,38c03a896949fb5da9a22758ac3d67b4f01287a152e6c826304ef24a6e8c8116,my_genting,3.4239,101.7932,2026,2026-08-04,2026-08-10,168,2026-08-04,2026-08-10
/Users/vidura/Code/big-weather/data/regional-2020-2025/raw/weather/location_id=my_genting/year=2026/weather-2026-08-11-2026-08-17.parquet,946d4b65aeac0eb3e6db5a973e751619037a2fb7e3872f626607d76c8ee26474,52405,a9c1432c9244a23cbd09a68bf8de3d87c68967963e145c76fa8c14baa7a00d29,my_genting,3.4239,101.7932,2026,2026-08-11,2026-08-17,168,2026-08-11,2026-08-17
/Users/vidura/Code/big-weather/data/regional-2020-2025/raw/weather/location_id=my_genting/year=2026/weather-2026-08-18-2026-08-24.parquet,704ed96162a85fddb2354acb75ad50cb216914496b820bc4e28f35253ce81a94,52823,348a9594fa58133e5b3463d1e5713ab39c189111f0f711f8674ec2d7b4bd8b44,my_genting,3.4239,101.7932,2026,2026-08-18,2026-08-24,168,2026-08-18,2026-08-24
/Users/vidura/Code/big-weather/data/regional-2020-2025/raw/weather/location_id=my_genting/year=2026/weather-2026-08-25-2026-08-31.parquet,44e9ab8c0dba523c9160346cf6dd992fd122fb03448227dc84c0aff9a0cc42ba,52134,3c4af2f331403b51193022c85a1c8165a45476f28cdd3f1c14a461ef42dacef3,my_genting,3.4239,101.7932,2026,2026-08-25,2026-08-31,168,2026-08-25,2026-08-31
/Users/vidura/Code/big-weather/data/regional-2020-2025/raw/weather/location_id=my_george_town/year=2026/weather-2026-04-28-2026-05-04.parquet,a6ece6fc73e2a815c49339a17a6e66cbbdb09e43bf057e80ecb27be472a2fc1d,52712,22eed135ccf9a73aa0b78077a455e2af8b5d9f24d614418147adbb2c0eac3cb4,my_george_town,5.4141,100.3288,2026,2026-04-28,2026-05-04,168,2026-04-28,2026-05-04
/Users/vidura/Code/big-weather/data/regional-2020-2025/raw/weather/location_id=my_george_town/year=2026/weather-2026-05-05-2026-05-11.parquet,60c1868bf84ce086096ad31c1b850da76396981996c1d5457391c36d33529a31,52198,0b6a49db4a7f055d244c9c36f88cd1ed2b7313959f8aea3691234915034fb075,my_george_town,5.4141,100.3288,2026,2026-05-05,2026-05-11,168,2026-05-05,2026-05-11
/Users/vidura/Code/big-weather/data/regional-2020-2025/raw/weather/location_id=my_george_town/year=2026/weather-2026-05-12-2026-05-18.parquet,bce03bc6eb70848ceee9f0cbc8d59b21498d67a6e56c23f6fe20e55b036118d6,52812,b46947a21f26a8363d71b8fefe40e2712f25338ae7d3c9cec4f242388ff2fb3f,my_george_town,5.4141,100.3288,2026,2026-05-12,2026-05-18,168,2026-05-12,2026-05-18
/Users/vidura/Code/big-weather/data/regional-2020-2025/raw/weather/location_id=my_george_town/year=2026/weather-2026-05-19-2026-05-25.parquet,29e277664c9b960aaead06d6b28f664d99fd6dc7bba842ac0022a2e4d882ea5c,52921,5eb4f5bb7eb3ff04401e06d7eb1a6d481af2f5cb0c7fd3da270796b87cb31184,my_george_town,5.4141,100.3288,2026,2026-05-19,2026-05-25,168,2026-05-19,2026-05-25
/Users/vidura/Code/big-weather/data/regional-2020-2025/raw/weather/location_id=my_george_town/year=2026/weather-2026-05-26-2026-06-01.parquet,38115646fd2582a7e98fd9615c506faa2cf09e93fbd484eb98a1edcc11c6420a,52022,171374fe5d74217d37865a7687bf7b1c9a96299639098ebb5d78f2ebd535a7c1,my_george_town,5.4141,100.3288,2026,2026-05-26,2026-06-01,168,2026-05-26,2026-06-01
/Users/vidura/Code/big-weather/data/regional-2020-2025/raw/weather/location_id=my_george_town/year=2026/weather-2026-06-02-2026-06-08.parquet,05dd2ece6809e90b4976260b0d4610f8a223d39fa3d3fc8b6cd5aae9898fc1a7,51888,7c3a23a01733d1db2e44cf4b71e722ced972fb0e1a61006545f60f05950aa7a3,my_george_town,5.4141,100.3288,2026,2026-06-02,2026-06-08,168,2026-06-02,2026-06-08
/Users/vidura/Code/big-weather/data/regional-2020-2025/raw/weather/location_id=my_george_town/year=2026/weather-2026-06-09-2026-06-15.parquet,f1de8f3d9d06db0fa6b53a8fa1ec9b4dcbdbd5f6febb4ebe98ad8ab6c25e07b3,52339,5fd929a2e4cf57f3b0b16c5b8a81500f2efe1b4e91b790246f4e74884fe99181,my_george_town,5.4141,100.3288,2026,2026-06-09,2026-06-15,168,2026-06-09,2026-06-15
/Users/vidura/Code/big-weather/data/regional-2020-2025/raw/weather/location_id=my_george_town/year=2026/weather-2026-06-16-2026-06-22.parquet,f8c73730d479eb191d11bcfd3d6c292938fb66537f3c0b74893f96d4e3e11cac,52530,f402ff532111aef9d066855ad676157b74f065444985c0b7e8381aab948e8f07,my_george_town,5.4141,100.3288,2026,2026-06-16,2026-06-22,168,2026-06-16,2026-06-22
/Users/vidura/Code/big-weather/data/regional-2020-2025/raw/weather/location_id=my_george_town/year=2026/weather-2026-06-23-2026-06-29.parquet,4bfcbbe1392d8ec28f9fb385c76d8951f2a72cea9f243ec4f28951834bb128ec,52823,5f0e38ab5fc1abf8d140c0a5be72d05a2e02ddab13f066bcd73f9ac8e1117b6d,my_george_town,5.4141,100.3288,2026,2026-06-23,2026-06-29,168,2026-06-23,2026-06-29
/Users/vidura/Code/big-weather/data/regional-2020-2025/raw/weather/location_id=my_george_town/year=2026/weather-2026-06-30-2026-07-06.parquet,87fd90ad269e98bf6621879589679fdf03fe4228af44cdefe6045cc2a53133d8,51955,77498c6dba354684b80256a36253931d96cf389702064ebb9ecbc7dfcccb0695,my_george_town,5.4141,100.3288,2026,2026-06-30,2026-07-06,168,2026-06-30,2026-07-06
/Users/vidura/Code/big-weather/data/regional-2020-2025/raw/weather/location_id=my_george_town/year=2026/weather-2026-07-07-2026-07-13.parquet,7685207df746d428046ec6e37e2ae2e2c5be097feedfa8a79b7428052425c948,52050,2c830ed9d5a072566c9f8d8d45e7a9955f279b902746e45e67534364c57e459e,my_george_town,5.4141,100.3288,2026,2026-07-07,2026-07-13,168,2026-07-07,2026-07-13
/Users/vidura/Code/big-weather/data/regional-2020-2025/raw/weather/location_id=my_george_town/year=2026/weather-2026-07-14-2026-07-20.parquet,c0d66bf5870d33ab2f862745eaee084c1dd5f8f1e3e0bb1017711c789bdaab52,52006,9b18cb20be1302c0c3c0f41eaf48e7b226389c845d0c5e1fbe8374bdb8c86216,my_george_town,5.4141,100.3288,2026,2026-07-14,2026-07-20,168,2026-07-14,2026-07-20
/Users/vidura/Code/big-weather/data/regional-2020-2025/raw/weather/location_id=my_george_town/year=2026/weather-2026-07-21-2026-07-27.parquet,255a1182b00dff6315e8813376a8760b8dae6f7e7c2027f4bdde32f28ea58501,51895,9e50668c50eb88e3f903656411332aa5ef15964db7dea1741fe3b5c0c967fd3c,my_george_town,5.4141,100.3288,2026,2026-07-21,2026-07-27,168,2026-07-21,2026-07-27
/Users/vidura/Code/big-weather/data/regional-2020-2025/raw/weather/location_id=my_george_town/year=2026/weather-2026-07-28-2026-08-03.parquet,ab82a56cf1a4202a22d27e1f7f286d42241c590cc3bde83922641ef0d0e9c44d,52391,ff1648b416abe118e2a5627b527e164e2c540e46ba816613fe6e39e716e10ee4,my_george_town,5.4141,100.3288,2026,2026-07-28,2026-08-03,168,2026-07-28,2026-08-03
/Users/vidura/Code/big-weather/data/regional-2020-2025/raw/weather/location_id=my_george_town/year=2026/weather-2026-08-04-2026-08-10.parquet,778d027b7872d6189b51470d5ad9bbe473cbb8f97a5feb54b84955a69b45f8b0,51774,13f3508e3af7f2c3593bb031e7511738cf0db93ca0aa5d71b22cc5f3cadc25af,my_george_town,5.4141,100.3288,2026,2026-08-04,2026-08-10,168,2026-08-04,2026-08-10
/Users/vidura/Code/big-weather/data/regional-2020-2025/raw/weather/location_id=my_george_town/year=2026/weather-2026-08-11-2026-08-17.parquet,2190da2d623cbcfb6556ce8de19d468de5d0e1594c39ee7c59812ffc163baa2e,52528,a09c155c97b646b930de92295276157571af48008b2f45f490e9262a41fba70f,my_george_town,5.4141,100.3288,2026,2026-08-11,2026-08-17,168,2026-08-11,2026-08-17
/Users/vidura/Code/big-weather/data/regional-2020-2025/raw/weather/location_id=my_george_town/year=2026/weather-2026-08-18-2026-08-24.parquet,5862cf202615a4f1c44d5effb2968e534f7aa513bd30038ce3cc3313281748cd,52628,c800f068d2c5d47a3286207ffb0ef886ee8f84e6e405e26f4f77f42f3d83cfe6,my_george_town,5.4141,100.3288,2026,2026-08-18,2026-08-24,168,2026-08-18,2026-08-24
/Users/vidura/Code/big-weather/data/regional-2020-2025/raw/weather/location_id=my_george_town/year=2026/weather-2026-08-25-2026-08-31.parquet,8bbeb5f3d304820590d800174dc2317561528ad948be368aab28b66b7a131f13,52170,39a2c56e9028b972b068e4e082ae86e9baaabebf6160b86cece2226816a36782,my_george_town,5.4141,100.3288,2026,2026-08-25,2026-08-31,168,2026-08-25,2026-08-31
/Users/vidura/Code/big-weather/data/regional-2020-2025/raw/weather/location_id=np_bharatpur/year=2026/weather-2026-04-28-2026-05-04.parquet,bed531f8d32a8c529369d2a6f1521c628ee5ea85150bcec67ec5ff0c38b45353,54587,e8c79f132dc93f230ba4de28e456f69e1dceea11144d0ca94897662394bd8ed1,np_bharatpur,27.6833,84.4333,2026,2026-04-28,2026-05-04,168,2026-04-28,2026-05-04
/Users/vidura/Code/big-weather/data/regional-2020-2025/raw/weather/location_id=np_bharatpur/year=2026/weather-2026-05-05-2026-05-11.parquet,c266db7f4a1a38bef561100ff84aa39763c5a4a1366a8d4923bc845e683211e5,53527,c6008c25a7dddc04c4e8fad3df57955718617dc9f36bc10131be4abf486ffe7e,np_bharatpur,27.6833,84.4333,2026,2026-05-05,2026-05-11,168,2026-05-05,2026-05-11
/Users/vidura/Code/big-weather/data/regional-2020-2025/raw/weather/location_id=np_bharatpur/year=2026/weather-2026-05-12-2026-05-18.parquet,e4ee293aeaba835db8607d505db0ad64895410a6b14bc091830d0bd64221a0b9,53948,a3fb469baaa743871455f4f19a9044d1a95d595ae44ca35484e5d6e93a9324a6,np_bharatpur,27.6833,84.4333,2026,2026-05-12,2026-05-18,168,2026-05-12,2026-05-18
/Users/vidura/Code/big-weather/data/regional-2020-2025/raw/weather/location_id=np_bharatpur/year=2026/weather-2026-05-19-2026-05-25.parquet,3cb2682fb886221299672ebdb716bc06c2df5aa08cd1a174ade3af3eac085c50,53521,39b4a8e0509f4fd0cecdfaae60bea18b971be39644c56e1de6ea89e63a32d8d7,np_bharatpur,27.6833,84.4333,2026,2026-05-19,2026-05-25,168,2026-05-19,2026-05-25
/Users/vidura/Code/big-weather/data/regional-2020-2025/raw/weather/location_id=np_bharatpur/year=2026/weather-2026-05-26-2026-06-01.parquet,b2a4d8ad8818a06d169e03f5704595510082ef511bee594c65c1b46dd53fae73,53814,93143e03729771a68b18aaa0a12372d6ad22f90c4a4f7e03e500e17c83b6a28e,np_bharatpur,27.6833,84.4333,2026,2026-05-26,2026-06-01,168,2026-05-26,2026-06-01
/Users/vidura/Code/big-weather/data/regional-2020-2025/raw/weather/location_id=np_bharatpur/year=2026/weather-2026-06-02-2026-06-08.parquet,c75e5fa4c14bb2c7e5dcc8929d90627256624c507a6c5da5d030314a8b6dc75b,53749,32449eaae81542d0d9f86cab77e682b70ed124fa6a1d3cc45d7a6381bd03ef47,np_bharatpur,27.6833,84.4333,2026,2026-06-02,2026-06-08,168,2026-06-02,2026-06-08
/Users/vidura/Code/big-weather/data/regional-2020-2025/raw/weather/location_id=np_bharatpur/year=2026/weather-2026-06-09-2026-06-15.parquet,5709b48135b732ad7064912e3a9c2827081bb48e54e7cf8eb24a403193e0d095,53654,1c6eb312fdd595b6cf5059268b511699d3a38878b8d672db46f12e84ea86faea,np_bharatpur,27.6833,84.4333,2026,2026-06-09,2026-06-15,168,2026-06-09,2026-06-15
/Users/vidura/Code/big-weather/data/regional-2020-2025/raw/weather/location_id=np_bharatpur/year=2026/weather-2026-06-16-2026-06-22.parquet,f8740244e65ebd33f296716f22f5e838fb24ead376a6fbeb5827d6d898b63a43,53579,d31a2f7990d88989d25e6ce462e5a1ff620bfa7f41b9962cb1277689e6df8a8e,np_bharatpur,27.6833,84.4333,2026,2026-06-16,2026-06-22,168,2026-06-16,2026-06-22
/Users/vidura/Code/big-weather/data/regional-2020-2025/raw/weather/location_id=np_bharatpur/year=2026/weather-2026-06-23-2026-06-29.parquet,cd64cd0ee06094f71b8b36a7b2c75fad10ab735a8325935ea6275c75bdb0f4ac,53905,8b8b92c4512d406b8a8575c9f206b586546b566e0aa3a7a9a8137a94caea9832,np_bharatpur,27.6833,84.4333,2026,2026-06-23,2026-06-29,168,2026-06-23,2026-06-29
/Users/vidura/Code/big-weather/data/regional-2020-2025/raw/weather/location_id=np_bharatpur/year=2026/weather-2026-06-30-2026-07-06.parquet,6dc85d757bc5c50eddf311c9f03d3ff291a0a3ab2aab97d776783c6e079a8ab0,52999,dd55758d922da36a8c5cb6a3be8f7cf8759f4ccdfb3cece039f87c82f6c3d3e9,np_bharatpur,27.6833,84.4333,2026,2026-06-30,2026-07-06,168,2026-06-30,2026-07-06
/Users/vidura/Code/big-weather/data/regional-2020-2025/raw/weather/location_id=np_bharatpur/year=2026/weather-2026-07-07-2026-07-13.parquet,386052940c64d8283ffed85c1f6c1efdf5f609605cda8bf7001b41d7086e2beb,51699,fe2292cfc35ab952e185b90a160b7d62f101f188c6986ee63fdeb67ef84751a6,np_bharatpur,27.6833,84.4333,2026,2026-07-07,2026-07-13,168,2026-07-07,2026-07-13
/Users/vidura/Code/big-weather/data/regional-2020-2025/raw/weather/location_id=np_bharatpur/year=2026/weather-2026-07-14-2026-07-20.parquet,fc89d0ef5f54ed13a96db6a05853bd4c902e70330017dceb39d2bb8cc7d77731,51801,9e4491dd7966d4fc645193a2ef06bd8313a07e539851836cdf7539fcf7aa058b,np_bharatpur,27.6833,84.4333,2026,2026-07-14,2026-07-20,168,2026-07-14,2026-07-20
/Users/vidura/Code/big-weather/data/regional-2020-2025/raw/weather/location_id=np_bharatpur/year=2026/weather-2026-07-21-2026-07-27.parquet,466e60b03eda42e2d4e6750b3bb44003cd457fbafb8b61b9b3790525ef57d0f7,52917,d1f429971e3527f60460c6852673fd7335db181383ff464a24a1c54bd6869e35,np_bharatpur,27.6833,84.4333,2026,2026-07-21,2026-07-27,168,2026-07-21,2026-07-27
/Users/vidura/Code/big-weather/data/regional-2020-2025/raw/weather/location_id=np_bharatpur/year=2026/weather-2026-07-28-2026-08-03.parquet,ba3c1ba4d61b16ec72709a539a5bbb7e7008234ec065bb1f6cbdf951aca6fbe4,52454,c0b6944b8d5572c50d825147b2a33514b1b4672fcc23aa73ac23deede19ca0e2,np_bharatpur,27.6833,84.4333,2026,2026-07-28,2026-08-03,168,2026-07-28,2026-08-03
/Users/vidura/Code/big-weather/data/regional-2020-2025/raw/weather/location_id=np_bharatpur/year=2026/weather-2026-08-04-2026-08-10.parquet,4d5fbd5ec1fe90fea8ae725e7b30ed700ef7e8f09c48080cd02ccc56ac79e88c,52691,5e037d58edc293803cddcaa3db94c50db4214ad21ac30e14780265bad80332f1,np_bharatpur,27.6833,84.4333,2026,2026-08-04,2026-08-10,168,2026-08-04,2026-08-10
/Users/vidura/Code/big-weather/data/regional-2020-2025/raw/weather/location_id=np_bharatpur/year=2026/weather-2026-08-11-2026-08-17.parquet,8831488e0354f588cc4500095811e3a18aad02577f8301bd41ebe54a0f3355fb,52683,ef20a1b9aeb776af0967c3dbca3ab3443a228aacf132a0d3d09d6a2355d029f7,np_bharatpur,27.6833,84.4333,2026,2026-08-11,2026-08-17,168,2026-08-11,2026-08-17
/Users/vidura/Code/big-weather/data/regional-2020-2025/raw/weather/location_id=np_bharatpur/year=2026/weather-2026-08-18-2026-08-24.parquet,f09508ae4837ecac5250ecdc7fa0a799ac02d0d81273b6f3991c94a64d3d2778,52164,0d05343440f60e671b4bc1623acb0b7708b5934352bc8eaa93fd919554e5db69,np_bharatpur,27.6833,84.4333,2026,2026-08-18,2026-08-24,168,2026-08-18,2026-08-24
/Users/vidura/Code/big-weather/data/regional-2020-2025/raw/weather/location_id=np_bharatpur/year=2026/weather-2026-08-25-2026-08-31.parquet,fc9fafca0e6b919c1407248288b95be7264f2f0a74565b0f6aa45209ec329b19,52233,69a60835443d237cc7318fb7a5a69f365a048c4bf5afa9d5f9eda5ff73157930,np_bharatpur,27.6833,84.4333,2026,2026-08-25,2026-08-31,168,2026-08-25,2026-08-31
/Users/vidura/Code/big-weather/data/regional-2020-2025/raw/weather/location_id=np_biratnagar/year=2026/weather-2026-04-28-2026-05-04.parquet,73da9c6a014ee892d00ce08c5386773945513608c3c481658f3f969e6d3ebdd4,54350,c6a5242269e7dc1bac1252bcf794cad72e53e35f497b7a43b145e6055b0b4a30,np_biratnagar,26.4525,87.2718,2026,2026-04-28,2026-05-04,168,2026-04-28,2026-05-04
/Users/vidura/Code/big-weather/data/regional-2020-2025/raw/weather/location_id=np_biratnagar/year=2026/weather-2026-05-05-2026-05-11.parquet,c318d040bb120608a852af738b49f34074f144715909df00596951290fa97b64,53755,0fabe30f2575ad5e77ce783aa5c2e768dbd073932fb056162aa7f73aca0b6584,np_biratnagar,26.4525,87.2718,2026,2026-05-05,2026-05-11,168,2026-05-05,2026-05-11
/Users/vidura/Code/big-weather/data/regional-2020-2025/raw/weather/location_id=np_biratnagar/year=2026/weather-2026-05-12-2026-05-18.parquet,ce23082edd73677dccfb0e64d347befead637bb7ab9185cfae88ce96452ca660,53635,2585e86dd95b6ab41bb3c8ac26af14f64ed3bf6d19a207b9a029a1d5a3a9997a,np_biratnagar,26.4525,87.2718,2026,2026-05-12,2026-05-18,168,2026-05-12,2026-05-18
/Users/vidura/Code/big-weather/data/regional-2020-2025/raw/weather/location_id=np_biratnagar/year=2026/weather-2026-05-19-2026-05-25.parquet,de1fe61ab85416f885853dd79343439e3018d4f397eec97d07ece26b1f6ad1f3,52749,e60aebcc9956fbea4a8952869016561423c5029cc0220a785df75c8f48f27792,np_biratnagar,26.4525,87.2718,2026,2026-05-19,2026-05-25,168,2026-05-19,2026-05-25
/Users/vidura/Code/big-weather/data/regional-2020-2025/raw/weather/location_id=np_biratnagar/year=2026/weather-2026-05-26-2026-06-01.parquet,9fc44d253b1fd4db0d1a9bd886050393132144c5b861d30c8bdc44ca605311ce,53828,ff2f1909a51aff7802d7de27be0f8f0f5f4e83a2051b684624ec8aba77360c94,np_biratnagar,26.4525,87.2718,2026,2026-05-26,2026-06-01,168,2026-05-26,2026-06-01
/Users/vidura/Code/big-weather/data/regional-2020-2025/raw/weather/location_id=np_biratnagar/year=2026/weather-2026-06-02-2026-06-08.parquet,d93818036d44c5432e85916977ee87b564c396df7e2c8452d536862fe50836c4,54165,8414b92a24a37dd91e6012cdfe021f79ddb3f80ea14dffb63ca4b2bcdb06b08c,np_biratnagar,26.4525,87.2718,2026,2026-06-02,2026-06-08,168,2026-06-02,2026-06-08
/Users/vidura/Code/big-weather/data/regional-2020-2025/raw/weather/location_id=np_biratnagar/year=2026/weather-2026-06-09-2026-06-15.parquet,21591666ed12b9d78cb11afe7355ed3dd3c6cb520c0d0baa3716cd094e7bb69f,53480,491d86967f13e574ae3eadfce1ab333a353187497a48c16b5ed27fb72b46db55,np_biratnagar,26.4525,87.2718,2026,2026-06-09,2026-06-15,168,2026-06-09,2026-06-15
/Users/vidura/Code/big-weather/data/regional-2020-2025/raw/weather/location_id=np_biratnagar/year=2026/weather-2026-06-16-2026-06-22.parquet,96d06f3a7a445ab738b235792b7a2e2544be4ca2816b2a2b568e2c24e63bcdfb,53582,60944c85ed15977c377e826c9314b3db07d03bd5104cecac8c35155849339228,np_biratnagar,26.4525,87.2718,2026,2026-06-16,2026-06-22,168,2026-06-16,2026-06-22
/Users/vidura/Code/big-weather/data/regional-2020-2025/raw/weather/location_id=np_biratnagar/year=2026/weather-2026-06-23-2026-06-29.parquet,584abe5e99805b09f2c8e510c7dfcdca23dae19e379c81abc2b7b7c90d978a01,53708,6002f8e454668ae33f36dc8684bf06d62a3d55e15f183422a48d48008920ebcd,np_biratnagar,26.4525,87.2718,2026,2026-06-23,2026-06-29,168,2026-06-23,2026-06-29
/Users/vidura/Code/big-weather/data/regional-2020-2025/raw/weather/location_id=np_biratnagar/year=2026/weather-2026-06-30-2026-07-06.parquet,ba8c21daec68f8077df4327854f1ea3c31d62731c8d4b1114f77e1d195630d39,54136,e864f54d2a91fb28b41dbf96bb3be905d10c374a34382256d8b025880f05fb77,np_biratnagar,26.4525,87.2718,2026,2026-06-30,2026-07-06,168,2026-06-30,2026-07-06
/Users/vidura/Code/big-weather/data/regional-2020-2025/raw/weather/location_id=np_biratnagar/year=2026/weather-2026-07-07-2026-07-13.parquet,83a65541993fa7fd21e4eee9f8a7e09ba60695363826f66f2e9bd4881996820f,52708,d191a59a540e4caf222c6499bb512d69f40dd0eacd4c9280b0ebc25750f8efb0,np_biratnagar,26.4525,87.2718,2026,2026-07-07,2026-07-13,168,2026-07-07,2026-07-13
/Users/vidura/Code/big-weather/data/regional-2020-2025/raw/weather/location_id=np_biratnagar/year=2026/weather-2026-07-14-2026-07-20.parquet,48af9a4b4a57d343342a2d7a2941157df9596354b5d7b4326809d00c009bc432,53068,1cc52bc4507922f5ce3233307cc4f4bf94cf9974a17b25ddb10bdffd8b7279d0,np_biratnagar,26.4525,87.2718,2026,2026-07-14,2026-07-20,168,2026-07-14,2026-07-20
/Users/vidura/Code/big-weather/data/regional-2020-2025/raw/weather/location_id=np_biratnagar/year=2026/weather-2026-07-21-2026-07-27.parquet,aad909acf64c30116d0ab10e03d0807a3bcceda68df3859d7d75b9f4677cc7d3,54072,eedf867c1569fc402d004811e3e41616698effd124ea807d864bcc09afb4aad9,np_biratnagar,26.4525,87.2718,2026,2026-07-21,2026-07-27,168,2026-07-21,2026-07-27
/Users/vidura/Code/big-weather/data/regional-2020-2025/raw/weather/location_id=np_biratnagar/year=2026/weather-2026-07-28-2026-08-03.parquet,aba61ea647da2be251e35bed77019e42fe413c90e6da8880e35a29bb3ad064f8,52746,856f362b9c81a4198e85cb8ef026ee98e1bc045d28c1361bf03fa6ecd0c501f6,np_biratnagar,26.4525,87.2718,2026,2026-07-28,2026-08-03,168,2026-07-28,2026-08-03
/Users/vidura/Code/big-weather/data/regional-2020-2025/raw/weather/location_id=np_biratnagar/year=2026/weather-2026-08-04-2026-08-10.parquet,cfc656af345b03a5ee1fff226c8f1e16fddbaa3ce25b2739ba5b1793d8e11512,53441,93deea55f40db39c0d515613a68ed728fa5354d45c3c9e72055a8a18d18a11a8,np_biratnagar,26.4525,87.2718,2026,2026-08-04,2026-08-10,168,2026-08-04,2026-08-10
/Users/vidura/Code/big-weather/data/regional-2020-2025/raw/weather/location_id=np_biratnagar/year=2026/weather-2026-08-11-2026-08-17.parquet,d761ae92bab88ac1076c90efac4d087670c5e757a237121017dc93fead786c05,53110,9a15b6c1141025f9c0029a8f9063cb3a86958178309af6ef8168ae41aee9260c,np_biratnagar,26.4525,87.2718,2026,2026-08-11,2026-08-17,168,2026-08-11,2026-08-17
/Users/vidura/Code/big-weather/data/regional-2020-2025/raw/weather/location_id=np_biratnagar/year=2026/weather-2026-08-18-2026-08-24.parquet,1e9e456b7f4061c7ce13c7ba7039962bc663b4eaa2fe65cc93491ed8a0863694,52714,7db6f39727aba4fcca285b858df9d69f3f6ed4d6a8bb8a93e5d65481c06a26ac,np_biratnagar,26.4525,87.2718,2026,2026-08-18,2026-08-24,168,2026-08-18,2026-08-24
/Users/vidura/Code/big-weather/data/regional-2020-2025/raw/weather/location_id=np_biratnagar/year=2026/weather-2026-08-25-2026-08-31.parquet,8ade69e430fd12c8d22e4dd2d082077b32ea73c6584a1d7252cc317b233cb00e,53005,0c5e47dd94be1c4e6f3858419fad83fc36c31c188937994055d6297e8129f535,np_biratnagar,26.4525,87.2718,2026,2026-08-25,2026-08-31,168,2026-08-25,2026-08-31
/Users/vidura/Code/big-weather/data/regional-2020-2025/raw/weather/location_id=np_dhulikhel/year=2026/weather-2026-04-28-2026-05-04.parquet,7c75ad6c91b3d2b7449737f62bb51ddf10af8c7c8ce2934e7b442a89af2c2ef6,54693,545e5c46a870afdd775193c02b780aad6f0238efb5b757d7d8747bb64896215a,np_dhulikhel,27.6221,85.5421,2026,2026-04-28,2026-05-04,168,2026-04-28,2026-05-04
/Users/vidura/Code/big-weather/data/regional-2020-2025/raw/weather/location_id=np_dhulikhel/year=2026/weather-2026-05-05-2026-05-11.parquet,2a0ee975d2434f01bb11dd7d1b1191818789761b757e359a75c0e355c8a8dc3d,54330,410a5cbf99541b08f026a50f69765e10ae31b7d17f3fbe4c6edc06a4b07bb96c,np_dhulikhel,27.6221,85.5421,2026,2026-05-05,2026-05-11,168,2026-05-05,2026-05-11
/Users/vidura/Code/big-weather/data/regional-2020-2025/raw/weather/location_id=np_dhulikhel/year=2026/weather-2026-05-12-2026-05-18.parquet,e721a1425fab1c3f29ad452680553aed58f9535a9b9f7b63d30cc1b4842fe5fa,53703,dc539f30a7404abd844abb13001a0ce73c3eb6c8f2ae3d9795cb79aa7b90a002,np_dhulikhel,27.6221,85.5421,2026,2026-05-12,2026-05-18,168,2026-05-12,2026-05-18
/Users/vidura/Code/big-weather/data/regional-2020-2025/raw/weather/location_id=np_dhulikhel/year=2026/weather-2026-05-19-2026-05-25.parquet,75d25f60db183eb99349bd5a83a24ea565dff68f0385b3b321a9e2183322767f,53672,54fe36b9c7f4b4ee1c0e6ae21f4ffa4e285175b8d04741314a017e7a1182f040,np_dhulikhel,27.6221,85.5421,2026,2026-05-19,2026-05-25,168,2026-05-19,2026-05-25
/Users/vidura/Code/big-weather/data/regional-2020-2025/raw/weather/location_id=np_dhulikhel/year=2026/weather-2026-05-26-2026-06-01.parquet,b3148a85bc2d1373d3b168d38555561771fc23afdba78fc56709a39056730afe,53773,459900966200caad9e2a14168183061ee1fa084f4badf905918220df5f586fa8,np_dhulikhel,27.6221,85.5421,2026,2026-05-26,2026-06-01,168,2026-05-26,2026-06-01
/Users/vidura/Code/big-weather/data/regional-2020-2025/raw/weather/location_id=np_dhulikhel/year=2026/weather-2026-06-02-2026-06-08.parquet,44a790971adb0f32d1399e6a2af9cf9b583c43aea66ded51b64d0709ddbfd564,53467,ac15bee24b3eac5c66758775feeb6a52f0c5f077a3ed21859785b4c19b18eabd,np_dhulikhel,27.6221,85.5421,2026,2026-06-02,2026-06-08,168,2026-06-02,2026-06-08
/Users/vidura/Code/big-weather/data/regional-2020-2025/raw/weather/location_id=np_dhulikhel/year=2026/weather-2026-06-09-2026-06-15.parquet,e5da4860a9a59e676dc51b33ac84cae77f3f9a8432ba86b1724a37f127768835,54104,58d8e579d86d634bf50d1defb376742c3a8e65472f70edfc5e7b0614484f140f,np_dhulikhel,27.6221,85.5421,2026,2026-06-09,2026-06-15,168,2026-06-09,2026-06-15
/Users/vidura/Code/big-weather/data/regional-2020-2025/raw/weather/location_id=np_dhulikhel/year=2026/weather-2026-06-16-2026-06-22.parquet,9a65d8ab05de982ff1e73f41de015eda9eaed529a64db24d358addebbdee6175,53736,92d72fde6c95f28dff81191729d78f242549c5b4c101a3262037bd904ea0a3f5,np_dhulikhel,27.6221,85.5421,2026,2026-06-16,2026-06-22,168,2026-06-16,2026-06-22
/Users/vidura/Code/big-weather/data/regional-2020-2025/raw/weather/location_id=np_dhulikhel/year=2026/weather-2026-06-23-2026-06-29.parquet,ba33a4d7d0a936348b6762432fde33ee1f29e495c219c114a84b6e05b73c84f9,53982,6fbf0f7bb5981a3bf4352c5e2aa98b4727c6d82739d0d5450c9c51d103117e79,np_dhulikhel,27.6221,85.5421,2026,2026-06-23,2026-06-29,168,2026-06-23,2026-06-29
/Users/vidura/Code/big-weather/data/regional-2020-2025/raw/weather/location_id=np_dhulikhel/year=2026/weather-2026-06-30-2026-07-06.parquet,0e8cc51e63011490012a31dbb7f6000bb7493b48169713cb8c88532ef9f00a17,52893,04be5c8bea0ad35342b6be49c4b0f913e1daf3dc0b827457543bec14bb0a740d,np_dhulikhel,27.6221,85.5421,2026,2026-06-30,2026-07-06,168,2026-06-30,2026-07-06
/Users/vidura/Code/big-weather/data/regional-2020-2025/raw/weather/location_id=np_dhulikhel/year=2026/weather-2026-07-07-2026-07-13.parquet,0609e0f35e76817613de275587909df595c940af8be11d3703b7d60725f79cdf,51196,70336e767571ec1898912e126300792d7aea8680ec50f1cb80eba41de808f0b3,np_dhulikhel,27.6221,85.5421,2026,2026-07-07,2026-07-13,168,2026-07-07,2026-07-13
/Users/vidura/Code/big-weather/data/regional-2020-2025/raw/weather/location_id=np_dhulikhel/year=2026/weather-2026-07-14-2026-07-20.parquet,1452eb13b896a7177e79c21d19f18edec93067264abaa8ff27738754e212bc38,51226,e1a516e6b0407b5c3235f400f9c6cd8d01b36d12a83b2d34c5edde1f0d4f3471,np_dhulikhel,27.6221,85.5421,2026,2026-07-14,2026-07-20,168,2026-07-14,2026-07-20
/Users/vidura/Code/big-weather/data/regional-2020-2025/raw/weather/location_id=np_dhulikhel/year=2026/weather-2026-07-21-2026-07-27.parquet,b2ba8fd1569123de44d3eb5c4800a194efc06425e26704f85928d76bd3ad50dc,52755,77ef616f88cd43a7fde7062175665871ec9353fde1991157d88a0169cea90b43,np_dhulikhel,27.6221,85.5421,2026,2026-07-21,2026-07-27,168,2026-07-21,2026-07-27
/Users/vidura/Code/big-weather/data/regional-2020-2025/raw/weather/location_id=np_dhulikhel/year=2026/weather-2026-07-28-2026-08-03.parquet,c804029251a029c488010dcee30ecc58a4df45a9970558e7458948eb553838b9,52151,1dc4401260ec1d2e36eabf30a77addd54e70fd8a3fee7e89720cb8d97a6ea546,np_dhulikhel,27.6221,85.5421,2026,2026-07-28,2026-08-03,168,2026-07-28,2026-08-03
/Users/vidura/Code/big-weather/data/regional-2020-2025/raw/weather/location_id=np_dhulikhel/year=2026/weather-2026-08-04-2026-08-10.parquet,706174efaf514010f2f99ea1952a97fa72ec08421690f71ca2ff325719535942,52422,3ee28d3543772cc17675c292f63e4a46f37ffa647d93f5e32b3cc11cee1f3329,np_dhulikhel,27.6221,85.5421,2026,2026-08-04,2026-08-10,168,2026-08-04,2026-08-10
/Users/vidura/Code/big-weather/data/regional-2020-2025/raw/weather/location_id=np_dhulikhel/year=2026/weather-2026-08-11-2026-08-17.parquet,f26813b9a16eaf66a294485b38a976cbe3d3f9b5de4a865e1c8fa2a78791942c,52691,0fda5ec2a803dee1e1d95f49701ebc7d37fb86117af23b8f72b5a4354731cd45,np_dhulikhel,27.6221,85.5421,2026,2026-08-11,2026-08-17,168,2026-08-11,2026-08-17
/Users/vidura/Code/big-weather/data/regional-2020-2025/raw/weather/location_id=np_dhulikhel/year=2026/weather-2026-08-18-2026-08-24.parquet,06133c39ce7db7f60d9cbf3ea1d9a2b1469b22f4491dec3bfe434b9638c580f3,51983,e5c782d955bb35aa4030f8f283404cd109fab08f5619d3898972b256cb6e3dc6,np_dhulikhel,27.6221,85.5421,2026,2026-08-18,2026-08-24,168,2026-08-18,2026-08-24
/Users/vidura/Code/big-weather/data/regional-2020-2025/raw/weather/location_id=np_dhulikhel/year=2026/weather-2026-08-25-2026-08-31.parquet,16313c3e6af1c7375cee47cf9283cf3187c6e4fffe8aef68cc6a23879c52d7b3,51792,da68a8258bd73884e7e41c3fbb7b5e0a95f8fbc34bdbe64bd3eb56686a29dac3,np_dhulikhel,27.6221,85.5421,2026,2026-08-25,2026-08-31,168,2026-08-25,2026-08-31
/Users/vidura/Code/big-weather/data/regional-2020-2025/raw/weather/location_id=np_dingboche/year=2026/weather-2026-04-28-2026-05-04.parquet,ed88a9571d87fb005524240f6e340a7fd8e25200b6025529f08c9e005030a0e5,53772,b7073826a39039f76c0e00faa387cd48c02e834ec68ff45c0b20b36fdcc32129,np_dingboche,27.892,86.8314,2026,2026-04-28,2026-05-04,168,2026-04-28,2026-05-04
/Users/vidura/Code/big-weather/data/regional-2020-2025/raw/weather/location_id=np_dingboche/year=2026/weather-2026-05-05-2026-05-11.parquet,12c85f167d32277fb726b3bc1d971f700630e8b66964b8f296043de98ed5e104,54060,a97106e847766310395c27306ea3d2f2f14b2e449b20fe4191db8a5a0a80a187,np_dingboche,27.892,86.8314,2026,2026-05-05,2026-05-11,168,2026-05-05,2026-05-11
/Users/vidura/Code/big-weather/data/regional-2020-2025/raw/weather/location_id=np_dingboche/year=2026/weather-2026-05-12-2026-05-18.parquet,5f8c8968109fa21e399246af50f4a65f6ef48823fa2f28bc364139b5fbfcf633,53506,c10cdd6af4786b0631ef11202aae242014102751b3b18cd7225abeb8a5ae2525,np_dingboche,27.892,86.8314,2026,2026-05-12,2026-05-18,168,2026-05-12,2026-05-18
/Users/vidura/Code/big-weather/data/regional-2020-2025/raw/weather/location_id=np_dingboche/year=2026/weather-2026-05-19-2026-05-25.parquet,10bf61e93aa894aa100b9671c87dd0955e8c6d1aa6e467a0eb7044aad3d0e19c,53375,69aab09bf1402ee6fdae1a884848a716e5505044024fb562c39c39a8ba8ff275,np_dingboche,27.892,86.8314,2026,2026-05-19,2026-05-25,168,2026-05-19,2026-05-25
/Users/vidura/Code/big-weather/data/regional-2020-2025/raw/weather/location_id=np_dingboche/year=2026/weather-2026-05-26-2026-06-01.parquet,85315f6bf1c7aaea75f98fd559f8279947e0645c679a2ae187dc0598c6783628,53700,1abf3d121989a4a3544c98b5830836fc858c69e883af93d95f6175c2383c63b3,np_dingboche,27.892,86.8314,2026,2026-05-26,2026-06-01,168,2026-05-26,2026-06-01
/Users/vidura/Code/big-weather/data/regional-2020-2025/raw/weather/location_id=np_dingboche/year=2026/weather-2026-06-02-2026-06-08.parquet,10ad73b55726344f0e2dc52158f1d5446b08ffd52bdd319bd1fa4ebb01d6ce39,53171,a689b8b3f80faa6ff4d8c77f12d6e50148d4a60ae8f95f9ce18e77ffd4f833ce,np_dingboche,27.892,86.8314,2026,2026-06-02,2026-06-08,168,2026-06-02,2026-06-08
/Users/vidura/Code/big-weather/data/regional-2020-2025/raw/weather/location_id=np_dingboche/year=2026/weather-2026-06-09-2026-06-15.parquet,149d4ce398e80c72f3dda32d9afaa3362ffa83f667c7f6987fb58ac45fae9f44,53569,3c14ceaeab2ec7cc6d5b4426770b92e7c85baef8733cfd93e84d40208ad65769,np_dingboche,27.892,86.8314,2026,2026-06-09,2026-06-15,168,2026-06-09,2026-06-15
/Users/vidura/Code/big-weather/data/regional-2020-2025/raw/weather/location_id=np_dingboche/year=2026/weather-2026-06-16-2026-06-22.parquet,64e4e353a3276835f4e7c86bd7f43a9cb00ced3e55014c41cffd5c1ba14f5e95,53096,650c3ef7de8d59030b092d2e03a856d6e66eecdb5b19558f3d04c3bef0696302,np_dingboche,27.892,86.8314,2026,2026-06-16,2026-06-22,168,2026-06-16,2026-06-22
/Users/vidura/Code/big-weather/data/regional-2020-2025/raw/weather/location_id=np_dingboche/year=2026/weather-2026-06-23-2026-06-29.parquet,e3c56afeb4da835d8f980c86ca7f1eef284b5259408f7b05b2ddfd6f745be3bf,53337,51edf41bbbf6afdb7f0699924d82d288c17c4917c64278dd20c55c4f64b6fb9a,np_dingboche,27.892,86.8314,2026,2026-06-23,2026-06-29,168,2026-06-23,2026-06-29
/Users/vidura/Code/big-weather/data/regional-2020-2025/raw/weather/location_id=np_dingboche/year=2026/weather-2026-06-30-2026-07-06.parquet,126541da43883b2243903222436a3f9e7d026142685514696b7730d006f48bce,53379,17dbb5b7f78c1ae58036664e9ae682b4249ca2ffd1a2baaec308f6b036cfad87,np_dingboche,27.892,86.8314,2026,2026-06-30,2026-07-06,168,2026-06-30,2026-07-06
/Users/vidura/Code/big-weather/data/regional-2020-2025/raw/weather/location_id=np_dingboche/year=2026/weather-2026-07-07-2026-07-13.parquet,be897d9c219d5415673e9a8a397da8cc76b0d25943d77f532bb6b2dddfda8c90,52864,503c89d7cdbacb610a0fbe5ca1a08dc19037edbe41f02098921fcdfcc8636c9f,np_dingboche,27.892,86.8314,2026,2026-07-07,2026-07-13,168,2026-07-07,2026-07-13
/Users/vidura/Code/big-weather/data/regional-2020-2025/raw/weather/location_id=np_dingboche/year=2026/weather-2026-07-14-2026-07-20.parquet,ae0a67246a2e886e4a7b8de5b1f73e3d82626f7c719cce0f36d74055cb6c0071,52278,633b4a9d6615da3d8013214c7ce348e91e1edd955528d7aefdbfc0d29ebc574f,np_dingboche,27.892,86.8314,2026,2026-07-14,2026-07-20,168,2026-07-14,2026-07-20
/Users/vidura/Code/big-weather/data/regional-2020-2025/raw/weather/location_id=np_dingboche/year=2026/weather-2026-07-21-2026-07-27.parquet,6a1c6ade2a69868a5804fe8aec88950ec274aedf1087a6c4119ef42c51348790,52707,495175bd59ffe904a63ba3c1a2c37a85cc9007f4ddadbceb5f076e5a79a880d9,np_dingboche,27.892,86.8314,2026,2026-07-21,2026-07-27,168,2026-07-21,2026-07-27
/Users/vidura/Code/big-weather/data/regional-2020-2025/raw/weather/location_id=np_dingboche/year=2026/weather-2026-07-28-2026-08-03.parquet,5658c5e92e77816d8c7790679c27cfe4c773152a8197f2ee90940f761e3ce6d4,52468,41ccb26699370c536ef6367e5aa556b236036f5bcab96667e70735b648c35c9d,np_dingboche,27.892,86.8314,2026,2026-07-28,2026-08-03,168,2026-07-28,2026-08-03
/Users/vidura/Code/big-weather/data/regional-2020-2025/raw/weather/location_id=np_dingboche/year=2026/weather-2026-08-04-2026-08-10.parquet,77de2982e9248b38aa5d65004f609a0b121f6d38c2d3a916686852c4d69b764e,52745,3481642534a5690c806f91d20b504b2ef9935a7e29158e5f19821e2933c526bb,np_dingboche,27.892,86.8314,2026,2026-08-04,2026-08-10,168,2026-08-04,2026-08-10
/Users/vidura/Code/big-weather/data/regional-2020-2025/raw/weather/location_id=np_dingboche/year=2026/weather-2026-08-11-2026-08-17.parquet,f8a4696ef4b1e305974dff82b7e1abf31d1a073aa291913305e4e9b1b3b55410,52154,e88c603b497a16d17962f95b71fef388c001a101e2e42d9d964176f601708d3f,np_dingboche,27.892,86.8314,2026,2026-08-11,2026-08-17,168,2026-08-11,2026-08-17
/Users/vidura/Code/big-weather/data/regional-2020-2025/raw/weather/location_id=np_dingboche/year=2026/weather-2026-08-18-2026-08-24.parquet,8c3f016dec7956829c7bdc36059c2a6de6200202c5c8d3c9df9004490d7c7e5c,52116,d93e9773951c1bfe592dcf06152d30ee926f5d105bc204ed751e12a8add52e6b,np_dingboche,27.892,86.8314,2026,2026-08-18,2026-08-24,168,2026-08-18,2026-08-24
/Users/vidura/Code/big-weather/data/regional-2020-2025/raw/weather/location_id=np_dingboche/year=2026/weather-2026-08-25-2026-08-31.parquet,b0e45ccc43c7178776c0192a3ea82a5ecd7562ed71412abd95018557c775b9b7,51900,f72c96d08a39b7af558ab412d38c17d22ab528b13e1add0721d1d6e8fff8d79d,np_dingboche,27.892,86.8314,2026,2026-08-25,2026-08-31,168,2026-08-25,2026-08-31
/Users/vidura/Code/big-weather/data/regional-2020-2025/raw/weather/location_id=np_janakpur/year=2026/weather-2026-04-28-2026-05-04.parquet,7e212e5111865b52cb3275c5a92221fd58c0309135859264b1e9239d0f09f0a2,54305,fd1051b74bf56a88ec96febc4d12c9245304baabf38fb8ff02b5e9a7f9ecbef6,np_janakpur,26.7271,85.9407,2026,2026-04-28,2026-05-04,168,2026-04-28,2026-05-04
/Users/vidura/Code/big-weather/data/regional-2020-2025/raw/weather/location_id=np_janakpur/year=2026/weather-2026-05-05-2026-05-11.parquet,6c6702fc5e620e68cb20a6e18e74c2bca21991e6b1f1baad5dbaf45b1ee4f76f,54139,6f3c03ff4aa89879acb1f86562157b594660c1aa07b4e5cd9ee0622a6d5e451d,np_janakpur,26.7271,85.9407,2026,2026-05-05,2026-05-11,168,2026-05-05,2026-05-11
/Users/vidura/Code/big-weather/data/regional-2020-2025/raw/weather/location_id=np_janakpur/year=2026/weather-2026-05-12-2026-05-18.parquet,2bb2c6d1b5b9f610de45b4dc2a82474ce44965c7323b48b0cff760831c4b77d7,54177,8fd62f955b15cbfeb34ccf42882f0abddddd96ad990ef8e7a2b43c6a0b50e028,np_janakpur,26.7271,85.9407,2026,2026-05-12,2026-05-18,168,2026-05-12,2026-05-18
/Users/vidura/Code/big-weather/data/regional-2020-2025/raw/weather/location_id=np_janakpur/year=2026/weather-2026-05-19-2026-05-25.parquet,ae05c5184d08b3fc6b7e4e46bab6cecdad933fc162ac114b03bf31de8ac7450e,53319,e344c5b3a9d9dbafa99768b57c81bdf1a3f227724067a9cfb3bd0bf102807bd4,np_janakpur,26.7271,85.9407,2026,2026-05-19,2026-05-25,168,2026-05-19,2026-05-25
/Users/vidura/Code/big-weather/data/regional-2020-2025/raw/weather/location_id=np_janakpur/year=2026/weather-2026-05-26-2026-06-01.parquet,27fd9847e408a8b78d70953dadc70e4bea97268934ea41bc8a53f284b420c0da,53801,dfb1801543720d8ff6989c981e2a60aa22e603697e5121f4700a24393aecc845,np_janakpur,26.7271,85.9407,2026,2026-05-26,2026-06-01,168,2026-05-26,2026-06-01
/Users/vidura/Code/big-weather/data/regional-2020-2025/raw/weather/location_id=np_janakpur/year=2026/weather-2026-06-02-2026-06-08.parquet,d40794f87fae2bdb49988546860ee25bdb62608733893ac3ff44169778e74c00,54483,924b75ed1a52741ac75af3ab065bbf99d7554fda520b27998596c08a749c7dda,np_janakpur,26.7271,85.9407,2026,2026-06-02,2026-06-08,168,2026-06-02,2026-06-08
/Users/vidura/Code/big-weather/data/regional-2020-2025/raw/weather/location_id=np_janakpur/year=2026/weather-2026-06-09-2026-06-15.parquet,a8f310936644c72d90cd4b66565744c7f18ff402c9b27b76cd12a2a1fd96e3b2,53830,05ee863f0a83900aeda530940f0c86ff1ce926b449db845c61d3f7d2cd9e95a5,np_janakpur,26.7271,85.9407,2026,2026-06-09,2026-06-15,168,2026-06-09,2026-06-15
/Users/vidura/Code/big-weather/data/regional-2020-2025/raw/weather/location_id=np_janakpur/year=2026/weather-2026-06-16-2026-06-22.parquet,8c8a18e28b4d9aebbd5683784380fa7220fefba862a9f2148a688d12a8703520,53897,9065136ba6beeae0b89ac0a43013033fd8023759b34c962b0cc44d87c1501ad7,np_janakpur,26.7271,85.9407,2026,2026-06-16,2026-06-22,168,2026-06-16,2026-06-22
/Users/vidura/Code/big-weather/data/regional-2020-2025/raw/weather/location_id=np_janakpur/year=2026/weather-2026-06-23-2026-06-29.parquet,83f3d6a4de4cff87119725a0b220fd854c6a334d16b5bb9e3ca81dbc166eb86d,54683,cc892a5884a3cdbd61996301e2f4e41be86e6f9b636487dd687d30cbe27d2976,np_janakpur,26.7271,85.9407,2026,2026-06-23,2026-06-29,168,2026-06-23,2026-06-29
/Users/vidura/Code/big-weather/data/regional-2020-2025/raw/weather/location_id=np_janakpur/year=2026/weather-2026-06-30-2026-07-06.parquet,9fbf1c02e8e2079b407b9c3b59473d90da2e0a108dbbb85f11455684bd779f20,54572,2a9c424ef8d3322b5ecf46279c64f5ffc9083cb4055021719de48501caee9f7e,np_janakpur,26.7271,85.9407,2026,2026-06-30,2026-07-06,168,2026-06-30,2026-07-06
/Users/vidura/Code/big-weather/data/regional-2020-2025/raw/weather/location_id=np_janakpur/year=2026/weather-2026-07-07-2026-07-13.parquet,fbbb30e167a594db9621f8ebeeb23ce3618d042921532543628d02d7d0b25ade,53497,1fff8657290b2f2b410e3fc4ebecbbfeea6f36f727d84d0a7102eead77577662,np_janakpur,26.7271,85.9407,2026,2026-07-07,2026-07-13,168,2026-07-07,2026-07-13
/Users/vidura/Code/big-weather/data/regional-2020-2025/raw/weather/location_id=np_janakpur/year=2026/weather-2026-07-14-2026-07-20.parquet,782fe1a3ea528d37b539db2fd580b822f5a68c812441c21118f5433c250ea6ed,53472,577842feadfbf1fd659288a0c1caf9dfe12db90db7a11690c2b4e1d9969f95db,np_janakpur,26.7271,85.9407,2026,2026-07-14,2026-07-20,168,2026-07-14,2026-07-20
/Users/vidura/Code/big-weather/data/regional-2020-2025/raw/weather/location_id=np_janakpur/year=2026/weather-2026-07-21-2026-07-27.parquet,f8ac761b084ce870bff0161d25845f7490667c2943a6c7b1ba4e36636d46aef8,53993,28d9c8c13ef1be01d594e17143ce0d8e91218091113dd5dbbd74cf659b8129ab,np_janakpur,26.7271,85.9407,2026,2026-07-21,2026-07-27,168,2026-07-21,2026-07-27
/Users/vidura/Code/big-weather/data/regional-2020-2025/raw/weather/location_id=np_janakpur/year=2026/weather-2026-07-28-2026-08-03.parquet,cfcfbebb879b59b8b12ca3e41b33d73c165473bf3554ed4006b9eac4750b83ae,52962,ee78eab8da596a9798addf816b9883f94ca37caf1eedc03e06031cb21277440c,np_janakpur,26.7271,85.9407,2026,2026-07-28,2026-08-03,168,2026-07-28,2026-08-03
/Users/vidura/Code/big-weather/data/regional-2020-2025/raw/weather/location_id=np_janakpur/year=2026/weather-2026-08-04-2026-08-10.parquet,a1f5a209241936c668ac392e8739934ffe946443a0b5368858edfc4a6aaf498c,53551,9ceff9c3f0304408768c0bdbc98c5984998919a9b170063e44b98f39989bc130,np_janakpur,26.7271,85.9407,2026,2026-08-04,2026-08-10,168,2026-08-04,2026-08-10
/Users/vidura/Code/big-weather/data/regional-2020-2025/raw/weather/location_id=np_janakpur/year=2026/weather-2026-08-11-2026-08-17.parquet,26fffff5ab45537a28a7e6cf448329dc2ad01ab662fd55ef47e29db8a379c03f,53199,b8a095489693619b705a4f4a4f30acca4a7d9ed241b37ec5f61d52dc8bf2518b,np_janakpur,26.7271,85.9407,2026,2026-08-11,2026-08-17,168,2026-08-11,2026-08-17
/Users/vidura/Code/big-weather/data/regional-2020-2025/raw/weather/location_id=np_janakpur/year=2026/weather-2026-08-18-2026-08-24.parquet,cdfaa6657d88953b2c070b1e216f31ba5affd7a2dcc030bebe90092adf58b0cd,52339,82042064cab86eb3fa57dade67581a04f5f249207461f42e97069485c9e3ce09,np_janakpur,26.7271,85.9407,2026,2026-08-18,2026-08-24,168,2026-08-18,2026-08-24
/Users/vidura/Code/big-weather/data/regional-2020-2025/raw/weather/location_id=np_janakpur/year=2026/weather-2026-08-25-2026-08-31.parquet,34829968a9fa81ce6664434d16097b64f71e2d905d5603cf44eec4772b254484,53343,939218a0b1dd142b5a48876aed49d7494ab992c0e80682cd61647368cd2959b9,np_janakpur,26.7271,85.9407,2026,2026-08-25,2026-08-31,168,2026-08-25,2026-08-31
/Users/vidura/Code/big-weather/data/regional-2020-2025/raw/weather/location_id=np_jomsom/year=2026/weather-2026-04-28-2026-05-04.parquet,9934594bf9d10c5cfce23a772220060e87e31b35e1181793cc76aafbc58f5042,54129,6941447cd9dab3702fc21a229f766a943d0ea7a0a948f3476fb9e76d1814946a,np_jomsom,28.7806,83.7278,2026,2026-04-28,2026-05-04,168,2026-04-28,2026-05-04
/Users/vidura/Code/big-weather/data/regional-2020-2025/raw/weather/location_id=np_jomsom/year=2026/weather-2026-05-05-2026-05-11.parquet,db045f2c30c7939bd96bb8bb86b86190768e43b33f221b90219384d9b48bab66,53302,2acbeee645c7cc8ffa155e5a51f6962f9de1c71490deaa8ca530e73bb6eaae41,np_jomsom,28.7806,83.7278,2026,2026-05-05,2026-05-11,168,2026-05-05,2026-05-11
/Users/vidura/Code/big-weather/data/regional-2020-2025/raw/weather/location_id=np_jomsom/year=2026/weather-2026-05-12-2026-05-18.parquet,84a4bacd4810e4e4d86d94da721e8c70d4b4fadf1d6cfc4737e159c27f0dcea0,54331,860ff716a802af16121084b85383725692f354ca4838a169e6731ff038b3cd40,np_jomsom,28.7806,83.7278,2026,2026-05-12,2026-05-18,168,2026-05-12,2026-05-18
/Users/vidura/Code/big-weather/data/regional-2020-2025/raw/weather/location_id=np_jomsom/year=2026/weather-2026-05-19-2026-05-25.parquet,d4ca2200a040bb814a8ad03a640161d4b4333230ee219abd045625d857a81369,53969,a26e84a6d1e49de03893ec34bd2b9ec425818e2d73c3cde33a4b34e1da25ea52,np_jomsom,28.7806,83.7278,2026,2026-05-19,2026-05-25,168,2026-05-19,2026-05-25
/Users/vidura/Code/big-weather/data/regional-2020-2025/raw/weather/location_id=np_jomsom/year=2026/weather-2026-05-26-2026-06-01.parquet,85255caa04a995e8aab1fc3381ee3d2d6fba308f8cbe2dc8e400b8be92f47d09,54251,55ca606a77f8ef90123d594009b5d303acf9710b197739ed51d68c47a32a7337,np_jomsom,28.7806,83.7278,2026,2026-05-26,2026-06-01,168,2026-05-26,2026-06-01
/Users/vidura/Code/big-weather/data/regional-2020-2025/raw/weather/location_id=np_jomsom/year=2026/weather-2026-06-02-2026-06-08.parquet,8c3969defcc475cdb45173e867f1544c6ac85a72af77a4a10ee3daebe31a444b,53386,5b89435e5c879c0ef1f8115d56b754801de5aef0eadd7a9147dc0c632ac38cf9,np_jomsom,28.7806,83.7278,2026,2026-06-02,2026-06-08,168,2026-06-02,2026-06-08
/Users/vidura/Code/big-weather/data/regional-2020-2025/raw/weather/location_id=np_jomsom/year=2026/weather-2026-06-09-2026-06-15.parquet,3cb22a8d1820df534b0e404ef34215779484ca1dc7dd1a8ec93ba8b7838afc23,53333,54b13223e537f0b27478935663ffdc8f872356d76e5251a0b6ac570cdb6da22e,np_jomsom,28.7806,83.7278,2026,2026-06-09,2026-06-15,168,2026-06-09,2026-06-15
/Users/vidura/Code/big-weather/data/regional-2020-2025/raw/weather/location_id=np_jomsom/year=2026/weather-2026-06-16-2026-06-22.parquet,e50fee82a5cd52887a31dbeba39aa4084e9d55fb19915d44a0c91b6749bd8497,53387,e0a5ed3ef2171146b6b65b494c75bbba23d0d01f0bc62b4958b72a3ca0dcfe73,np_jomsom,28.7806,83.7278,2026,2026-06-16,2026-06-22,168,2026-06-16,2026-06-22
/Users/vidura/Code/big-weather/data/regional-2020-2025/raw/weather/location_id=np_jomsom/year=2026/weather-2026-06-23-2026-06-29.parquet,3f9f72abbcc06b9ad9235c38e8e9e89e2ec560119efa3c45f7e627ffdb4a69e4,53629,d4921a7df32c6385b60f030521d4ca730c00b6a94acc016f9e3f120f288cc686,np_jomsom,28.7806,83.7278,2026,2026-06-23,2026-06-29,168,2026-06-23,2026-06-29
/Users/vidura/Code/big-weather/data/regional-2020-2025/raw/weather/location_id=np_jomsom/year=2026/weather-2026-06-30-2026-07-06.parquet,af6026d16a789296e64ea438f24183ce609bf88ddbc2da425c69afbab9171220,52542,c7c129b52a66d5edf80f77cbfcb3bf75accc30b91c673d31328060d3db5828ad,np_jomsom,28.7806,83.7278,2026,2026-06-30,2026-07-06,168,2026-06-30,2026-07-06
/Users/vidura/Code/big-weather/data/regional-2020-2025/raw/weather/location_id=np_jomsom/year=2026/weather-2026-07-07-2026-07-13.parquet,39fe771a866315c2a40a7cc82b3e2aff168c7595f9c269c5e24a1db179fc56ab,53075,c0b4f32f004bc286e6eba7dd547e2130bf1710cfb85cf3c9648d216b650c96ac,np_jomsom,28.7806,83.7278,2026,2026-07-07,2026-07-13,168,2026-07-07,2026-07-13
/Users/vidura/Code/big-weather/data/regional-2020-2025/raw/weather/location_id=np_jomsom/year=2026/weather-2026-07-14-2026-07-20.parquet,1af1f4a6830c7d07eddddb63971b8804d18821249d0caf850c3d01771836b4ad,52886,4c8ba6107a7459314186d004572b6e58742c2d498e2f2d64d641e9cf2c626388,np_jomsom,28.7806,83.7278,2026,2026-07-14,2026-07-20,168,2026-07-14,2026-07-20
/Users/vidura/Code/big-weather/data/regional-2020-2025/raw/weather/location_id=np_jomsom/year=2026/weather-2026-07-21-2026-07-27.parquet,bb529da01cff2479effd3b095fde67737ce6e6fcfc0bb1ccd506b0826ae02f2b,52963,c94831a915f2cd093f3be9865af9499a0b0f8c461d7d37c25a190a890eefdc59,np_jomsom,28.7806,83.7278,2026,2026-07-21,2026-07-27,168,2026-07-21,2026-07-27
/Users/vidura/Code/big-weather/data/regional-2020-2025/raw/weather/location_id=np_jomsom/year=2026/weather-2026-07-28-2026-08-03.parquet,dc177d49afc071e4e1372129ed5810ecf5b244bb4a6579ea0f514c4169bd30df,52105,495d8c0cc1ac0fc96d69be2e1c69157c5285c948a0eebc6973011e581922c6d5,np_jomsom,28.7806,83.7278,2026,2026-07-28,2026-08-03,168,2026-07-28,2026-08-03
/Users/vidura/Code/big-weather/data/regional-2020-2025/raw/weather/location_id=np_jomsom/year=2026/weather-2026-08-04-2026-08-10.parquet,c1379771010a912f9d9850c639556f619b2775756c23f7f0220e399187299960,53068,177d714b6e2ec1cd1210ae88febceb5274ff0c12711b0e61540b47410968a779,np_jomsom,28.7806,83.7278,2026,2026-08-04,2026-08-10,168,2026-08-04,2026-08-10
/Users/vidura/Code/big-weather/data/regional-2020-2025/raw/weather/location_id=np_jomsom/year=2026/weather-2026-08-11-2026-08-17.parquet,d5fe58618a96ac7641c8ddd829e43c2707d5c9b51685fbfedaf970b5d2c224d1,53199,d30ab95a71c28cdc17a678fcb8812ea83c1946cc7bf063bb0ac534347c4d39b1,np_jomsom,28.7806,83.7278,2026,2026-08-11,2026-08-17,168,2026-08-11,2026-08-17
/Users/vidura/Code/big-weather/data/regional-2020-2025/raw/weather/location_id=np_jomsom/year=2026/weather-2026-08-18-2026-08-24.parquet,075418be85196a857b75adca54850ed845542e71bbfeb4374765dde234c709ba,51911,39b7e15ec218b5768ff977fd9de1e3cfeedf749d7293e79fecec31f746829da0,np_jomsom,28.7806,83.7278,2026,2026-08-18,2026-08-24,168,2026-08-18,2026-08-24
/Users/vidura/Code/big-weather/data/regional-2020-2025/raw/weather/location_id=np_jomsom/year=2026/weather-2026-08-25-2026-08-31.parquet,fc26c2b49123ed864586dd053e4620123597d4e689b76821dc1b446b289d0cf6,52613,44634bd09fd38d6d29abd8372f515dfc5b2e0bb2e9f99448e5b541c176125d25,np_jomsom,28.7806,83.7278,2026,2026-08-25,2026-08-31,168,2026-08-25,2026-08-31
/Users/vidura/Code/big-weather/data/regional-2020-2025/raw/weather/location_id=np_kathmandu/year=2026/weather-2026-04-28-2026-05-04.parquet,1e82e0d40bd5bff580051a117ca4e695e64efff4118cab5f4bb410786c9e34f9,54314,c44ac56d66f83d27a4c50e6cde5356d70be078fe40c98987ba2e2d1774e6bb80,np_kathmandu,27.7172,85.324,2026,2026-04-28,2026-05-04,168,2026-04-28,2026-05-04
/Users/vidura/Code/big-weather/data/regional-2020-2025/raw/weather/location_id=np_kathmandu/year=2026/weather-2026-05-05-2026-05-11.parquet,86e49c1ecc329fa02b5f91dfa96911a0c51fb808cf4e85d65a343a281cd64e6f,53819,d182dc189c64d6ad03db562461da74b0773c84f48409405c7f25647da3ffc777,np_kathmandu,27.7172,85.324,2026,2026-05-05,2026-05-11,168,2026-05-05,2026-05-11
/Users/vidura/Code/big-weather/data/regional-2020-2025/raw/weather/location_id=np_kathmandu/year=2026/weather-2026-05-12-2026-05-18.parquet,20d38306af19cace88ea0234300f0be388d8394ae815be806f9c21372ac19a58,53596,2afe2efddf5e18c9720279b62361f2a5f0363a9044d63faa08fd7fdf5682a412,np_kathmandu,27.7172,85.324,2026,2026-05-12,2026-05-18,168,2026-05-12,2026-05-18
/Users/vidura/Code/big-weather/data/regional-2020-2025/raw/weather/location_id=np_kathmandu/year=2026/weather-2026-05-19-2026-05-25.parquet,2fc1d178b35d71041963ddc63f7d0932a00b08cd50a274b5419f661825fa694b,53589,19b169b143973a7da7ebcf546c7afafce7c4e0d16996dd04503094e0a95a4404,np_kathmandu,27.7172,85.324,2026,2026-05-19,2026-05-25,168,2026-05-19,2026-05-25
/Users/vidura/Code/big-weather/data/regional-2020-2025/raw/weather/location_id=np_kathmandu/year=2026/weather-2026-05-26-2026-06-01.parquet,f5c2d61710029ea8b1071d11a1a664463f6e0d2574c09b76d1192722df070760,53499,4481acc64213480446436ccfe8fda91a4705b70e1fba694e34e83fa1b3bf7bb3,np_kathmandu,27.7172,85.324,2026,2026-05-26,2026-06-01,168,2026-05-26,2026-06-01
/Users/vidura/Code/big-weather/data/regional-2020-2025/raw/weather/location_id=np_kathmandu/year=2026/weather-2026-06-02-2026-06-08.parquet,0f33dc5c4b0869cb4cfb844b275c7e4c670e1ac87cf5ba88eae292e766e0d969,53627,e2f38799b8dbb34c7006d7494f9a45f16ca6ba72d8c08f661d3835d5c760c49d,np_kathmandu,27.7172,85.324,2026,2026-06-02,2026-06-08,168,2026-06-02,2026-06-08
/Users/vidura/Code/big-weather/data/regional-2020-2025/raw/weather/location_id=np_kathmandu/year=2026/weather-2026-06-09-2026-06-15.parquet,d98d17fc860d963fafa51f585344b7373a72d713b2d308bbeb02ee2398c8f846,53937,2c42c190ac6f101c2dd28df8953c0a896fd4a6db57320d43585be87a438abf22,np_kathmandu,27.7172,85.324,2026,2026-06-09,2026-06-15,168,2026-06-09,2026-06-15
/Users/vidura/Code/big-weather/data/regional-2020-2025/raw/weather/location_id=np_kathmandu/year=2026/weather-2026-06-16-2026-06-22.parquet,f71807c48a4b4128325f27069fbdc41c3ee95ec350a736fd2a7442f371345cef,53885,665eae1ae3d73de70bfdfcd6a514e2b75985e3281f18d22264171e7b38f94681,np_kathmandu,27.7172,85.324,2026,2026-06-16,2026-06-22,168,2026-06-16,2026-06-22
/Users/vidura/Code/big-weather/data/regional-2020-2025/raw/weather/location_id=np_kathmandu/year=2026/weather-2026-06-23-2026-06-29.parquet,b7fdf525dda843319ab762d8ec6672c6e6b841050e2097f56350fd316dfd5cd7,54006,2791b05b529298acef71be95b86ad75edb9f2bf0e16082b519ea3c748c0edf0d,np_kathmandu,27.7172,85.324,2026,2026-06-23,2026-06-29,168,2026-06-23,2026-06-29
/Users/vidura/Code/big-weather/data/regional-2020-2025/raw/weather/location_id=np_kathmandu/year=2026/weather-2026-06-30-2026-07-06.parquet,d218542c65d1ab327ad9bda95b40d25783bdacf9f2e95df94e8c1a3847ef68d7,52915,4e14c07902beaa746a64950bc0ef3dc738195b6ad133a764d9876e14aedd37e5,np_kathmandu,27.7172,85.324,2026,2026-06-30,2026-07-06,168,2026-06-30,2026-07-06
/Users/vidura/Code/big-weather/data/regional-2020-2025/raw/weather/location_id=np_kathmandu/year=2026/weather-2026-07-07-2026-07-13.parquet,acff38fc713b02fb867b3c955f7ca8c68ab436a1eea95b33c50f9df22f1d199a,51024,3245c50a7793f93e0e85b67c42eba20fdc1d6c4966d7d1cbed3f43a1a0860419,np_kathmandu,27.7172,85.324,2026,2026-07-07,2026-07-13,168,2026-07-07,2026-07-13
/Users/vidura/Code/big-weather/data/regional-2020-2025/raw/weather/location_id=np_kathmandu/year=2026/weather-2026-07-14-2026-07-20.parquet,013daf2ba2bd81859986b09711937254a081ed9e40f30b45b5baa74c3f5358de,50997,4bae436c3d68d80d4c06e42d4c7e0711a0c02b8cbbb63f060a3d32ab9d71cee2,np_kathmandu,27.7172,85.324,2026,2026-07-14,2026-07-20,168,2026-07-14,2026-07-20
/Users/vidura/Code/big-weather/data/regional-2020-2025/raw/weather/location_id=np_kathmandu/year=2026/weather-2026-07-21-2026-07-27.parquet,34f696b1589bbebb1b9f6af6ac0c1e4c2241a6dc994376381f93eb34e1a77d0e,52645,55e5bf4eca6b2e24e2a69a25d73321200ea8f435696418792cb68491d8da390b,np_kathmandu,27.7172,85.324,2026,2026-07-21,2026-07-27,168,2026-07-21,2026-07-27
/Users/vidura/Code/big-weather/data/regional-2020-2025/raw/weather/location_id=np_kathmandu/year=2026/weather-2026-07-28-2026-08-03.parquet,5764c74aa0aa032193b256edd1a8598362041a5691d5f2c03670e457a2e2ecf2,51755,80ea33a8cb4e72b08196d7f31554759ff94a658da8dc1fc492ee32fc06f639e6,np_kathmandu,27.7172,85.324,2026,2026-07-28,2026-08-03,168,2026-07-28,2026-08-03
/Users/vidura/Code/big-weather/data/regional-2020-2025/raw/weather/location_id=np_kathmandu/year=2026/weather-2026-08-04-2026-08-10.parquet,e08b1e912aae88edde3177b6a10266345d60ebdb5bf276d3dc4e2b5ecf947f68,52383,f6a810819f1b2b07619f0df267855c7b4a79c9222c7189bb2a484c559a26951f,np_kathmandu,27.7172,85.324,2026,2026-08-04,2026-08-10,168,2026-08-04,2026-08-10
/Users/vidura/Code/big-weather/data/regional-2020-2025/raw/weather/location_id=np_kathmandu/year=2026/weather-2026-08-11-2026-08-17.parquet,8d22e64b7ce4ae1ef885b0240bfeb8076786e119da85919363d888e124ada2fe,52541,f58a4e771866d528ad1c27e4ab4d800c72e05ef812248d4f247342ddeb3037a7,np_kathmandu,27.7172,85.324,2026,2026-08-11,2026-08-17,168,2026-08-11,2026-08-17
/Users/vidura/Code/big-weather/data/regional-2020-2025/raw/weather/location_id=np_kathmandu/year=2026/weather-2026-08-18-2026-08-24.parquet,2c49490e8bce4623ba995cfc346fa0d60a9116dc7a5b085d07d81ec077dd6def,51982,5475a8dfecea0419a5743d271471fdcfd82aea3dcc7559e8d97f4d6d09dd7dc3,np_kathmandu,27.7172,85.324,2026,2026-08-18,2026-08-24,168,2026-08-18,2026-08-24
/Users/vidura/Code/big-weather/data/regional-2020-2025/raw/weather/location_id=np_kathmandu/year=2026/weather-2026-08-25-2026-08-31.parquet,71cd88ad76779dd694dbbff055a3c58393b12ecac6beced3b0bb3a89d3637b4e,51952,cd1389cf623982d7bf36fb319891f7f36a494e845d51a4dc12b2b5e36dbfb6a3,np_kathmandu,27.7172,85.324,2026,2026-08-25,2026-08-31,168,2026-08-25,2026-08-31
/Users/vidura/Code/big-weather/data/regional-2020-2025/raw/weather/location_id=np_lukla/year=2026/weather-2026-04-28-2026-05-04.parquet,717ef28952e8f2c2018fbc3ac54dce9e2aea33418f1499e14ce667c4cd2fc8a5,53716,8ff2d23c77cfbba87535672ca4cf2b8c25a8f864e2ab3513644af692820a8e60,np_lukla,27.6869,86.7297,2026,2026-04-28,2026-05-04,168,2026-04-28,2026-05-04
/Users/vidura/Code/big-weather/data/regional-2020-2025/raw/weather/location_id=np_lukla/year=2026/weather-2026-05-05-2026-05-11.parquet,205dee7fe26c574a1daa267f9f9d60b3ead1621f45047d590d47fa8f285dc349,53539,031b8cf25dcc13682f2bac0b04174cb99d646515d8a996cbda6920da3b944d70,np_lukla,27.6869,86.7297,2026,2026-05-05,2026-05-11,168,2026-05-05,2026-05-11
/Users/vidura/Code/big-weather/data/regional-2020-2025/raw/weather/location_id=np_lukla/year=2026/weather-2026-05-12-2026-05-18.parquet,082ecdd6b154fd2400dfd7194b681e90627ec535b80b8202084b77f530b3e22f,53580,3467cb71fbcfcab02d638e90fe89ff4007317bcbbd6c1d7b05c9070022e2304a,np_lukla,27.6869,86.7297,2026,2026-05-12,2026-05-18,168,2026-05-12,2026-05-18
/Users/vidura/Code/big-weather/data/regional-2020-2025/raw/weather/location_id=np_lukla/year=2026/weather-2026-05-19-2026-05-25.parquet,42d09e3cf50ecc08a3f908c9a0c434f71a36eca6b0d439a34889142227a3239d,53124,e7defb6119b9af607da3002520fd4fee87d248cb1376150faa68e42360465774,np_lukla,27.6869,86.7297,2026,2026-05-19,2026-05-25,168,2026-05-19,2026-05-25
/Users/vidura/Code/big-weather/data/regional-2020-2025/raw/weather/location_id=np_lukla/year=2026/weather-2026-05-26-2026-06-01.parquet,248649f08e97a04378615bc4a549189331d8cf90deacf476c7a771cfd87ef56f,53326,bdf8bb32dec501ee3050f0adeb28390e7bb292484f1218b52a927aaeedc936f1,np_lukla,27.6869,86.7297,2026,2026-05-26,2026-06-01,168,2026-05-26,2026-06-01
/Users/vidura/Code/big-weather/data/regional-2020-2025/raw/weather/location_id=np_lukla/year=2026/weather-2026-06-02-2026-06-08.parquet,d4d3c18226f096fed8df154768a88e88a1f62c4b03003c6749ed3b99d0327f9d,53264,74cc4eaaa463b8460d0a5bfa528e5cd26b5511abd99c9245627b7d83d4bd6834,np_lukla,27.6869,86.7297,2026,2026-06-02,2026-06-08,168,2026-06-02,2026-06-08
/Users/vidura/Code/big-weather/data/regional-2020-2025/raw/weather/location_id=np_lukla/year=2026/weather-2026-06-09-2026-06-15.parquet,c437d25d2f5e14d0add9c7c0a4e65ac05b83d945e6b73c503a47cb08ae26f8d0,52859,ffd6b53e8322c543e84f27e10e16085b135ef42f0d7a143e28741c79244e0b50,np_lukla,27.6869,86.7297,2026,2026-06-09,2026-06-15,168,2026-06-09,2026-06-15
/Users/vidura/Code/big-weather/data/regional-2020-2025/raw/weather/location_id=np_lukla/year=2026/weather-2026-06-16-2026-06-22.parquet,7ecdf91ab03eb4980a2616984d3d9608e59987b201fd4b2f9ba2e539c5362798,52803,d78ddb5e04370bb24b030f3b7492eadfebb3ca3ce0125cf8b6dad15964912320,np_lukla,27.6869,86.7297,2026,2026-06-16,2026-06-22,168,2026-06-16,2026-06-22
/Users/vidura/Code/big-weather/data/regional-2020-2025/raw/weather/location_id=np_lukla/year=2026/weather-2026-06-23-2026-06-29.parquet,8c55dca071a54b1dc7b5591fb82767f8b6bd5178410bc851e37723f69051804e,52586,619f127c1a26f1f61e2c9b70a7ccf8a1cf6d7e7cc06dc37d1d5ded93373d50d7,np_lukla,27.6869,86.7297,2026,2026-06-23,2026-06-29,168,2026-06-23,2026-06-29
/Users/vidura/Code/big-weather/data/regional-2020-2025/raw/weather/location_id=np_lukla/year=2026/weather-2026-06-30-2026-07-06.parquet,16a92ce7722002dc567e6d0e92c9e73b3d21cc0519a9da65e5c5661643d9552e,52368,72bd61ccc3341c9d88508231d47ef36ccf7d7125d0032dc3afad4ae2d759b181,np_lukla,27.6869,86.7297,2026,2026-06-30,2026-07-06,168,2026-06-30,2026-07-06
/Users/vidura/Code/big-weather/data/regional-2020-2025/raw/weather/location_id=np_lukla/year=2026/weather-2026-07-07-2026-07-13.parquet,dbef81805a03f75ce9a65d836e6d725e5c32313faa4264b81dd7a57dea5b77ae,51144,6d1c51b06a6ed5767c98e0395f0deb4b695e1ba385f6ec1199583e6dac016961,np_lukla,27.6869,86.7297,2026,2026-07-07,2026-07-13,168,2026-07-07,2026-07-13
/Users/vidura/Code/big-weather/data/regional-2020-2025/raw/weather/location_id=np_lukla/year=2026/weather-2026-07-14-2026-07-20.parquet,edec77a257847fed0323f60061b68a839011133c45e4e2514241d5facef3e9a0,50745,f10866b7f4f90cf3b56f63ffc4579cb98f19db9d1df3f434fcb45fff98d04be9,np_lukla,27.6869,86.7297,2026,2026-07-14,2026-07-20,168,2026-07-14,2026-07-20
/Users/vidura/Code/big-weather/data/regional-2020-2025/raw/weather/location_id=np_lukla/year=2026/weather-2026-07-21-2026-07-27.parquet,d6abb1bde164f63226dbd7111e76d25b21d5954644f33d832ca7572b5022a2f4,52480,bd42775fbf7d067d20e0d822762cf722e6d60bb2dffb8e1ebe8110c15c0d26d7,np_lukla,27.6869,86.7297,2026,2026-07-21,2026-07-27,168,2026-07-21,2026-07-27
/Users/vidura/Code/big-weather/data/regional-2020-2025/raw/weather/location_id=np_lukla/year=2026/weather-2026-07-28-2026-08-03.parquet,5d00ea53f80746048873b19cd3d65f383898e8f7348a14232318e1864122f081,51190,0a0b836f0e2fba7bb43b13f544d4b962aa5c4bfd4085bc0064a23504235702aa,np_lukla,27.6869,86.7297,2026,2026-07-28,2026-08-03,168,2026-07-28,2026-08-03
/Users/vidura/Code/big-weather/data/regional-2020-2025/raw/weather/location_id=np_lukla/year=2026/weather-2026-08-04-2026-08-10.parquet,6c06c516d5dcea91ebf9f47b974302c7a682a503f55565fed84bd3b2afc61464,52122,d2eb88ab70e48a4c0ada5c3de82365d83dd44453d79b3f9c8f748ffdf8cc78e7,np_lukla,27.6869,86.7297,2026,2026-08-04,2026-08-10,168,2026-08-04,2026-08-10
/Users/vidura/Code/big-weather/data/regional-2020-2025/raw/weather/location_id=np_lukla/year=2026/weather-2026-08-11-2026-08-17.parquet,6325f89ce0fa8bf73c8c43adb70d68eae9477efce8a997804f75b1264bbc402a,52006,67b9d237db8c858dc4608e04aaa2040639b1c76cacf3bd46099ae36ec3d9d8e1,np_lukla,27.6869,86.7297,2026,2026-08-11,2026-08-17,168,2026-08-11,2026-08-17
/Users/vidura/Code/big-weather/data/regional-2020-2025/raw/weather/location_id=np_lukla/year=2026/weather-2026-08-18-2026-08-24.parquet,a239fdb6aab91d55a5a24b83af738fe33f68e95f259b5d1bd00dec2ed853ed72,51834,b39e9a078958dcae31e4f375b4f695fff0bac3f81a0c7fbb1f94326927dfe8f4,np_lukla,27.6869,86.7297,2026,2026-08-18,2026-08-24,168,2026-08-18,2026-08-24
/Users/vidura/Code/big-weather/data/regional-2020-2025/raw/weather/location_id=np_lukla/year=2026/weather-2026-08-25-2026-08-31.parquet,e5dc4dbaa1b52cdb1c7c20840027ba1454618bc2f17829997c248856b6126de6,51632,b286596a6f676e73b5e07326fab2ae14d7cf6b13ba2bfdf6abb95ac14e555d79,np_lukla,27.6869,86.7297,2026,2026-08-25,2026-08-31,168,2026-08-25,2026-08-31
/Users/vidura/Code/big-weather/data/regional-2020-2025/raw/weather/location_id=np_namche/year=2026/weather-2026-04-28-2026-05-04.parquet,01ca9b1b6ed32e723e6361029b33ae628792e3c7dca2c130fc789a141c6df219,53939,58b8410bfaea5861e2fef7423009375442c4d121abc347e9ebf91b973ca18930,np_namche,27.8053,86.714,2026,2026-04-28,2026-05-04,168,2026-04-28,2026-05-04
/Users/vidura/Code/big-weather/data/regional-2020-2025/raw/weather/location_id=np_namche/year=2026/weather-2026-05-05-2026-05-11.parquet,04d8743a8611ffdb2bd68bf07e946375f33d2acb3482ad66034610ec9e7de315,53868,93339f92b9e75c64d13f40cb42cccb59e788c4af83881b9c1e944eaf27cb6ab6,np_namche,27.8053,86.714,2026,2026-05-05,2026-05-11,168,2026-05-05,2026-05-11
/Users/vidura/Code/big-weather/data/regional-2020-2025/raw/weather/location_id=np_namche/year=2026/weather-2026-05-12-2026-05-18.parquet,e06f32fbda613861e09c1577460b79a0e0bed0aa5bb7ddf4410a119ee4ceac56,53374,db804619ec6464c1cd7a377b7335b740b5c10f7dc79c80a0afe82639756b8057,np_namche,27.8053,86.714,2026,2026-05-12,2026-05-18,168,2026-05-12,2026-05-18
/Users/vidura/Code/big-weather/data/regional-2020-2025/raw/weather/location_id=np_namche/year=2026/weather-2026-05-19-2026-05-25.parquet,86d8f493ad967121139fcabc9593b60e25105c708fc88361dbbd8c707154a89e,52715,795a854efdebb3792116fdf9dec33ea1ca889372591c37c905801365a1a7e22c,np_namche,27.8053,86.714,2026,2026-05-19,2026-05-25,168,2026-05-19,2026-05-25
/Users/vidura/Code/big-weather/data/regional-2020-2025/raw/weather/location_id=np_namche/year=2026/weather-2026-05-26-2026-06-01.parquet,bae879548d13240fb77bb49527452482950220bd9c1e28bf2a8e805e1425088d,53461,30735fb10b04b703a4c7932640209fa6693c9e6380237331357d8f9c6260816b,np_namche,27.8053,86.714,2026,2026-05-26,2026-06-01,168,2026-05-26,2026-06-01
/Users/vidura/Code/big-weather/data/regional-2020-2025/raw/weather/location_id=np_namche/year=2026/weather-2026-06-02-2026-06-08.parquet,59b880847051597629105fcb1cc193ad56e040e456fe33a2f2de06b8914594be,53151,b7622aa455caa5d3feed580c94c7d6b189ea8aa187c91864760370941f8cba07,np_namche,27.8053,86.714,2026,2026-06-02,2026-06-08,168,2026-06-02,2026-06-08
/Users/vidura/Code/big-weather/data/regional-2020-2025/raw/weather/location_id=np_namche/year=2026/weather-2026-06-09-2026-06-15.parquet,71a7ed27f3e04f67aa40e04c75f2e64a0e5bd8a37e644408aa145037725005cb,53430,56a67a52c4450a426cca0ac697ad5c274398c09b6d9a47422557cc182f092cfa,np_namche,27.8053,86.714,2026,2026-06-09,2026-06-15,168,2026-06-09,2026-06-15
/Users/vidura/Code/big-weather/data/regional-2020-2025/raw/weather/location_id=np_namche/year=2026/weather-2026-06-16-2026-06-22.parquet,64b06cb46e61d4d8093b7410c4aedd0538c2f899fc920363a73fb61481c1e0b5,52937,755dcb2e499307536abe650f51ddf43403831e306c7337891cd6ba14063d0c9d,np_namche,27.8053,86.714,2026,2026-06-16,2026-06-22,168,2026-06-16,2026-06-22
/Users/vidura/Code/big-weather/data/regional-2020-2025/raw/weather/location_id=np_namche/year=2026/weather-2026-06-23-2026-06-29.parquet,10bb964bd481bb1edb7160325075da89fdacc8706a22f4638b9f3666a8f27725,52888,f9563a5df89202cb01b140df3ddda413a5e81221c457a423f6230ad36827d4ce,np_namche,27.8053,86.714,2026,2026-06-23,2026-06-29,168,2026-06-23,2026-06-29
/Users/vidura/Code/big-weather/data/regional-2020-2025/raw/weather/location_id=np_namche/year=2026/weather-2026-06-30-2026-07-06.parquet,3a2ae59431e95c33f9a0092cb0099dca49fb84340d5335f581fcd985630330a3,52926,de6cbe36324f1254cfb8be0554096b9309de76083af3344c6f3dd83ee395b1be,np_namche,27.8053,86.714,2026,2026-06-30,2026-07-06,168,2026-06-30,2026-07-06
/Users/vidura/Code/big-weather/data/regional-2020-2025/raw/weather/location_id=np_namche/year=2026/weather-2026-07-07-2026-07-13.parquet,0e15673f5c5dc060f59b37493ff0af56e6737254d8b6b4e43db4508ce019292a,52096,71b8b863ae4ea7aec3b8b893d55a62a027399be5eb09cbe93ebf220becf79fc4,np_namche,27.8053,86.714,2026,2026-07-07,2026-07-13,168,2026-07-07,2026-07-13
/Users/vidura/Code/big-weather/data/regional-2020-2025/raw/weather/location_id=np_namche/year=2026/weather-2026-07-14-2026-07-20.parquet,b1328c5ed2f35e22278f81a978863f7d9fe259ba1913bee0de3d10feaf7d0422,51221,4fe834eaa6bbf8998366397d8c338bb8785c5a93603223eb9fc95d72369ce430,np_namche,27.8053,86.714,2026,2026-07-14,2026-07-20,168,2026-07-14,2026-07-20
/Users/vidura/Code/big-weather/data/regional-2020-2025/raw/weather/location_id=np_namche/year=2026/weather-2026-07-21-2026-07-27.parquet,ac320d9704c79ba39ed53d85bd80d13ed2882b84087ee6034ee152e2ac7af131,52362,4b82919ef97a8f3cf475099098fa46379e5354ca669ba986b98ff738c9303126,np_namche,27.8053,86.714,2026,2026-07-21,2026-07-27,168,2026-07-21,2026-07-27
/Users/vidura/Code/big-weather/data/regional-2020-2025/raw/weather/location_id=np_namche/year=2026/weather-2026-07-28-2026-08-03.parquet,e9a74273dfed90ba4fe8fbd1d48de08a17d14d5383c8bb4de4d3c953a20115fb,51929,20264006955c4d9dc626becb5f3730ebef14d825b903a26813f72d909e247d5e,np_namche,27.8053,86.714,2026,2026-07-28,2026-08-03,168,2026-07-28,2026-08-03
/Users/vidura/Code/big-weather/data/regional-2020-2025/raw/weather/location_id=np_namche/year=2026/weather-2026-08-04-2026-08-10.parquet,5066b31e20e0e2ed4d310c98989733e1a5f3e9a9f97a2b6126f750dba101dc2f,52001,bc5777a7c5945901b6e077b895f9a3364134c0842e58014dbd2add5af46f0cee,np_namche,27.8053,86.714,2026,2026-08-04,2026-08-10,168,2026-08-04,2026-08-10
/Users/vidura/Code/big-weather/data/regional-2020-2025/raw/weather/location_id=np_namche/year=2026/weather-2026-08-11-2026-08-17.parquet,9ec893e02cb268ae5e2fa101fb8164c32f7ffbcfdfff609e2d0c9e6264db0e5b,51833,7f7adfc4adbe2148d1aa8ec8e923c8bc5da3e443b97b0e88e90554524fcdad9e,np_namche,27.8053,86.714,2026,2026-08-11,2026-08-17,168,2026-08-11,2026-08-17
/Users/vidura/Code/big-weather/data/regional-2020-2025/raw/weather/location_id=np_namche/year=2026/weather-2026-08-18-2026-08-24.parquet,3c422011414e54f8b1182d26b5767c13ae44739dcf84246185a522b4012cf444,51964,413917aeaa22cc1c00eb8616b2beaa218d7e7b6722dda54b06b930a0f4042193,np_namche,27.8053,86.714,2026,2026-08-18,2026-08-24,168,2026-08-18,2026-08-24
/Users/vidura/Code/big-weather/data/regional-2020-2025/raw/weather/location_id=np_namche/year=2026/weather-2026-08-25-2026-08-31.parquet,b6a73e459a8aa2c5f0cb1c379e5db3d40b669558568b7de1bd370446777b6adf,51624,36da13acf7cb86b7d2414bda6c8d2c08cedfebc2a7315207a1eadcd727a57ecc,np_namche,27.8053,86.714,2026,2026-08-25,2026-08-31,168,2026-08-25,2026-08-31
/Users/vidura/Code/big-weather/data/regional-2020-2025/raw/weather/location_id=np_pokhara/year=2026/weather-2026-04-28-2026-05-04.parquet,2e135d6364e7cec557153208a05548b5dd7b4c1f6e041af165a7fb70b657e29b,53595,0a08d333196fd49b87a3e91058949d126dc897c8037cb64f4e515c1e28047ac1,np_pokhara,28.2096,83.9856,2026,2026-04-28,2026-05-04,168,2026-04-28,2026-05-04
/Users/vidura/Code/big-weather/data/regional-2020-2025/raw/weather/location_id=np_pokhara/year=2026/weather-2026-05-05-2026-05-11.parquet,bc931dca8cb66d83575725198ff3d75c68cba645265416b10b9a1a31fa64cba6,53853,b20feb85aa4299ca3e3e7bf0098c6180cc0db2e1d6753e9eda3987cc2f0f86db,np_pokhara,28.2096,83.9856,2026,2026-05-05,2026-05-11,168,2026-05-05,2026-05-11
/Users/vidura/Code/big-weather/data/regional-2020-2025/raw/weather/location_id=np_pokhara/year=2026/weather-2026-05-12-2026-05-18.parquet,b5a696c5e84491d97dec084157b91a4f38e410008e05f196c54369f8ad297488,54292,ac8fd95ba0b10a9447aeeda7f245b4d7682091c534f817d7de252fcc783476f3,np_pokhara,28.2096,83.9856,2026,2026-05-12,2026-05-18,168,2026-05-12,2026-05-18
/Users/vidura/Code/big-weather/data/regional-2020-2025/raw/weather/location_id=np_pokhara/year=2026/weather-2026-05-19-2026-05-25.parquet,722f859ee780d65e4494484c40d0151d68b2d328fde580e53bd3e7121aa621d7,53642,9c2141db91422d79fedb4feb64705128caec21c2822fb4304a2903c9504bfd49,np_pokhara,28.2096,83.9856,2026,2026-05-19,2026-05-25,168,2026-05-19,2026-05-25
/Users/vidura/Code/big-weather/data/regional-2020-2025/raw/weather/location_id=np_pokhara/year=2026/weather-2026-05-26-2026-06-01.parquet,ce91405138b3dcf1b0cc4847a84cbcd9645e2a234fcc2c04d2d1a9bf9797623c,54427,b2ad2857d593de2f4679a11e2a8873accec595a5a9600da24f3ab3b7aa766566,np_pokhara,28.2096,83.9856,2026,2026-05-26,2026-06-01,168,2026-05-26,2026-06-01
/Users/vidura/Code/big-weather/data/regional-2020-2025/raw/weather/location_id=np_pokhara/year=2026/weather-2026-06-02-2026-06-08.parquet,f53cb1846d2892e909a5216ee8b7085f6507dd7698ad414cc3b0c063c0a8989e,53941,05b2617e3b45d9b558e10d99081a27a23ff1f07785d900fdc8dcbfed1ab5ddb8,np_pokhara,28.2096,83.9856,2026,2026-06-02,2026-06-08,168,2026-06-02,2026-06-08
/Users/vidura/Code/big-weather/data/regional-2020-2025/raw/weather/location_id=np_pokhara/year=2026/weather-2026-06-09-2026-06-15.parquet,27aca0616779caa763813b9e2f6a8cb797bb82fb844c8a3125b378fb54b0bd73,53434,84ee69c772ad88a960f2bd41f90276e604275b0d440f9cfb85a3b79cf09f349c,np_pokhara,28.2096,83.9856,2026,2026-06-09,2026-06-15,168,2026-06-09,2026-06-15
/Users/vidura/Code/big-weather/data/regional-2020-2025/raw/weather/location_id=np_pokhara/year=2026/weather-2026-06-16-2026-06-22.parquet,d238f9779d6d10f0cf4bcfe98ccd9bb7b1f2ce31d407225462593e6850995341,53545,7d6ea9b67ee346af23dcbb46c24abe5bc7481363605fff439b3ada2515fba875,np_pokhara,28.2096,83.9856,2026,2026-06-16,2026-06-22,168,2026-06-16,2026-06-22
/Users/vidura/Code/big-weather/data/regional-2020-2025/raw/weather/location_id=np_pokhara/year=2026/weather-2026-06-23-2026-06-29.parquet,f3d8d5583cb64bb9877d4276ba7b1c8e58b95938717ffb191e7cf5c9855759d8,53713,131f4e8ff3602f27882b8c78cf427847bbe4e39adaba89c79246f631ed998a02,np_pokhara,28.2096,83.9856,2026,2026-06-23,2026-06-29,168,2026-06-23,2026-06-29
/Users/vidura/Code/big-weather/data/regional-2020-2025/raw/weather/location_id=np_pokhara/year=2026/weather-2026-06-30-2026-07-06.parquet,77179664613afb2946970f215f1ed52ca727cfc5132b6dc29c0a242cc72c1de9,52834,133acbc1d3bc7510a64bf6aa32f3e41ccf9834b29c6ddc70ac4abc80e40eb4ee,np_pokhara,28.2096,83.9856,2026,2026-06-30,2026-07-06,168,2026-06-30,2026-07-06
/Users/vidura/Code/big-weather/data/regional-2020-2025/raw/weather/location_id=np_pokhara/year=2026/weather-2026-07-07-2026-07-13.parquet,4830c94f26573879ca8a05a104790c078471ae5d33766e4d8101dddb2d3fcec3,51845,5ecbb48169c7c17a6409cf50425ae35ceb876d37afaece2245ab7c1d0bb170d2,np_pokhara,28.2096,83.9856,2026,2026-07-07,2026-07-13,168,2026-07-07,2026-07-13
/Users/vidura/Code/big-weather/data/regional-2020-2025/raw/weather/location_id=np_pokhara/year=2026/weather-2026-07-14-2026-07-20.parquet,fccec0a9a88eb3c16c1d25047d465ca8c3b24b1479764cbabaf58a8dcf16b9aa,51576,d22c16f752657dc4c3c0d6a80512409d5ada575ad991504a4e76a1d3591044fb,np_pokhara,28.2096,83.9856,2026,2026-07-14,2026-07-20,168,2026-07-14,2026-07-20
/Users/vidura/Code/big-weather/data/regional-2020-2025/raw/weather/location_id=np_pokhara/year=2026/weather-2026-07-21-2026-07-27.parquet,25d3caf3fe80a74fc95b6898bffd1d4dfa18f408434ccb392dc8c0bf2d960e36,52305,8983eff54fc8528df2a8d8397d959af98c73d7d9b30fd2971d2b36c5716dd5f1,np_pokhara,28.2096,83.9856,2026,2026-07-21,2026-07-27,168,2026-07-21,2026-07-27
/Users/vidura/Code/big-weather/data/regional-2020-2025/raw/weather/location_id=np_pokhara/year=2026/weather-2026-07-28-2026-08-03.parquet,3f031759fa5402737ac41c0120ac7e5d737c8997336e092cd82ff2da702d1add,51748,a0f9dd654b6de3fb667be3feac505e4100563a08bf8895d17961ed0081bd9a13,np_pokhara,28.2096,83.9856,2026,2026-07-28,2026-08-03,168,2026-07-28,2026-08-03
/Users/vidura/Code/big-weather/data/regional-2020-2025/raw/weather/location_id=np_pokhara/year=2026/weather-2026-08-04-2026-08-10.parquet,69c89e26984f303222a2f2a40c7ef25b74f396baa001f6df2145e19f8d06861e,52299,71057a9567af19f55ad152f2bc601e7f6e0dc0974c5bc6a3b4eb49173c9142c4,np_pokhara,28.2096,83.9856,2026,2026-08-04,2026-08-10,168,2026-08-04,2026-08-10
/Users/vidura/Code/big-weather/data/regional-2020-2025/raw/weather/location_id=np_pokhara/year=2026/weather-2026-08-11-2026-08-17.parquet,48d6634e4b445ef4ef7e24d583a930fd5ef3083a23cdb51e026f2bd2c8341d8c,52748,1bdc0460599b9ecbb3ef31c38c66ff73b1dd1e13992a6ea0a3544b913808eeb0,np_pokhara,28.2096,83.9856,2026,2026-08-11,2026-08-17,168,2026-08-11,2026-08-17
/Users/vidura/Code/big-weather/data/regional-2020-2025/raw/weather/location_id=np_pokhara/year=2026/weather-2026-08-18-2026-08-24.parquet,8d92b5cabea04a461b632b15d5c2db2d12bd7b88c1c4c07c152d13a8b64012d0,51875,dd4a6a12e579e13ed4f36091dcb33522f0b1036db801c8f19a3b4f6a288dad5b,np_pokhara,28.2096,83.9856,2026,2026-08-18,2026-08-24,168,2026-08-18,2026-08-24
/Users/vidura/Code/big-weather/data/regional-2020-2025/raw/weather/location_id=np_pokhara/year=2026/weather-2026-08-25-2026-08-31.parquet,2129f147b5caab781847e0858cf7e9d0231b2829489bd63e7e6c349a761f07a5,51874,d99291d98d60813ec3b634972fb7ba3e835931cfeef800bf782c3b5d89b06029,np_pokhara,28.2096,83.9856,2026,2026-08-25,2026-08-31,168,2026-08-25,2026-08-31
/Users/vidura/Code/big-weather/data/regional-2020-2025/raw/weather/location_id=sg_singapore/year=2026/weather-2026-05-05-2026-05-11.parquet,d78189bb88aa5d4356970fbffaa88214fa00ad8e46c188b70a59617326c2610e,51981,30ef5d31ecaefcdb5562fa8bc67e502989e0d846f48deaa8456f552f599d233d,sg_singapore,1.3521,103.8198,2026,2026-05-05,2026-05-11,168,2026-05-05,2026-05-11
/Users/vidura/Code/big-weather/data/regional-2020-2025/raw/weather/location_id=sg_singapore/year=2026/weather-2026-05-12-2026-05-18.parquet,5af87fc0920f6ca5343f26df920a953b8ef5108eccb7c552fd927a0731d1888a,52375,eb6c671a023e598dbf558709ae068bd3ddd1ab5b149f7fa21afc3ea5e27cc0a3,sg_singapore,1.3521,103.8198,2026,2026-05-12,2026-05-18,168,2026-05-12,2026-05-18
/Users/vidura/Code/big-weather/data/regional-2020-2025/raw/weather/location_id=sg_singapore/year=2026/weather-2026-05-19-2026-05-25.parquet,9539f2cba17422a7209ac5824d828aed612c51e7f4aefcdb38c2c498278defc9,52353,3ee5652732d972ea0acabb82994acdff4e7e1cfe70950426be988e80c85e05f7,sg_singapore,1.3521,103.8198,2026,2026-05-19,2026-05-25,168,2026-05-19,2026-05-25
/Users/vidura/Code/big-weather/data/regional-2020-2025/raw/weather/location_id=sg_singapore/year=2026/weather-2026-05-26-2026-06-01.parquet,bfdb0cf4ffd993e7215b9cdc0e7d1226297fbc867a4b692d2b6a1676421a0321,51597,42c155361b9815d7486be3e7c970f2712a160d916dee1909ae3dde426fd0595a,sg_singapore,1.3521,103.8198,2026,2026-05-26,2026-06-01,168,2026-05-26,2026-06-01
/Users/vidura/Code/big-weather/data/regional-2020-2025/raw/weather/location_id=sg_singapore/year=2026/weather-2026-06-02-2026-06-08.parquet,346cc9de4c347ed48a78f81422ded0de0114412934937f18840d85a6cb81e5f1,51910,37bf4e61f6d79a29358808b60b1793b503f6fca53bd01f6cf281342cc10aa963,sg_singapore,1.3521,103.8198,2026,2026-06-02,2026-06-08,168,2026-06-02,2026-06-08
/Users/vidura/Code/big-weather/data/regional-2020-2025/raw/weather/location_id=sg_singapore/year=2026/weather-2026-06-09-2026-06-15.parquet,93f4f95097a25f2a9f8b8a0bff482431af52d1a405cb8e7f095e7c10aaa74b61,52185,d7c7e4be3d106457a8048b9d3190c2a88e0a30f076d8c7f2409bd373d148f1be,sg_singapore,1.3521,103.8198,2026,2026-06-09,2026-06-15,168,2026-06-09,2026-06-15
/Users/vidura/Code/big-weather/data/regional-2020-2025/raw/weather/location_id=sg_singapore/year=2026/weather-2026-06-16-2026-06-22.parquet,3361c826ee93b591cf1ece2733ed2cd64c01d0537ee1d53b679651f1ce7ca1be,52046,908e3ed625fe2dff8ab5c0084c5f95e55a12698296329f8a32887f7acacc6f5f,sg_singapore,1.3521,103.8198,2026,2026-06-16,2026-06-22,168,2026-06-16,2026-06-22
/Users/vidura/Code/big-weather/data/regional-2020-2025/raw/weather/location_id=sg_singapore/year=2026/weather-2026-06-23-2026-06-29.parquet,d4aa27540c826f78e6a473322937ce337227f970f7fe23f1a6978ac8221baa0c,52368,736c33f702ce0f2570ee124444df9bdfd171c847bd241660921e906ba971bb48,sg_singapore,1.3521,103.8198,2026,2026-06-23,2026-06-29,168,2026-06-23,2026-06-29
/Users/vidura/Code/big-weather/data/regional-2020-2025/raw/weather/location_id=sg_singapore/year=2026/weather-2026-06-30-2026-07-06.parquet,9f4d9ff9c22930e566dae7e45edc902ce5858a963ba23989b5249ae90daec98c,51720,9049b33c33d6258682e028ebd13d753f5f5134925aa629f605cbce8ba5aca1e5,sg_singapore,1.3521,103.8198,2026,2026-06-30,2026-07-06,168,2026-06-30,2026-07-06
/Users/vidura/Code/big-weather/data/regional-2020-2025/raw/weather/location_id=sg_singapore/year=2026/weather-2026-07-07-2026-07-13.parquet,dcfb337fcebd89ccd1e8d154cf123e58edcdca6889809c60f5b49834f12787bd,51710,38c290825ea798389b351a94c2d8f589a103a0f337f52c681c17259a09cce118,sg_singapore,1.3521,103.8198,2026,2026-07-07,2026-07-13,168,2026-07-07,2026-07-13
/Users/vidura/Code/big-weather/data/regional-2020-2025/raw/weather/location_id=sg_singapore/year=2026/weather-2026-07-14-2026-07-20.parquet,0c27ab2d0f916b8855adbe1c8fc928be355854f549b7485666fe8df5db7404c0,51965,8c8b8d55a0a29dd3f476b6109b2ae515a00b10895bb38e158a9e040f19a127d8,sg_singapore,1.3521,103.8198,2026,2026-07-14,2026-07-20,168,2026-07-14,2026-07-20
/Users/vidura/Code/big-weather/data/regional-2020-2025/raw/weather/location_id=sg_singapore/year=2026/weather-2026-07-21-2026-07-27.parquet,2eef558ecaa037f8f27195e872e69a3fa63021b839904662d0f6898847df6780,51613,a66f802b24a5b71aaec2a1d8c9704795c27595e25394a9d3e02722a3dff2c3c9,sg_singapore,1.3521,103.8198,2026,2026-07-21,2026-07-27,168,2026-07-21,2026-07-27
/Users/vidura/Code/big-weather/data/regional-2020-2025/raw/weather/location_id=sg_singapore/year=2026/weather-2026-07-28-2026-08-03.parquet,21b0617cacf31e9f875784c3e3644afe05b5946a4fcc50c62c4f93ce84cffb0e,51136,7f5e145529610739945fc26e6efa267f45e03db946c1eb5102a948faa3309462,sg_singapore,1.3521,103.8198,2026,2026-07-28,2026-08-03,168,2026-07-28,2026-08-03
/Users/vidura/Code/big-weather/data/regional-2020-2025/raw/weather/location_id=sg_singapore/year=2026/weather-2026-08-04-2026-08-10.parquet,964c1f55a83a87dce31b665a42aa25c42c259c4e766f1bd928f4c1e4160789e6,50968,b90f9a192cb5bc54e4070c8cd12e6d8c7f335b2396d84875164ceb7a664da695,sg_singapore,1.3521,103.8198,2026,2026-08-04,2026-08-10,168,2026-08-04,2026-08-10
/Users/vidura/Code/big-weather/data/regional-2020-2025/raw/weather/location_id=sg_singapore/year=2026/weather-2026-08-11-2026-08-17.parquet,fc26f20160e8802a32717b40267cfc42e7e2ac1fe71acdd99897da82c8e1f52a,51539,0b81d7d5c17465bc294581f507a2ab9f42d1c436653fa5082bb52ffed6946ad1,sg_singapore,1.3521,103.8198,2026,2026-08-11,2026-08-17,168,2026-08-11,2026-08-17
/Users/vidura/Code/big-weather/data/regional-2020-2025/raw/weather/location_id=sg_singapore/year=2026/weather-2026-08-18-2026-08-24.parquet,d213558cf98f4baa61b13a3a72b7d799d076f3d76b5639693e360f8f87f0d674,51909,e6bb2150387c10d965ee53916db5f5b53ee5b58adb0027cf7f898ba018529dfc,sg_singapore,1.3521,103.8198,2026,2026-08-18,2026-08-24,168,2026-08-18,2026-08-24
/Users/vidura/Code/big-weather/data/regional-2020-2025/raw/weather/location_id=sg_singapore/year=2026/weather-2026-08-25-2026-08-31.parquet,2aaec2649801b32f33743787242f07682bf221ee92c9f5961282cfbc392f0410,51422,b4965be99be51890a338b7041e1b58d3967fbc7efab6541275a31daf94c19210,sg_singapore,1.3521,103.8198,2026,2026-08-25,2026-08-31,168,2026-08-25,2026-08-31
/Users/vidura/Code/big-weather/data/regional-2020-2025/raw/weather/location_id=th_bangkok/year=2026/weather-2026-04-28-2026-05-04.parquet,4c4717c3d6a9bb36e1432dad507e87cc5ed74db2292b277086011011b757c17b,52206,4dd5c1cf50349b39ab7c47c4e2e839a9880906177f1d447441b1f840c1544b04,th_bangkok,13.7563,100.5018,2026,2026-04-28,2026-05-04,168,2026-04-28,2026-05-04
/Users/vidura/Code/big-weather/data/regional-2020-2025/raw/weather/location_id=th_bangkok/year=2026/weather-2026-05-05-2026-05-11.parquet,5ca16727c0f6853f12690e765b4f2ec9602dd0fa2a83f467a881599f9c67a1c5,52988,992472e5d9eb9c45382c272adce1e8a884f89d12e8ea506a56dc70fc62a8db8f,th_bangkok,13.7563,100.5018,2026,2026-05-05,2026-05-11,168,2026-05-05,2026-05-11
/Users/vidura/Code/big-weather/data/regional-2020-2025/raw/weather/location_id=th_bangkok/year=2026/weather-2026-05-12-2026-05-18.parquet,e4665902681d50e4f8da7cf1b357bd80b9f41673f0db005c02def7fea3475af5,52544,c33bca5adc4650e27d45ba4b75049b962ab5f2bab6657a94fd421ac6aa1bfaba,th_bangkok,13.7563,100.5018,2026,2026-05-12,2026-05-18,168,2026-05-12,2026-05-18
/Users/vidura/Code/big-weather/data/regional-2020-2025/raw/weather/location_id=th_bangkok/year=2026/weather-2026-05-19-2026-05-25.parquet,14e42950f7a5ba93f25e8ca75da11c3d9ae45d41bdc6a822eb98b301b04bf729,52907,be02792158e259eb1da9f10329fce6c87851b41c5b54495d7f27a71b93627d75,th_bangkok,13.7563,100.5018,2026,2026-05-19,2026-05-25,168,2026-05-19,2026-05-25
/Users/vidura/Code/big-weather/data/regional-2020-2025/raw/weather/location_id=th_bangkok/year=2026/weather-2026-05-26-2026-06-01.parquet,ce2c1a30b3112586cff6d22bd4fa45d265a90029e45fc40fa2f0ffa58d3a1cc4,53386,6d46e2ecb45f5b77e55799f49d4e075dd71498932d3560af6d688ec30174ac77,th_bangkok,13.7563,100.5018,2026,2026-05-26,2026-06-01,168,2026-05-26,2026-06-01
/Users/vidura/Code/big-weather/data/regional-2020-2025/raw/weather/location_id=th_bangkok/year=2026/weather-2026-06-02-2026-06-08.parquet,68063b9b529fb72d059f458a1b896cddc9f54cb5c0908da0cde6075680a73e8d,52269,ed1ebfd48a4cdeb085820c9e4e4162fddc97b842fff9e09e67d1cc81740af9a5,th_bangkok,13.7563,100.5018,2026,2026-06-02,2026-06-08,168,2026-06-02,2026-06-08
/Users/vidura/Code/big-weather/data/regional-2020-2025/raw/weather/location_id=th_bangkok/year=2026/weather-2026-06-09-2026-06-15.parquet,249c4a4cee8275f612e879c71d3c1ed5090055b32ce198814171c74f8030797a,53251,05a621e4904b031ca388a12b634e1df625c1bf434c1e20b2b0cee59f64d447fc,th_bangkok,13.7563,100.5018,2026,2026-06-09,2026-06-15,168,2026-06-09,2026-06-15
/Users/vidura/Code/big-weather/data/regional-2020-2025/raw/weather/location_id=th_bangkok/year=2026/weather-2026-06-16-2026-06-22.parquet,33bdddd67eef705149a8c29a5b7c490d85524af86385818ec584e4334b41b3bc,52820,d56c34fc5dfdab516afbd167fce56109210dc5947eb2650c1f2c56c07e693daf,th_bangkok,13.7563,100.5018,2026,2026-06-16,2026-06-22,168,2026-06-16,2026-06-22
/Users/vidura/Code/big-weather/data/regional-2020-2025/raw/weather/location_id=th_bangkok/year=2026/weather-2026-06-23-2026-06-29.parquet,676f2022c532981e6a8fd2e674ca81b5c5812d32f5d5a99cbf37ca3131acaf5d,52705,ff44063a02c7d7e6bebe606694cfa4e7cc985fd6e9e86b4fce1fa2ffeb48a154,th_bangkok,13.7563,100.5018,2026,2026-06-23,2026-06-29,168,2026-06-23,2026-06-29
/Users/vidura/Code/big-weather/data/regional-2020-2025/raw/weather/location_id=th_bangkok/year=2026/weather-2026-06-30-2026-07-06.parquet,d45c06d1df2667efca50ca4ae0a3db9f8625681c136618daeb31147670fc37cf,52373,5313e49d3cd7030ae57c741ffb8a5525c76d15fc8b320db5a963ab69f4ed6e51,th_bangkok,13.7563,100.5018,2026,2026-06-30,2026-07-06,168,2026-06-30,2026-07-06
/Users/vidura/Code/big-weather/data/regional-2020-2025/raw/weather/location_id=th_bangkok/year=2026/weather-2026-07-07-2026-07-13.parquet,f544b6698565bd3da4f65df53f4f933addd0e0ba34630e92c11f029b9bc02553,52705,150da8da13831b05f7d4ba41da5422b1903023a1087547422e65fb23d3c9024b,th_bangkok,13.7563,100.5018,2026,2026-07-07,2026-07-13,168,2026-07-07,2026-07-13
/Users/vidura/Code/big-weather/data/regional-2020-2025/raw/weather/location_id=th_bangkok/year=2026/weather-2026-07-14-2026-07-20.parquet,5425a455e0e1d2b9c1864f5eb5cd42af2aaead310cd235c9840d2d0f1bfbc7d5,52850,eb51f4b05f21d854c2f7e69f974a69b011a8ee6aaa33e900a29eb76db3155a80,th_bangkok,13.7563,100.5018,2026,2026-07-14,2026-07-20,168,2026-07-14,2026-07-20
/Users/vidura/Code/big-weather/data/regional-2020-2025/raw/weather/location_id=th_bangkok/year=2026/weather-2026-07-21-2026-07-27.parquet,3a90983ba4382258b110cfc49782b411452f1ae1efd49c8da31c732a5183ee2b,52726,cad48073c95d9b3e3161fead3142d5bb6b72acf8a54671da513d923f77fc4460,th_bangkok,13.7563,100.5018,2026,2026-07-21,2026-07-27,168,2026-07-21,2026-07-27
/Users/vidura/Code/big-weather/data/regional-2020-2025/raw/weather/location_id=th_bangkok/year=2026/weather-2026-07-28-2026-08-03.parquet,365b7311783cf21359dc78743550e4f7dfb8e7cddcbbdcf9a8f3d52b4a268694,52007,65365add262ddf41217116a2e56b16da78f8658b24c4d69df62a9837df414dce,th_bangkok,13.7563,100.5018,2026,2026-07-28,2026-08-03,168,2026-07-28,2026-08-03
/Users/vidura/Code/big-weather/data/regional-2020-2025/raw/weather/location_id=th_bangkok/year=2026/weather-2026-08-04-2026-08-10.parquet,acc3f878dff6ab3b96b0a227009c81e33d259a9775398529da26d8402ecfd879,51749,212f230feef874e26f3a35046df90b85690b910539550a22002f298f0cd5547f,th_bangkok,13.7563,100.5018,2026,2026-08-04,2026-08-10,168,2026-08-04,2026-08-10
/Users/vidura/Code/big-weather/data/regional-2020-2025/raw/weather/location_id=th_bangkok/year=2026/weather-2026-08-11-2026-08-17.parquet,61f3fc921858ba2f88c844c5d06ee9257c49bd7146a0675514eacf0e8130c923,52135,dd650d0fbba666820eb8672046fdec9cf4d257feea0d2a90d0d77aa355ddefc0,th_bangkok,13.7563,100.5018,2026,2026-08-11,2026-08-17,168,2026-08-11,2026-08-17
/Users/vidura/Code/big-weather/data/regional-2020-2025/raw/weather/location_id=th_bangkok/year=2026/weather-2026-08-18-2026-08-24.parquet,33f10bdd741492aeb7af909bcc89c1f9cf0062f0cea07fa1662fad119965860f,52173,6b7697196a6318603c7010935626814a7e8c888658a3e497399bf2695d80ccc5,th_bangkok,13.7563,100.5018,2026,2026-08-18,2026-08-24,168,2026-08-18,2026-08-24
/Users/vidura/Code/big-weather/data/regional-2020-2025/raw/weather/location_id=th_bangkok/year=2026/weather-2026-08-25-2026-08-31.parquet,7a1af975cf56940487ad4e542612c0c941eb1eb321320ecf3b0d7dd8d529fcb1,52072,be2d192af7ef06b1666b9713270a6972263dede279fbccd8ca778e2734c4303d,th_bangkok,13.7563,100.5018,2026,2026-08-25,2026-08-31,168,2026-08-25,2026-08-31
/Users/vidura/Code/big-weather/data/regional-2020-2025/raw/weather/location_id=th_chiang_mai/year=2026/weather-2026-04-28-2026-05-04.parquet,f34d1a58b157e1e8cc1d0951076208c35422f2c8bba17c889ea9d5293b8eab79,52821,232cebbd94efa70c6157a3a4eb34c3466bd978cb9bc3cf2d7c196aafb378a28b,th_chiang_mai,18.7883,98.9853,2026,2026-04-28,2026-05-04,168,2026-04-28,2026-05-04
/Users/vidura/Code/big-weather/data/regional-2020-2025/raw/weather/location_id=th_chiang_mai/year=2026/weather-2026-05-05-2026-05-11.parquet,644ca0631a40ab5f80843a18e2be24d25b03a2331acf3d2e6d61146ceb4a85f5,54065,aba2df368ae56185eece89b30673f3f00f0f5c067d6973dedf7662f6b035c69e,th_chiang_mai,18.7883,98.9853,2026,2026-05-05,2026-05-11,168,2026-05-05,2026-05-11
/Users/vidura/Code/big-weather/data/regional-2020-2025/raw/weather/location_id=th_chiang_mai/year=2026/weather-2026-05-12-2026-05-18.parquet,7c555c4acbe6971855e32f1e1d55d6573511cbfcf02e1ddb828ce6621956b513,53683,b89d587c047886c0960b47a6175776e38955bfca9187ddb4cb902244001567bc,th_chiang_mai,18.7883,98.9853,2026,2026-05-12,2026-05-18,168,2026-05-12,2026-05-18
/Users/vidura/Code/big-weather/data/regional-2020-2025/raw/weather/location_id=th_chiang_mai/year=2026/weather-2026-05-19-2026-05-25.parquet,17a4995f24eea4f6982ad51758b02f61eda660544d811be8523d5336152721aa,53596,7f5181825b265dd4ad8b222e697b6402ea2bbc691b19c8d1477f509faa4f044a,th_chiang_mai,18.7883,98.9853,2026,2026-05-19,2026-05-25,168,2026-05-19,2026-05-25
/Users/vidura/Code/big-weather/data/regional-2020-2025/raw/weather/location_id=th_chiang_mai/year=2026/weather-2026-05-26-2026-06-01.parquet,40b6a39bfa329d1fcbccf77a2c7c592e17e0b6a7c9f8dd9f2b0564aabb990bfb,53203,3d09c19a4e96ab232f2c0bf3255a40c1c60a87de8fc215df6df2c7e3fd09f792,th_chiang_mai,18.7883,98.9853,2026,2026-05-26,2026-06-01,168,2026-05-26,2026-06-01
/Users/vidura/Code/big-weather/data/regional-2020-2025/raw/weather/location_id=th_chiang_mai/year=2026/weather-2026-06-02-2026-06-08.parquet,a6ea1d8102d3aed2b6b7cc6760385f6b7a5444b6a676a50fdfed2d65de35958c,53854,a947b30053851c0d8617c3e39f218b6661593812e6a20aebf0bdbe6004a6b870,th_chiang_mai,18.7883,98.9853,2026,2026-06-02,2026-06-08,168,2026-06-02,2026-06-08
/Users/vidura/Code/big-weather/data/regional-2020-2025/raw/weather/location_id=th_chiang_mai/year=2026/weather-2026-06-09-2026-06-15.parquet,cfc33add65ec30424307a0057da083eb9a478b22a672a40a8533ca8ebab7a2e7,52794,335deb1bb1d7d7dbb73d6269c4f1cf1ea5e150a431ec2f972e1e4455dcba2f2e,th_chiang_mai,18.7883,98.9853,2026,2026-06-09,2026-06-15,168,2026-06-09,2026-06-15
/Users/vidura/Code/big-weather/data/regional-2020-2025/raw/weather/location_id=th_chiang_mai/year=2026/weather-2026-06-16-2026-06-22.parquet,bc35d7d72e34004dd3fc553dbee409fd34a4368bfce01e6fadc7eaf1c0514b25,52505,d95a4bb023ee925bce6fe341aa38616bf501de45ff179addc89f036267f5f9f3,th_chiang_mai,18.7883,98.9853,2026,2026-06-16,2026-06-22,168,2026-06-16,2026-06-22
/Users/vidura/Code/big-weather/data/regional-2020-2025/raw/weather/location_id=th_chiang_mai/year=2026/weather-2026-06-23-2026-06-29.parquet,d698eb1cbab22827ba6952480bbfb4e387de30c83bd249ac3fbdf4662644cf22,52688,d538c2ae1c7e7c2751b20df2152438f3a08d5efe383e172c1b0808ec67b73c1a,th_chiang_mai,18.7883,98.9853,2026,2026-06-23,2026-06-29,168,2026-06-23,2026-06-29
/Users/vidura/Code/big-weather/data/regional-2020-2025/raw/weather/location_id=th_chiang_mai/year=2026/weather-2026-06-30-2026-07-06.parquet,7e552abb7b081a1b808909c949608a0c1ed5b6b09367b82849673c88283dfc68,52476,82f59b6f75c64d8f8794eab8545159530fe4d8df36e4b30e7109e15ea8f5966a,th_chiang_mai,18.7883,98.9853,2026,2026-06-30,2026-07-06,168,2026-06-30,2026-07-06
/Users/vidura/Code/big-weather/data/regional-2020-2025/raw/weather/location_id=th_chiang_mai/year=2026/weather-2026-07-07-2026-07-13.parquet,fd73bd416464bcb793bcd866bd07416de6520afc40d954652b9593aa423766e2,52402,7c11d2fb7cd473028248630d4911148c74fe02f095cb52e3279fbacc2b8be8e3,th_chiang_mai,18.7883,98.9853,2026,2026-07-07,2026-07-13,168,2026-07-07,2026-07-13
/Users/vidura/Code/big-weather/data/regional-2020-2025/raw/weather/location_id=th_chiang_mai/year=2026/weather-2026-07-14-2026-07-20.parquet,381143977a39bd0b71fc705a1ac65af01b50e02140c48cbe42ecdb19f60b0aae,51549,ab809efd0af56ae473a331134253dec7d3e59aafae40ff145305b412fab0deff,th_chiang_mai,18.7883,98.9853,2026,2026-07-14,2026-07-20,168,2026-07-14,2026-07-20
/Users/vidura/Code/big-weather/data/regional-2020-2025/raw/weather/location_id=th_chiang_mai/year=2026/weather-2026-07-21-2026-07-27.parquet,a0da06083ef497883b2cc53fdcb01ac63af957b4e144cf94fe1c48808de13657,52074,613e39f60a2a1c2d92dbc75955686b219d43718f4e4b2f4192082122e407c3da,th_chiang_mai,18.7883,98.9853,2026,2026-07-21,2026-07-27,168,2026-07-21,2026-07-27
/Users/vidura/Code/big-weather/data/regional-2020-2025/raw/weather/location_id=th_chiang_mai/year=2026/weather-2026-07-28-2026-08-03.parquet,77d8019fe48da5464cc41adf2340011fe04d828b0a06c06a254db788ea8c479c,52069,79260114280015d8f92c3b7cf5cd2e58e1fe12917128ed28f8373a55038c4553,th_chiang_mai,18.7883,98.9853,2026,2026-07-28,2026-08-03,168,2026-07-28,2026-08-03
/Users/vidura/Code/big-weather/data/regional-2020-2025/raw/weather/location_id=th_chiang_mai/year=2026/weather-2026-08-04-2026-08-10.parquet,62a2405f4276f68b31648422fc89282edbc4200644f3746513f5bee7289a4395,51956,474ee2e88a5d25ba53652c1a51f2f832dd3829c090550a5b2cc54642e77fecc6,th_chiang_mai,18.7883,98.9853,2026,2026-08-04,2026-08-10,168,2026-08-04,2026-08-10
/Users/vidura/Code/big-weather/data/regional-2020-2025/raw/weather/location_id=th_chiang_mai/year=2026/weather-2026-08-11-2026-08-17.parquet,8fa655dbaa09607fdf0eeacc33a531ed26bc5ed45c5376aed4e1f1cfa90a01d3,52513,4c32f9c8e6466b79e3351dfbe2b3461850fc5a9d1ac98047b72d83b441538404,th_chiang_mai,18.7883,98.9853,2026,2026-08-11,2026-08-17,168,2026-08-11,2026-08-17
/Users/vidura/Code/big-weather/data/regional-2020-2025/raw/weather/location_id=th_chiang_mai/year=2026/weather-2026-08-18-2026-08-24.parquet,51e611d6d9139f801d86654ab3652c57bebbf9d6f0c071e15d00252cba62fa0f,52420,8a64c40a144c2b903072f02a92a5c51e5499c5ce6eb793009416c9107283db47,th_chiang_mai,18.7883,98.9853,2026,2026-08-18,2026-08-24,168,2026-08-18,2026-08-24
/Users/vidura/Code/big-weather/data/regional-2020-2025/raw/weather/location_id=th_chiang_mai/year=2026/weather-2026-08-25-2026-08-31.parquet,c71a5c2071c244f9d6dfdcdb706049212ed07f61d5c4c48a7d404ce18936ff69,51811,bfb0c6f5f5798f4488e15b227b961387149b70e6fd48ed71f833533aab7ee76f,th_chiang_mai,18.7883,98.9853,2026,2026-08-25,2026-08-31,168,2026-08-25,2026-08-31
/Users/vidura/Code/big-weather/data/regional-2020-2025/raw/weather/location_id=th_chiang_rai/year=2026/weather-2026-04-28-2026-05-04.parquet,13f0a1f58fd751570d8233b092a05001fd400210af89f4e739017abff68f0095,53445,d3eaa3818864c82475f766caf87aa9bd1b79c173016ca0656791738e1e0afcf9,th_chiang_rai,19.9105,99.8406,2026,2026-04-28,2026-05-04,168,2026-04-28,2026-05-04
/Users/vidura/Code/big-weather/data/regional-2020-2025/raw/weather/location_id=th_chiang_rai/year=2026/weather-2026-05-05-2026-05-11.parquet,e92120d596a70f62399eeac54184e6be999ea6006f1b3be66d7963bb251ab9ae,53960,514554af6a812b34ee90665b91f5c2ead426c0fc1d60826c03a14b6f0c39ca29,th_chiang_rai,19.9105,99.8406,2026,2026-05-05,2026-05-11,168,2026-05-05,2026-05-11
/Users/vidura/Code/big-weather/data/regional-2020-2025/raw/weather/location_id=th_chiang_rai/year=2026/weather-2026-05-12-2026-05-18.parquet,6a9e0fb09cb5b07e8e4075261e2e7e3161a52798e9f866cc89f2127f58e0d47a,54089,b59ff7b9bbd45e45c101ab84eefc4fe680b715044ef80fb1a61d86ff1f71f776,th_chiang_rai,19.9105,99.8406,2026,2026-05-12,2026-05-18,168,2026-05-12,2026-05-18
/Users/vidura/Code/big-weather/data/regional-2020-2025/raw/weather/location_id=th_chiang_rai/year=2026/weather-2026-05-19-2026-05-25.parquet,0abbe2a5647f3be5341588c3d081fa436b034c55fd87b9deca81c4cd174adac0,53453,637bf05539a225af3576dd92d7a205bfca87ce341b54a2312fa8c8a27a43c686,th_chiang_rai,19.9105,99.8406,2026,2026-05-19,2026-05-25,168,2026-05-19,2026-05-25
/Users/vidura/Code/big-weather/data/regional-2020-2025/raw/weather/location_id=th_chiang_rai/year=2026/weather-2026-05-26-2026-06-01.parquet,7dfffd0b44307ddc4e0e8d69af4a3c626d476f81575732a90aa2728689b3449e,52985,3b49e908bca5a4100c5513bfc1a1909faaa5093843c36c178b00e31829a43588,th_chiang_rai,19.9105,99.8406,2026,2026-05-26,2026-06-01,168,2026-05-26,2026-06-01
/Users/vidura/Code/big-weather/data/regional-2020-2025/raw/weather/location_id=th_chiang_rai/year=2026/weather-2026-06-02-2026-06-08.parquet,0e6847d887351823d282c25c7fcf0a2d5346524a846b1682d66b9a171cb904ac,53807,dd6643ce246e23ff667d7caef3e6c2c5084ea29efa409938d8ac3f1dd35db25f,th_chiang_rai,19.9105,99.8406,2026,2026-06-02,2026-06-08,168,2026-06-02,2026-06-08
/Users/vidura/Code/big-weather/data/regional-2020-2025/raw/weather/location_id=th_chiang_rai/year=2026/weather-2026-06-09-2026-06-15.parquet,767a29e4aaa2f8dc8b6d2893ee39005cbfe53c5ba9db551a993a9d29c1383e38,53154,b41ac8a08c6fbeb9f82b1728a98a3f5db379422a2968ba61804ff4395f61ef93,th_chiang_rai,19.9105,99.8406,2026,2026-06-09,2026-06-15,168,2026-06-09,2026-06-15
/Users/vidura/Code/big-weather/data/regional-2020-2025/raw/weather/location_id=th_chiang_rai/year=2026/weather-2026-06-16-2026-06-22.parquet,0484d1fcddcfd9b2b98ac733c53a406de2db86a63ec3d3f6fed92b4646d2a536,52141,a182b8338f43a0b6a068b49ad35bcbbe75f84d89eb4840b80708377843285c31,th_chiang_rai,19.9105,99.8406,2026,2026-06-16,2026-06-22,168,2026-06-16,2026-06-22
/Users/vidura/Code/big-weather/data/regional-2020-2025/raw/weather/location_id=th_chiang_rai/year=2026/weather-2026-06-23-2026-06-29.parquet,73377134f7279d561f9dfa28956b44b0f902ae54a4bc97b9bd885b49bf84ff33,52929,978efdce42c9f00c759f9b0fe5d2fedab6a5eeaea34da41629a6b28c94a6d421,th_chiang_rai,19.9105,99.8406,2026,2026-06-23,2026-06-29,168,2026-06-23,2026-06-29
/Users/vidura/Code/big-weather/data/regional-2020-2025/raw/weather/location_id=th_chiang_rai/year=2026/weather-2026-06-30-2026-07-06.parquet,8734f49ef73b40ab9b08324b467cd6f200b8f556e3ef99e9be0887d137cfb775,52883,6af200365cd34e9e414947130f679c374bffc787092a131ba9bc3ffa01a5880d,th_chiang_rai,19.9105,99.8406,2026,2026-06-30,2026-07-06,168,2026-06-30,2026-07-06
/Users/vidura/Code/big-weather/data/regional-2020-2025/raw/weather/location_id=th_chiang_rai/year=2026/weather-2026-07-07-2026-07-13.parquet,58753b5e9d5049a7b106e3a8eaca013e1c66a49cd2b5f880bc2929686ed701c9,52615,a340b68b09257dd940455339675af8b6088ccf1aa0417d4166d3cc7167aa2fba,th_chiang_rai,19.9105,99.8406,2026,2026-07-07,2026-07-13,168,2026-07-07,2026-07-13
/Users/vidura/Code/big-weather/data/regional-2020-2025/raw/weather/location_id=th_chiang_rai/year=2026/weather-2026-07-14-2026-07-20.parquet,b5dcf3d3bd0c1237cab792110a701b78488f63843d0b9d84a7693f4b031e8527,51306,b0db3501c81235d0baeed6a8cafc662cf6640e04048668326991353f6037b53a,th_chiang_rai,19.9105,99.8406,2026,2026-07-14,2026-07-20,168,2026-07-14,2026-07-20
/Users/vidura/Code/big-weather/data/regional-2020-2025/raw/weather/location_id=th_chiang_rai/year=2026/weather-2026-07-21-2026-07-27.parquet,b433a29cbb1f7ea8564c221500ed943ed21ad7150b4cfc498cdc1a1753acdfc8,52957,2a83d3af43415154a62c108fdf05df28f70297ffa08d253b3f8f03ea1c728117,th_chiang_rai,19.9105,99.8406,2026,2026-07-21,2026-07-27,168,2026-07-21,2026-07-27
/Users/vidura/Code/big-weather/data/regional-2020-2025/raw/weather/location_id=th_chiang_rai/year=2026/weather-2026-07-28-2026-08-03.parquet,6b188ae0345d76d24b6cfc31c53edb88875213ae68155a3521d7a108a9aea83c,51787,93bc58b31822b98f7726a211ba31592c5321ce568e07ae170fdba75a0292d9f9,th_chiang_rai,19.9105,99.8406,2026,2026-07-28,2026-08-03,168,2026-07-28,2026-08-03
/Users/vidura/Code/big-weather/data/regional-2020-2025/raw/weather/location_id=th_chiang_rai/year=2026/weather-2026-08-04-2026-08-10.parquet,a5a8d6e7b2032cf6d9ef98e4f6773bc28bb87317b023a32ce878d0c322934426,50905,a58c3d567be831ae1e1a12ea6b604d1c4f85a0f817a0588e066b874e9c96254d,th_chiang_rai,19.9105,99.8406,2026,2026-08-04,2026-08-10,168,2026-08-04,2026-08-10
/Users/vidura/Code/big-weather/data/regional-2020-2025/raw/weather/location_id=th_chiang_rai/year=2026/weather-2026-08-11-2026-08-17.parquet,d76bbd5737177d6fff22484b4232e68062633c03e2e1999d35f91e80870f29ae,52784,cebd692aac95df7ef6e4f46b1e8d5000c9699048b17148796dd5066bdf5b2aef,th_chiang_rai,19.9105,99.8406,2026,2026-08-11,2026-08-17,168,2026-08-11,2026-08-17
/Users/vidura/Code/big-weather/data/regional-2020-2025/raw/weather/location_id=th_chiang_rai/year=2026/weather-2026-08-18-2026-08-24.parquet,5ba93443967934f64c6f563c7a92c7c6f864b57c1187a3ee96e7795abba80989,52651,250eeb9673228c80cfdfa0624f9b98b8cbc9be66d826b436dd2bd9af76c518ab,th_chiang_rai,19.9105,99.8406,2026,2026-08-18,2026-08-24,168,2026-08-18,2026-08-24
/Users/vidura/Code/big-weather/data/regional-2020-2025/raw/weather/location_id=th_chiang_rai/year=2026/weather-2026-08-25-2026-08-31.parquet,22cb7932b632408acfd8fad29683c7d66d1ff4fa10d4ae56a1fccf9a23cca273,52320,406018160468226e403435c09e0eeec4102065e4d4642e2b8dff5241239053c5,th_chiang_rai,19.9105,99.8406,2026,2026-08-25,2026-08-31,168,2026-08-25,2026-08-31
/Users/vidura/Code/big-weather/data/regional-2020-2025/raw/weather/location_id=th_doi_inthanon/year=2026/weather-2026-04-28-2026-05-04.parquet,5a97698e9d599100eb8fffe8db64af56bf0d1aea3ee60b23e1f0075933ceb67d,52442,57ceb2e0d687628db51b852093d4a56a730da9a094f9d61e03283b87850d9e1c,th_doi_inthanon,18.5883,98.4867,2026,2026-04-28,2026-05-04,168,2026-04-28,2026-05-04
/Users/vidura/Code/big-weather/data/regional-2020-2025/raw/weather/location_id=th_doi_inthanon/year=2026/weather-2026-05-05-2026-05-11.parquet,3583e0bec25b6f28230b7ff9d22684d103712897c2d1a406b57253591535b649,53807,3c1fda93c6a950c5c82c60d52708ebfe519991727caad1b57b3648caf7413cf3,th_doi_inthanon,18.5883,98.4867,2026,2026-05-05,2026-05-11,168,2026-05-05,2026-05-11
/Users/vidura/Code/big-weather/data/regional-2020-2025/raw/weather/location_id=th_doi_inthanon/year=2026/weather-2026-05-12-2026-05-18.parquet,ab22df4ac8bffcb32aa2fc1c5951414a5f829ad9c62348bb119c33d7adb618f4,53050,f3ef7b9e5ab9c8ce8da9b53f019acbfd59cade742dae50dda5192362977a17be,th_doi_inthanon,18.5883,98.4867,2026,2026-05-12,2026-05-18,168,2026-05-12,2026-05-18
/Users/vidura/Code/big-weather/data/regional-2020-2025/raw/weather/location_id=th_doi_inthanon/year=2026/weather-2026-05-19-2026-05-25.parquet,b8ff535cea2ab72e11d0733ef0af361debe69258ba9eb5ecbe96630eebf7a709,52545,07d2317801a50a6526d705bcf4d3ffb1704736f9a5cc6d7b7a5946f2d7c831b3,th_doi_inthanon,18.5883,98.4867,2026,2026-05-19,2026-05-25,168,2026-05-19,2026-05-25
/Users/vidura/Code/big-weather/data/regional-2020-2025/raw/weather/location_id=th_doi_inthanon/year=2026/weather-2026-05-26-2026-06-01.parquet,66e1d418b3ffb12d2e09c848f6460663fa5d34c8a4b9c1429a302bf0a5a44d67,52597,cdd208d38436e6880d94dca7b6c961f67495aed9919358d2e8f36ccce403ddcf,th_doi_inthanon,18.5883,98.4867,2026,2026-05-26,2026-06-01,168,2026-05-26,2026-06-01
/Users/vidura/Code/big-weather/data/regional-2020-2025/raw/weather/location_id=th_doi_inthanon/year=2026/weather-2026-06-02-2026-06-08.parquet,f58a57d5c32474d3417cd7fa69aefd280e12b2afe8b0dced0bbee4b70d30fa71,53283,bab1516a57452918be8e59bd712cc8dc985bfd7ea2baf449670cd20310e55d70,th_doi_inthanon,18.5883,98.4867,2026,2026-06-02,2026-06-08,168,2026-06-02,2026-06-08
/Users/vidura/Code/big-weather/data/regional-2020-2025/raw/weather/location_id=th_doi_inthanon/year=2026/weather-2026-06-09-2026-06-15.parquet,9042a818e9b8a1d9e6be4a08e0f7547878d01aeb033306515167a4ddbd76053f,51833,b3c71e667091217fda4a89192e7be1804dbb32c652a750f0976c974abd68286a,th_doi_inthanon,18.5883,98.4867,2026,2026-06-09,2026-06-15,168,2026-06-09,2026-06-15
/Users/vidura/Code/big-weather/data/regional-2020-2025/raw/weather/location_id=th_doi_inthanon/year=2026/weather-2026-06-16-2026-06-22.parquet,3c037e11ad8466bb89cdf81b6977dd581c16ac4cd0343485fb6f64be4c0ae14d,51439,147520927ec2dd6648c3b8c2a914fc280bc216a523db734fba3b011f0b16ce18,th_doi_inthanon,18.5883,98.4867,2026,2026-06-16,2026-06-22,168,2026-06-16,2026-06-22
/Users/vidura/Code/big-weather/data/regional-2020-2025/raw/weather/location_id=th_doi_inthanon/year=2026/weather-2026-06-23-2026-06-29.parquet,9504fed645b0b75c2eeca930e1934b80352c5d545938b3204f4baa56a1d5fdc6,51468,9929cf50016411ac81eda11ad30ffb15e167be40264be2c159faa7f43a14d189,th_doi_inthanon,18.5883,98.4867,2026,2026-06-23,2026-06-29,168,2026-06-23,2026-06-29
/Users/vidura/Code/big-weather/data/regional-2020-2025/raw/weather/location_id=th_doi_inthanon/year=2026/weather-2026-06-30-2026-07-06.parquet,cd4ff18eccd6c874ea20fe52c8bac460cff96fe08ad0798b8269b9be00b10370,52005,be01e672f1d878ad384f922c0c651adf721d9aacc3a80c10a5c03884fe2ed5b6,th_doi_inthanon,18.5883,98.4867,2026,2026-06-30,2026-07-06,168,2026-06-30,2026-07-06
/Users/vidura/Code/big-weather/data/regional-2020-2025/raw/weather/location_id=th_doi_inthanon/year=2026/weather-2026-07-07-2026-07-13.parquet,5874fc25320346fe8d26d2961e8a5ee0039346495c0e4e087f72cc675c977c98,51329,766aec8b5d3e9cb6f66aaec2eb13a9fd44938d85fe0633bc62ac6d947d245967,th_doi_inthanon,18.5883,98.4867,2026,2026-07-07,2026-07-13,168,2026-07-07,2026-07-13
/Users/vidura/Code/big-weather/data/regional-2020-2025/raw/weather/location_id=th_doi_inthanon/year=2026/weather-2026-07-14-2026-07-20.parquet,9a96db2a89fa35278d893dcbdb35ea59d9644d2e4c631d163a76d29f2352fb8d,51331,feab650daa8e5d641d4c91c63202ad83398ddbdd43cd4776a09a85cbd3305831,th_doi_inthanon,18.5883,98.4867,2026,2026-07-14,2026-07-20,168,2026-07-14,2026-07-20
/Users/vidura/Code/big-weather/data/regional-2020-2025/raw/weather/location_id=th_doi_inthanon/year=2026/weather-2026-07-21-2026-07-27.parquet,6c6d60779bc0b04b2dc5666ccba62a0900ff6683a6b1cb335dbd9d79ee923739,51500,b1d9cd076cb1aa3048b77774a06fccd19b6be5bf61670aa211ed315897c5098d,th_doi_inthanon,18.5883,98.4867,2026,2026-07-21,2026-07-27,168,2026-07-21,2026-07-27
/Users/vidura/Code/big-weather/data/regional-2020-2025/raw/weather/location_id=th_doi_inthanon/year=2026/weather-2026-07-28-2026-08-03.parquet,89222969876da77a33e63fa14d75240497f941fda188e6a5ad233e682f800af4,51002,0e09d2560d284b6fe73e9629efc732cdc0f851f33c283ae84697f39b889f566f,th_doi_inthanon,18.5883,98.4867,2026,2026-07-28,2026-08-03,168,2026-07-28,2026-08-03
/Users/vidura/Code/big-weather/data/regional-2020-2025/raw/weather/location_id=th_doi_inthanon/year=2026/weather-2026-08-04-2026-08-10.parquet,888ea083751580d24e2100e098efc424836e5edf64022cca06d3808b187235b8,51364,ede2e7cfadf67759828570848a4cc409e79f067e369901527f362176c1a4ee1a,th_doi_inthanon,18.5883,98.4867,2026,2026-08-04,2026-08-10,168,2026-08-04,2026-08-10
/Users/vidura/Code/big-weather/data/regional-2020-2025/raw/weather/location_id=th_doi_inthanon/year=2026/weather-2026-08-11-2026-08-17.parquet,d983096456bfe219e99e2ebaf4a2c9ad71d115f32011acef5ee655a647c15815,51101,fbda1f20b50e2fd08af67c6d958c9b7c1ca5124263af2c893d7d63bf7e9e2489,th_doi_inthanon,18.5883,98.4867,2026,2026-08-11,2026-08-17,168,2026-08-11,2026-08-17
/Users/vidura/Code/big-weather/data/regional-2020-2025/raw/weather/location_id=th_doi_inthanon/year=2026/weather-2026-08-18-2026-08-24.parquet,62864dd4dce969b97c4c89530819c75bef2a58dcef542c267c0d5f8d3de7e36e,51274,3784e93e42eeb8f3bcf012d84f575d9cd33d464bb026093b5cad61ab8e249a76,th_doi_inthanon,18.5883,98.4867,2026,2026-08-18,2026-08-24,168,2026-08-18,2026-08-24
/Users/vidura/Code/big-weather/data/regional-2020-2025/raw/weather/location_id=th_doi_inthanon/year=2026/weather-2026-08-25-2026-08-31.parquet,366f172c27b1fc4bd792f5b9f56c96ceccceb8c234a777145b894cbeceaf66c5,50758,17aa5c5ed94372258a39289ad7b646ec49b7a42ed2e9f275673d9646d2bac2bb,th_doi_inthanon,18.5883,98.4867,2026,2026-08-25,2026-08-31,168,2026-08-25,2026-08-31
/Users/vidura/Code/big-weather/data/regional-2020-2025/raw/weather/location_id=th_khao_kho/year=2026/weather-2026-04-28-2026-05-04.parquet,1f5e1fbf7e9ecbc307af1f222a4c3496b4332a4de71225d25f10628079927e17,54007,2ec5605761c72d1bb84f8bf5ef12b0b9294f389fc063bd5ae50512799b1e7fc4,th_khao_kho,16.6346,100.995,2026,2026-04-28,2026-05-04,168,2026-04-28,2026-05-04
/Users/vidura/Code/big-weather/data/regional-2020-2025/raw/weather/location_id=th_khao_kho/year=2026/weather-2026-05-05-2026-05-11.parquet,926b9ea6be514ddb8f20e1021be6f456504dfa33537ed44778b38b256a3049ef,53422,dacf197d0170052612f95fb289f2adec3ae2cb43670d59b5a6e4591f12b7845d,th_khao_kho,16.6346,100.995,2026,2026-05-05,2026-05-11,168,2026-05-05,2026-05-11
/Users/vidura/Code/big-weather/data/regional-2020-2025/raw/weather/location_id=th_khao_kho/year=2026/weather-2026-05-12-2026-05-18.parquet,96321487be36564dea45bea83696d3e343426e253b4afa257f03fe9285ecf955,53037,196e06b11b4048b0e2d32e45644398b033676488bc7bffc7ad6cf2a786c1c414,th_khao_kho,16.6346,100.995,2026,2026-05-12,2026-05-18,168,2026-05-12,2026-05-18
/Users/vidura/Code/big-weather/data/regional-2020-2025/raw/weather/location_id=th_khao_kho/year=2026/weather-2026-05-19-2026-05-25.parquet,f5234b2303478d95df69828153e979c7a0cb912ae930ebec6acb7986601f31a2,53243,c9b6e1fe717c589e1f068022bfa325941e9c00408ddd31be5bf4de64524edb32,th_khao_kho,16.6346,100.995,2026,2026-05-19,2026-05-25,168,2026-05-19,2026-05-25
/Users/vidura/Code/big-weather/data/regional-2020-2025/raw/weather/location_id=th_khao_kho/year=2026/weather-2026-05-26-2026-06-01.parquet,1c5c56db66cc0434ffe353bfb2a9a133413f59cf5536b05d738ec73416c941c3,52663,3f07a86e4f0ad34d96562e33008316a516721aa1a5c46e073fff5f75182e03a1,th_khao_kho,16.6346,100.995,2026,2026-05-26,2026-06-01,168,2026-05-26,2026-06-01
/Users/vidura/Code/big-weather/data/regional-2020-2025/raw/weather/location_id=th_khao_kho/year=2026/weather-2026-06-02-2026-06-08.parquet,2e959984f6d57c775e2a4e106f604c3138004ea10d0c80f4008cec3b7ae43ec9,52959,3df2151c125d7564ef3caa119c9c2eb45ce017d7491ab678ccc1206a54c00a9a,th_khao_kho,16.6346,100.995,2026,2026-06-02,2026-06-08,168,2026-06-02,2026-06-08
/Users/vidura/Code/big-weather/data/regional-2020-2025/raw/weather/location_id=th_khao_kho/year=2026/weather-2026-06-09-2026-06-15.parquet,7780c93f54713032de4cce51b53cfa63c21fe00218099ca5b12893ee1d12791a,53470,ac05da7ea98e6e02535874d89bc63c8741678b32d57c30a408753c09fc940e7e,th_khao_kho,16.6346,100.995,2026,2026-06-09,2026-06-15,168,2026-06-09,2026-06-15
/Users/vidura/Code/big-weather/data/regional-2020-2025/raw/weather/location_id=th_khao_kho/year=2026/weather-2026-06-16-2026-06-22.parquet,ce699c2d97962ace59d0e42761a7d80c98ea0945a85dc711593dcae8b2fc6a9d,52149,3709fa9ac438578847007303126c8c5a057c7abddb6c552c727381f84171ad03,th_khao_kho,16.6346,100.995,2026,2026-06-16,2026-06-22,168,2026-06-16,2026-06-22
/Users/vidura/Code/big-weather/data/regional-2020-2025/raw/weather/location_id=th_khao_kho/year=2026/weather-2026-06-23-2026-06-29.parquet,efbd657b67277158518f0fa5b1e5f826d6f450a2e21061b57503afbaf1874d15,52520,c9ecc791e5d6fb931978a9289319fffd2fc851095037654b1baf85e16e1d03d8,th_khao_kho,16.6346,100.995,2026,2026-06-23,2026-06-29,168,2026-06-23,2026-06-29
/Users/vidura/Code/big-weather/data/regional-2020-2025/raw/weather/location_id=th_khao_kho/year=2026/weather-2026-06-30-2026-07-06.parquet,40e9bfe274ae22d87252814abfbb384ee2fe187ab5b0c34e1a37c236fcf941ec,52025,56a4379fe5a689ee6d7b784a538967f5d3ab4ffd3e4c67a43d3cbfb92ed93a24,th_khao_kho,16.6346,100.995,2026,2026-06-30,2026-07-06,168,2026-06-30,2026-07-06
/Users/vidura/Code/big-weather/data/regional-2020-2025/raw/weather/location_id=th_khao_kho/year=2026/weather-2026-07-07-2026-07-13.parquet,b3cad84d505dd8dd032762fdc03711072c49c7094fcfb6887461fe1ad23a45db,52501,7d488ae7c4e65289d6a37dcdfb33273ec71a1ba6e3d584a228b3da889b4f77c3,th_khao_kho,16.6346,100.995,2026,2026-07-07,2026-07-13,168,2026-07-07,2026-07-13
/Users/vidura/Code/big-weather/data/regional-2020-2025/raw/weather/location_id=th_khao_kho/year=2026/weather-2026-07-14-2026-07-20.parquet,3a12f8077d9bab494eba505c0ccbc3550f902d3af9ac28d051dd6e026d9e3e01,53114,2f1dcf2255e0254796e12fe8a51d4f101548e9cc95e464c9ac686753ed17c21f,th_khao_kho,16.6346,100.995,2026,2026-07-14,2026-07-20,168,2026-07-14,2026-07-20
/Users/vidura/Code/big-weather/data/regional-2020-2025/raw/weather/location_id=th_khao_kho/year=2026/weather-2026-07-21-2026-07-27.parquet,d4da611b3a3518dd044b22f1dd2dc7be52dbeafbecea030d4ef8fddb86b0ca7d,52868,d58deb200be3dee61b9ea8e594a1fcf2ef2699507eed441196c3a0ae31b17b79,th_khao_kho,16.6346,100.995,2026,2026-07-21,2026-07-27,168,2026-07-21,2026-07-27
/Users/vidura/Code/big-weather/data/regional-2020-2025/raw/weather/location_id=th_khao_kho/year=2026/weather-2026-07-28-2026-08-03.parquet,7a46c1f47ecf757271661fa8ae18efb34068b84c2da4d7c1386e0fc9f958a12c,51317,b92945c704ca31a94cbb5ff100f0f375d9823eb6fc69448d8d9315aa72ff15e8,th_khao_kho,16.6346,100.995,2026,2026-07-28,2026-08-03,168,2026-07-28,2026-08-03
/Users/vidura/Code/big-weather/data/regional-2020-2025/raw/weather/location_id=th_khao_kho/year=2026/weather-2026-08-04-2026-08-10.parquet,e04222e98e762e8612e4ca045cd37cbaf42a518c83852045c9862d7b3a3f99e2,51149,79cb853a29ea78ab3104b12845bd869123293d4dc84443b3a98abbc03501ebc9,th_khao_kho,16.6346,100.995,2026,2026-08-04,2026-08-10,168,2026-08-04,2026-08-10
/Users/vidura/Code/big-weather/data/regional-2020-2025/raw/weather/location_id=th_khao_kho/year=2026/weather-2026-08-11-2026-08-17.parquet,024e8a54b76fa8254e4f66ab2fbf8e510987ffc09e416f69d760f6068b3c817c,51968,bacde1ddc245be28dc71b25430e33da9365aa5eb4c7ef36a9c62e1365bf5366c,th_khao_kho,16.6346,100.995,2026,2026-08-11,2026-08-17,168,2026-08-11,2026-08-17
/Users/vidura/Code/big-weather/data/regional-2020-2025/raw/weather/location_id=th_khao_kho/year=2026/weather-2026-08-18-2026-08-24.parquet,d45517c1d90400e274ec5bff0ae9c298300363a0ef9371c3c532ca122c307cc6,51102,244643e30ea6ec23ba47b4ea8ff075f37d4c6dc2cbb39075a4b6f0560d4d9652,th_khao_kho,16.6346,100.995,2026,2026-08-18,2026-08-24,168,2026-08-18,2026-08-24
/Users/vidura/Code/big-weather/data/regional-2020-2025/raw/weather/location_id=th_khao_kho/year=2026/weather-2026-08-25-2026-08-31.parquet,2d4b4aaa17368913027aad7abcd09d098f24ea13d15dd268c06d05c24e667dca,51437,8389ac838eff68325d980b91940ae56218e6aee5e852849c6452f7de7412b2d7,th_khao_kho,16.6346,100.995,2026,2026-08-25,2026-08-31,168,2026-08-25,2026-08-31
/Users/vidura/Code/big-weather/data/regional-2020-2025/raw/weather/location_id=th_mae_hong_son/year=2026/weather-2026-04-28-2026-05-04.parquet,30e06abfa38aa92c1598b894f87be821b6e85fe716b55a4a116cb94d22d19526,52503,08a9f57b0458c34fdd844b5785ba3e27ad4a37fce4e80e0ed8fd34661d6e6b7d,th_mae_hong_son,19.302,97.9654,2026,2026-04-28,2026-05-04,168,2026-04-28,2026-05-04
/Users/vidura/Code/big-weather/data/regional-2020-2025/raw/weather/location_id=th_mae_hong_son/year=2026/weather-2026-05-05-2026-05-11.parquet,d56f433d5edc5d93e8281f7a81779499841009fb56e0b5b2191592d49b61a7ca,53887,a34361139d019b47b7a175a88ffcef1925ba226c5cff655f36442f6bfba707ca,th_mae_hong_son,19.302,97.9654,2026,2026-05-05,2026-05-11,168,2026-05-05,2026-05-11
/Users/vidura/Code/big-weather/data/regional-2020-2025/raw/weather/location_id=th_mae_hong_son/year=2026/weather-2026-05-12-2026-05-18.parquet,1fe3c8f0b1276b27b5f07a9b2720fd45965a6f2d0df5f1d674390228204d9906,53692,c788ce25fc33c7d334ed323fd5a31e5cc2655b5c9d18950ecfdc890d21c8027e,th_mae_hong_son,19.302,97.9654,2026,2026-05-12,2026-05-18,168,2026-05-12,2026-05-18
/Users/vidura/Code/big-weather/data/regional-2020-2025/raw/weather/location_id=th_mae_hong_son/year=2026/weather-2026-05-19-2026-05-25.parquet,beab9ac3a0446f40bdb44b908839f3912eaa98342d33bfef49d698d689f6a21a,53390,a0d00fa7e6b39fe8d1d95738a1af4462334bb1e17f2506d9c373d0cf726ff6f3,th_mae_hong_son,19.302,97.9654,2026,2026-05-19,2026-05-25,168,2026-05-19,2026-05-25
/Users/vidura/Code/big-weather/data/regional-2020-2025/raw/weather/location_id=th_mae_hong_son/year=2026/weather-2026-05-26-2026-06-01.parquet,b496fb26020f8f4f461e569fba3a61a91148a48d379ce66055017204065cc8bb,53251,df6ade7db571b51f901c21f0d967417744ee80214974c67a1bc1d1b568f4e790,th_mae_hong_son,19.302,97.9654,2026,2026-05-26,2026-06-01,168,2026-05-26,2026-06-01
/Users/vidura/Code/big-weather/data/regional-2020-2025/raw/weather/location_id=th_mae_hong_son/year=2026/weather-2026-06-02-2026-06-08.parquet,cff22b14c93ab3c2d92b641f2441ad981af58688d4bfe32bb053190a222a8b3c,53654,bd664bf63e5e865b39ea5e0695d49ed98f8120007e87fe42e8867d772e5bf1a8,th_mae_hong_son,19.302,97.9654,2026,2026-06-02,2026-06-08,168,2026-06-02,2026-06-08
/Users/vidura/Code/big-weather/data/regional-2020-2025/raw/weather/location_id=th_mae_hong_son/year=2026/weather-2026-06-09-2026-06-15.parquet,0512997dd37563a18a5b539b0ff93a3f982870874110aaca4bf92bb28bf3998e,52134,b445d3fd3eef1b4c9b6715143d366638d21fb165a9e278708aa6b2dd8261b153,th_mae_hong_son,19.302,97.9654,2026,2026-06-09,2026-06-15,168,2026-06-09,2026-06-15
/Users/vidura/Code/big-weather/data/regional-2020-2025/raw/weather/location_id=th_mae_hong_son/year=2026/weather-2026-06-16-2026-06-22.parquet,46a2538cb5cb39e5042987e2bd2c78dca996175197e40d86ac6eb67b4bd25721,51613,1477391511470749036cf465beda503e93555e33687c687062e8985e64823c8a,th_mae_hong_son,19.302,97.9654,2026,2026-06-16,2026-06-22,168,2026-06-16,2026-06-22
/Users/vidura/Code/big-weather/data/regional-2020-2025/raw/weather/location_id=th_mae_hong_son/year=2026/weather-2026-06-23-2026-06-29.parquet,dfd0ffd7fbdef6e07a4b98dbf1db1569ece23f3b05ef2e0f9162f5db1fa72b8a,52182,907d18e44403a68aaf959005f475a2638fbb9080a19b7ebd0e98a3eebf61e9c8,th_mae_hong_son,19.302,97.9654,2026,2026-06-23,2026-06-29,168,2026-06-23,2026-06-29
/Users/vidura/Code/big-weather/data/regional-2020-2025/raw/weather/location_id=th_mae_hong_son/year=2026/weather-2026-06-30-2026-07-06.parquet,382f745cece480cce4d689dd894956ff950b66041b269fe3352b370d46107647,52252,2858cbfcf7257df87f16717e581a87040b021ef0b661ae388ec1b0e704770833,th_mae_hong_son,19.302,97.9654,2026,2026-06-30,2026-07-06,168,2026-06-30,2026-07-06
/Users/vidura/Code/big-weather/data/regional-2020-2025/raw/weather/location_id=th_mae_hong_son/year=2026/weather-2026-07-07-2026-07-13.parquet,aba606580a25e85e27c0b2a1b1e4a4b08655b996489563a7ef8993d546f88b24,52503,a3f2e29ccc6a4fd932a1746d54102416dc210037eb59c8777034b5aeb86ade3f,th_mae_hong_son,19.302,97.9654,2026,2026-07-07,2026-07-13,168,2026-07-07,2026-07-13
/Users/vidura/Code/big-weather/data/regional-2020-2025/raw/weather/location_id=th_mae_hong_son/year=2026/weather-2026-07-14-2026-07-20.parquet,0578af453438043ab0bbb4371888745e57f07ac9d8b8d26503a1dcc424322436,51833,5db5b01124a23a22f9e61e73e885716af39323892aff68103a5a66a20e82e515,th_mae_hong_son,19.302,97.9654,2026,2026-07-14,2026-07-20,168,2026-07-14,2026-07-20
/Users/vidura/Code/big-weather/data/regional-2020-2025/raw/weather/location_id=th_mae_hong_son/year=2026/weather-2026-07-21-2026-07-27.parquet,f9323a0f9d349f7ccfd8fc41e3832cbf90421fb232d1dfc2f1c4b4450cd39222,52438,3cb27ab97a7b2e95788e4f746eba224643cf6700a415877aa1b5a6d493dbd969,th_mae_hong_son,19.302,97.9654,2026,2026-07-21,2026-07-27,168,2026-07-21,2026-07-27
/Users/vidura/Code/big-weather/data/regional-2020-2025/raw/weather/location_id=th_mae_hong_son/year=2026/weather-2026-07-28-2026-08-03.parquet,3e5b106f9af5d32a37b40973927899749e5fead9c21ed823c92d94fe5f1d571a,51709,53efc54620cda1aa3792aa0fe083a8cf447a711ac6b2601f273b1a6589f7458f,th_mae_hong_son,19.302,97.9654,2026,2026-07-28,2026-08-03,168,2026-07-28,2026-08-03
/Users/vidura/Code/big-weather/data/regional-2020-2025/raw/weather/location_id=th_mae_hong_son/year=2026/weather-2026-08-04-2026-08-10.parquet,550c2fa3aa6de2eb530ac037ae8df498d5e0fdaf31fe73a8b37bddd352f03dad,52038,aa16be371ef012750cddca2c0e1cc7ff980fe4859d36cf1cad0770337a49ad5d,th_mae_hong_son,19.302,97.9654,2026,2026-08-04,2026-08-10,168,2026-08-04,2026-08-10
/Users/vidura/Code/big-weather/data/regional-2020-2025/raw/weather/location_id=th_mae_hong_son/year=2026/weather-2026-08-11-2026-08-17.parquet,515b68a3e4a024069384435726e1a2582bd851823bb4ff9de37068d983bb212b,51946,0be2ebe8526910818b05343c3e90b46552cbf0bc4698b9145e5f916ec3bd4c96,th_mae_hong_son,19.302,97.9654,2026,2026-08-11,2026-08-17,168,2026-08-11,2026-08-17
/Users/vidura/Code/big-weather/data/regional-2020-2025/raw/weather/location_id=th_mae_hong_son/year=2026/weather-2026-08-18-2026-08-24.parquet,d90393d682c349ea6dc9ff211a5c0e71c9d2af5420889e357d5146c1d105719e,51897,09f965f01b524222b20c5e329a2a66eb7096dca5616bcb7281df31dc8726094e,th_mae_hong_son,19.302,97.9654,2026,2026-08-18,2026-08-24,168,2026-08-18,2026-08-24
/Users/vidura/Code/big-weather/data/regional-2020-2025/raw/weather/location_id=th_mae_hong_son/year=2026/weather-2026-08-25-2026-08-31.parquet,ff1290ff2ba5d50fb87102f94784bc4db42b1bbd532fd966e46e2d7e5d88ae70,51448,c3a5496facec5129eaedf507149acf3ccbb7ebc54da0b80eb039a537bde42deb,th_mae_hong_son,19.302,97.9654,2026,2026-08-25,2026-08-31,168,2026-08-25,2026-08-31
/Users/vidura/Code/big-weather/data/regional-2020-2025/raw/weather/location_id=th_phuket/year=2026/weather-2026-04-28-2026-05-04.parquet,09c80e3b4125a62c77a3f44c6890b87a5bd15a9e8179f3a523e7c458e022b2ad,52393,41b8ab700e8ed077c89f15fe672103724aca8f6a7540f52387b9a8c87032d9a9,th_phuket,7.8804,98.3923,2026,2026-04-28,2026-05-04,168,2026-04-28,2026-05-04
/Users/vidura/Code/big-weather/data/regional-2020-2025/raw/weather/location_id=th_phuket/year=2026/weather-2026-05-05-2026-05-11.parquet,fa1d7c3c32d5e57e502d324aa5301efc8a5309c40fdbf5a60eb64f5a451f195e,51918,3549436e0ac1f873bc0d447d00719dac710bbf3f59762aa1b0026e208ddad7cc,th_phuket,7.8804,98.3923,2026,2026-05-05,2026-05-11,168,2026-05-05,2026-05-11
/Users/vidura/Code/big-weather/data/regional-2020-2025/raw/weather/location_id=th_phuket/year=2026/weather-2026-05-12-2026-05-18.parquet,fed185bead9db01506adf0b0898845cecf00647dfe9a6f9f700cde2db84b679d,52288,e7613dde6bd74396b2631c278ab8554bcd191ba5dcb07e7ee3e57a5077aed21a,th_phuket,7.8804,98.3923,2026,2026-05-12,2026-05-18,168,2026-05-12,2026-05-18
/Users/vidura/Code/big-weather/data/regional-2020-2025/raw/weather/location_id=th_phuket/year=2026/weather-2026-05-19-2026-05-25.parquet,79edd76e5b3fe1b6f7fc45e664d184223b3efa99b4ca8767b01583f05b8c2f44,52088,8ca531d14083ee350e55a2c7e895b195e2b040b29762924aaa76b16e3fe18e82,th_phuket,7.8804,98.3923,2026,2026-05-19,2026-05-25,168,2026-05-19,2026-05-25
/Users/vidura/Code/big-weather/data/regional-2020-2025/raw/weather/location_id=th_phuket/year=2026/weather-2026-05-26-2026-06-01.parquet,f4678443fb44ff36895e63142059e9a04496bad02e588a9edb57002078c45e43,51056,b4c44fc05cb7c570b58754f3ad1d529a29bde2ffd6591e2613fc3bbf11cbf081,th_phuket,7.8804,98.3923,2026,2026-05-26,2026-06-01,168,2026-05-26,2026-06-01
/Users/vidura/Code/big-weather/data/regional-2020-2025/raw/weather/location_id=th_phuket/year=2026/weather-2026-06-02-2026-06-08.parquet,3c316cbadbcf828b415b76bcd3caafc557dfdc05e3c1aa37a78793d3d646ab5c,51583,526fbd89bd14e6659ebac73f5a7142032e67f0ff1b2dcf6cd040e285c28b88a9,th_phuket,7.8804,98.3923,2026,2026-06-02,2026-06-08,168,2026-06-02,2026-06-08
/Users/vidura/Code/big-weather/data/regional-2020-2025/raw/weather/location_id=th_phuket/year=2026/weather-2026-06-09-2026-06-15.parquet,f353c6e76d883c13c3e40555b532c8d6a62da78a196899a2d3b34c64000c39a6,51989,aa448192e12518eac645c9d52768161a546bee79f694d441ae211466bb3b4a7d,th_phuket,7.8804,98.3923,2026,2026-06-09,2026-06-15,168,2026-06-09,2026-06-15
/Users/vidura/Code/big-weather/data/regional-2020-2025/raw/weather/location_id=th_phuket/year=2026/weather-2026-06-16-2026-06-22.parquet,a2592499c3dfa502f27cfefcc8b325b552a14558f9acb5c5df7a98e651881d93,51502,3f41d0c3339e024ab6fcf0b5bfb2fb326d8d0e8ccf100f67c4576f786d5cd8d7,th_phuket,7.8804,98.3923,2026,2026-06-16,2026-06-22,168,2026-06-16,2026-06-22
/Users/vidura/Code/big-weather/data/regional-2020-2025/raw/weather/location_id=th_phuket/year=2026/weather-2026-06-23-2026-06-29.parquet,79af6bef18ccb6ed4d2d99fe095f44dded1f5425cae1fe5708f337bb604395c9,51842,bab5c85110ef1f6385cfcf341a5472a9f1d38169ad9a628c1720bd298b78c236,th_phuket,7.8804,98.3923,2026,2026-06-23,2026-06-29,168,2026-06-23,2026-06-29
/Users/vidura/Code/big-weather/data/regional-2020-2025/raw/weather/location_id=th_phuket/year=2026/weather-2026-06-30-2026-07-06.parquet,c4087d60f46edfcca347860beead87c8b5ac8577b40f4d6a8d6798f38048c1ea,51763,b34516f65bed21b6471e26e0010f63e1a52a2f9598aed54035b4884bb079d306,th_phuket,7.8804,98.3923,2026,2026-06-30,2026-07-06,168,2026-06-30,2026-07-06
/Users/vidura/Code/big-weather/data/regional-2020-2025/raw/weather/location_id=th_phuket/year=2026/weather-2026-07-07-2026-07-13.parquet,0d907afb7eb70154273db66b2b10826f3e00d5e17b98bd7bf4dc24305833a2c4,51372,d1cf5a1b5247d15c7ddc30cd0544dcbf3b24f81e1fc5afbff20b95b026643bf0,th_phuket,7.8804,98.3923,2026,2026-07-07,2026-07-13,168,2026-07-07,2026-07-13
/Users/vidura/Code/big-weather/data/regional-2020-2025/raw/weather/location_id=th_phuket/year=2026/weather-2026-07-14-2026-07-20.parquet,1255912c1c5da646702d0ff4fd39d47b21a531064f754c9f675ec939918f6502,51337,641290bc8275cd1d60c03e11013cdaf09318a943275b433ef75af1eb5e954b77,th_phuket,7.8804,98.3923,2026,2026-07-14,2026-07-20,168,2026-07-14,2026-07-20
/Users/vidura/Code/big-weather/data/regional-2020-2025/raw/weather/location_id=th_phuket/year=2026/weather-2026-07-21-2026-07-27.parquet,feb106e8d066ad0c99099480f253dbe8f141c17dbaf1f8c39289220dc115d250,51096,f26a934d0fd26be195a387429b0fcb7d27bc65da6f7de3ef5e2b5d761a291007,th_phuket,7.8804,98.3923,2026,2026-07-21,2026-07-27,168,2026-07-21,2026-07-27
/Users/vidura/Code/big-weather/data/regional-2020-2025/raw/weather/location_id=th_phuket/year=2026/weather-2026-07-28-2026-08-03.parquet,d29420856abf62fd213f5fb177833c24bb75e5044e49bc4bafa1887e4579d52c,51836,f901302dd19193da3e733379f39be176332ce0ee7800f81e04db3b79163c5510,th_phuket,7.8804,98.3923,2026,2026-07-28,2026-08-03,168,2026-07-28,2026-08-03
/Users/vidura/Code/big-weather/data/regional-2020-2025/raw/weather/location_id=th_phuket/year=2026/weather-2026-08-04-2026-08-10.parquet,927f586b31c43b07726830e163c3c3e73a3376e3562cfb2b193f4e6ccbd3ff69,51002,310f30d8bf0a6cd7d4463faa5833a6d932880096f996bb7c047a479003a5c013,th_phuket,7.8804,98.3923,2026,2026-08-04,2026-08-10,168,2026-08-04,2026-08-10
/Users/vidura/Code/big-weather/data/regional-2020-2025/raw/weather/location_id=th_phuket/year=2026/weather-2026-08-11-2026-08-17.parquet,1dc2f1d294a9804e6fed67caa561f6367c3bf214f021d1bdf5248dc4e4e0912a,50583,6294d7451fa965eca60d87c5cec9677a12999b66e2ebd8dd1b63801641314691,th_phuket,7.8804,98.3923,2026,2026-08-11,2026-08-17,168,2026-08-11,2026-08-17
/Users/vidura/Code/big-weather/data/regional-2020-2025/raw/weather/location_id=th_phuket/year=2026/weather-2026-08-18-2026-08-24.parquet,f5931a070436339252728bb7d972d75451429bfef648955fe19f39f8120b84bd,51330,353d676a1e836295a9cae5073f5f22ab642bc680ae1fbc164d7ef61826d48223,th_phuket,7.8804,98.3923,2026,2026-08-18,2026-08-24,168,2026-08-18,2026-08-24
/Users/vidura/Code/big-weather/data/regional-2020-2025/raw/weather/location_id=th_phuket/year=2026/weather-2026-08-25-2026-08-31.parquet,63a1b39e080851963c1d28b60dd12f8aacf82f8dfd534acb92b442adb276f97c,50719,77819b031c8de0819302182f90f0ab88c8aed3fd0ebf2648d94816004374f4bd,th_phuket,7.8804,98.3923,2026,2026-08-25,2026-08-31,168,2026-08-25,2026-08-31
/Users/vidura/Code/big-weather/data/regional-2020-2025/raw/weather/location_id=vn_da_lat/year=2026/weather-2026-04-28-2026-05-04.parquet,7d5d8694660778d606c30a0e8e32bba65813a1127baf0bf3d41b65f62cc532c6,52973,162d6f7e8ad449acb651d462416ddf7bea853842be5e306c2c9886660d30063a,vn_da_lat,11.9404,108.4583,2026,2026-04-28,2026-05-04,168,2026-04-28,2026-05-04
/Users/vidura/Code/big-weather/data/regional-2020-2025/raw/weather/location_id=vn_da_lat/year=2026/weather-2026-05-05-2026-05-11.parquet,2e5c4443928bceeea229e126f6ccdfbc327ef5072b1adcef8e1cfcc6ab429072,53051,d06b0be040e1c3cca5069dbd3abd93ca87f0bb0e13c252f8d1fb8dbfe0efa58c,vn_da_lat,11.9404,108.4583,2026,2026-05-05,2026-05-11,168,2026-05-05,2026-05-11
/Users/vidura/Code/big-weather/data/regional-2020-2025/raw/weather/location_id=vn_da_lat/year=2026/weather-2026-05-12-2026-05-18.parquet,e05f45fb75b3a233164ef00fc1a2e55d5f444cdc35a126e9fe2cdc8b40e4cdab,53280,e0b2d9df37bb58597a3df031823cded70a9fd2a637ebe160870dfa8810c223e1,vn_da_lat,11.9404,108.4583,2026,2026-05-12,2026-05-18,168,2026-05-12,2026-05-18
/Users/vidura/Code/big-weather/data/regional-2020-2025/raw/weather/location_id=vn_da_lat/year=2026/weather-2026-05-19-2026-05-25.parquet,01d13b5a600c130c5d363b5f0d5464b65ee512381f232925374099a59f0aef56,53146,a7ad058ba54eab2f54440b147a3f6665ebc2221caaaf236503bfe6bd5ec26c9b,vn_da_lat,11.9404,108.4583,2026,2026-05-19,2026-05-25,168,2026-05-19,2026-05-25
/Users/vidura/Code/big-weather/data/regional-2020-2025/raw/weather/location_id=vn_da_lat/year=2026/weather-2026-05-26-2026-06-01.parquet,0e61384651bcb58729cae1c60c9f3deaeb7a3a5703d31cbb71c2c337703be195,52611,5fb3ec2b2a4cd66710ad21bbf4fb253ec822dc9ed62b614f22827a5f60d43973,vn_da_lat,11.9404,108.4583,2026,2026-05-26,2026-06-01,168,2026-05-26,2026-06-01
/Users/vidura/Code/big-weather/data/regional-2020-2025/raw/weather/location_id=vn_da_lat/year=2026/weather-2026-06-02-2026-06-08.parquet,ff56c38d5487a2021e6f87d4b480a14618e57c095cb6c6f88c6f69e724414aa6,53020,af68dc839a14216e2c1accab028fd5a3db53bf89764a67b63f8dc71f1055aa99,vn_da_lat,11.9404,108.4583,2026,2026-06-02,2026-06-08,168,2026-06-02,2026-06-08
/Users/vidura/Code/big-weather/data/regional-2020-2025/raw/weather/location_id=vn_da_lat/year=2026/weather-2026-06-09-2026-06-15.parquet,984f2218965d3407b74eacdc60a081a632c904d90c812b728ee033bb6759d8e9,53237,f1d139fff23a9bd07b763912ebce318a5548f79b05cf2d5ec9a4c214315ba36d,vn_da_lat,11.9404,108.4583,2026,2026-06-09,2026-06-15,168,2026-06-09,2026-06-15
/Users/vidura/Code/big-weather/data/regional-2020-2025/raw/weather/location_id=vn_da_lat/year=2026/weather-2026-06-16-2026-06-22.parquet,b09bb56465b9d2bd4dcbaa05e2d304f1240c9f60b51e6c9406c2ec24e449decb,52976,fbbc3c0eed2aabec0094176d01a585297bd352a7f26ddec3651c885c90649596,vn_da_lat,11.9404,108.4583,2026,2026-06-16,2026-06-22,168,2026-06-16,2026-06-22
/Users/vidura/Code/big-weather/data/regional-2020-2025/raw/weather/location_id=vn_da_lat/year=2026/weather-2026-06-23-2026-06-29.parquet,20c4a8dd2f1daec8057c6b50840ccf0ac0092557263c9f5792d8c776c67553e9,52394,cacfcdfe7d7644a25b3c1dfd37148d5b774e8ed6f8e152fb0a4654611a583e78,vn_da_lat,11.9404,108.4583,2026,2026-06-23,2026-06-29,168,2026-06-23,2026-06-29
/Users/vidura/Code/big-weather/data/regional-2020-2025/raw/weather/location_id=vn_da_lat/year=2026/weather-2026-06-30-2026-07-06.parquet,da9a36c3524e4d96eed5fbee38135139e11a7ed38f26e59f3f8f8f3640938f6f,52603,a9621bf98c14352a94565c9779598b320e07e99442bccb0e528114d1aad6fb10,vn_da_lat,11.9404,108.4583,2026,2026-06-30,2026-07-06,168,2026-06-30,2026-07-06
/Users/vidura/Code/big-weather/data/regional-2020-2025/raw/weather/location_id=vn_da_lat/year=2026/weather-2026-07-07-2026-07-13.parquet,cc148e00647fc5401916a89a7ed2aed33261ddf097afe563e249c375b530880d,52576,b07a9f0887a9fe8337b0a7e7e2c8c336422520cc15fd2080feb6e42126eb61a8,vn_da_lat,11.9404,108.4583,2026,2026-07-07,2026-07-13,168,2026-07-07,2026-07-13
/Users/vidura/Code/big-weather/data/regional-2020-2025/raw/weather/location_id=vn_da_lat/year=2026/weather-2026-07-14-2026-07-20.parquet,26c377161e250ee74e99ff2efa8cccf96a12e08e9412f1f8da408ce44ad9f16b,52409,36911fff710b69aa73855694391e441b8ed5eaa401efcb36bb8c74f076239110,vn_da_lat,11.9404,108.4583,2026,2026-07-14,2026-07-20,168,2026-07-14,2026-07-20
/Users/vidura/Code/big-weather/data/regional-2020-2025/raw/weather/location_id=vn_da_lat/year=2026/weather-2026-07-21-2026-07-27.parquet,d65745a0a391452d24179831a01d67404b08b1f8cb34375f047b75f7a43f4dd6,53379,432a9cc7bb1e43acf819631a52f8c344d01dc3076816e4859a8bd3bef350a9be,vn_da_lat,11.9404,108.4583,2026,2026-07-21,2026-07-27,168,2026-07-21,2026-07-27
/Users/vidura/Code/big-weather/data/regional-2020-2025/raw/weather/location_id=vn_da_lat/year=2026/weather-2026-07-28-2026-08-03.parquet,02de934625e8b728fca0bb003752e397ab2098f885263a86c39f97af632d9bb5,52892,50593581c7f7ead2dc0d1030feee91d628f461a33ffadd6ae0148c27b5c1e08d,vn_da_lat,11.9404,108.4583,2026,2026-07-28,2026-08-03,168,2026-07-28,2026-08-03
/Users/vidura/Code/big-weather/data/regional-2020-2025/raw/weather/location_id=vn_da_lat/year=2026/weather-2026-08-04-2026-08-10.parquet,3d44affa2094737a655333bcf275882fc02d3034cf0148755e1d2fc2f294f292,52192,819451e8f84aebd750c566656d4b24c677a5772199615647a397930552024389,vn_da_lat,11.9404,108.4583,2026,2026-08-04,2026-08-10,168,2026-08-04,2026-08-10
/Users/vidura/Code/big-weather/data/regional-2020-2025/raw/weather/location_id=vn_da_lat/year=2026/weather-2026-08-11-2026-08-17.parquet,84648b15890e804bc50d1362b763d8ae02f1b66a3556a69ba8ce7da18a61c1db,51582,46ecb7e9208375fa6d84d59c78534026281aca17128f8fa926cb6179f12deb00,vn_da_lat,11.9404,108.4583,2026,2026-08-11,2026-08-17,168,2026-08-11,2026-08-17
/Users/vidura/Code/big-weather/data/regional-2020-2025/raw/weather/location_id=vn_da_lat/year=2026/weather-2026-08-18-2026-08-24.parquet,041b35b788090180cabbf3e2242c2182937b87b396d931e1710b61fe75dbd05d,51420,77f195444618bb76ad1da17843659149e6525e41d10675ac992528f65824a84c,vn_da_lat,11.9404,108.4583,2026,2026-08-18,2026-08-24,168,2026-08-18,2026-08-24
/Users/vidura/Code/big-weather/data/regional-2020-2025/raw/weather/location_id=vn_da_lat/year=2026/weather-2026-08-25-2026-08-31.parquet,f762a4a161293b33fe128816c6575a5a0279ba2bbb298e5167bc304ec8345c4b,51072,e3db567d4c87ce0e39e94806a0867953e9b1ddeff5ff8f2b9219597aeb8609f0,vn_da_lat,11.9404,108.4583,2026,2026-08-25,2026-08-31,168,2026-08-25,2026-08-31
/Users/vidura/Code/big-weather/data/regional-2020-2025/raw/weather/location_id=vn_da_nang/year=2026/weather-2026-04-28-2026-05-04.parquet,879bb812e77d6cf8a34e160b617ef0f32c16d61b7423c4058e78722a83ba5c60,53065,fba7150e5997708981d61382132c7ad056bc081c4add710921471224ebb543db,vn_da_nang,16.0544,108.2022,2026,2026-04-28,2026-05-04,168,2026-04-28,2026-05-04
/Users/vidura/Code/big-weather/data/regional-2020-2025/raw/weather/location_id=vn_da_nang/year=2026/weather-2026-05-05-2026-05-11.parquet,83c29dbe40e2f9b460b0cc254d9f429b9b086783f8b302d4efcd35d2249617c4,52384,d5aee50cd8975d227fd6dac50200e14d1af79f82369e18d7d52556e39153e063,vn_da_nang,16.0544,108.2022,2026,2026-05-05,2026-05-11,168,2026-05-05,2026-05-11
/Users/vidura/Code/big-weather/data/regional-2020-2025/raw/weather/location_id=vn_da_nang/year=2026/weather-2026-05-12-2026-05-18.parquet,6aa00a085754a6af862171031802879ddb5931e32ea4ca14be9ad9fd598ac021,52976,66d6ef02e8ee3f2f79e07c7d00d651c434f9f3e8c37e778d2761118b7a2c38a4,vn_da_nang,16.0544,108.2022,2026,2026-05-12,2026-05-18,168,2026-05-12,2026-05-18
/Users/vidura/Code/big-weather/data/regional-2020-2025/raw/weather/location_id=vn_da_nang/year=2026/weather-2026-05-19-2026-05-25.parquet,36d50a5a2f94c90a18fd4d33bfad3f91f5810e9ccb26d1669e3c87686d42326d,52396,9ca9c0fa56d8ff864e710c24bbe834b3a9d85c639e320746dc62febb883cdd5e,vn_da_nang,16.0544,108.2022,2026,2026-05-19,2026-05-25,168,2026-05-19,2026-05-25
/Users/vidura/Code/big-weather/data/regional-2020-2025/raw/weather/location_id=vn_da_nang/year=2026/weather-2026-05-26-2026-06-01.parquet,0df57869d9c39f5003cdbaa4b3da1e90b76f424fe21b44b6101e145001c10de2,52671,61fa65966ed5401cd97b9ddef9ceaf767234171679baa540cfcdd33bcdd91939,vn_da_nang,16.0544,108.2022,2026,2026-05-26,2026-06-01,168,2026-05-26,2026-06-01
/Users/vidura/Code/big-weather/data/regional-2020-2025/raw/weather/location_id=vn_da_nang/year=2026/weather-2026-06-02-2026-06-08.parquet,374c3febaa82e152bed89067731cd5480f2d9618999c4aa736f2bb805d60ff8f,52665,2bdbd701aa472e710bdb15699bdd75299351c4742bd5461665aa30bb07b86478,vn_da_nang,16.0544,108.2022,2026,2026-06-02,2026-06-08,168,2026-06-02,2026-06-08
/Users/vidura/Code/big-weather/data/regional-2020-2025/raw/weather/location_id=vn_da_nang/year=2026/weather-2026-06-09-2026-06-15.parquet,4bdfd9a63c160995f68fa217e2e07a2ca433eca8eb8ab7035e92e2334983f914,53614,f74c85eea05b850523eeffc1d7b1012184d7fcbf3cabce85007191ccf4300f0a,vn_da_nang,16.0544,108.2022,2026,2026-06-09,2026-06-15,168,2026-06-09,2026-06-15
/Users/vidura/Code/big-weather/data/regional-2020-2025/raw/weather/location_id=vn_da_nang/year=2026/weather-2026-06-16-2026-06-22.parquet,f85a9e0b4fbba676cdce61d81c6e146dee548489f460930de0dc2b6360147cbe,52529,2c364e8da96d40eff5ef96318739c5e9f4fe96569a4bdcb72eb464d7c38078c4,vn_da_nang,16.0544,108.2022,2026,2026-06-16,2026-06-22,168,2026-06-16,2026-06-22
/Users/vidura/Code/big-weather/data/regional-2020-2025/raw/weather/location_id=vn_da_nang/year=2026/weather-2026-06-23-2026-06-29.parquet,dce10c5e842d99804b3cf7f714de8fa605d72c30e45af29b73a93cd19289c41a,52400,fa9303ebdc85a9f9d563f7e7b66f39dc0c9ce7ce695cfd58ac0ce0be068bc459,vn_da_nang,16.0544,108.2022,2026,2026-06-23,2026-06-29,168,2026-06-23,2026-06-29
/Users/vidura/Code/big-weather/data/regional-2020-2025/raw/weather/location_id=vn_da_nang/year=2026/weather-2026-06-30-2026-07-06.parquet,f9dd3d3fa1e3e56c29c49d84b0016c27c63349c581f9975a6d61bbc43c5e5ac8,52867,86480a7a61836b71e2d56e3481e0e70b17b06e8b375378129ac4c0ed6b3a59d7,vn_da_nang,16.0544,108.2022,2026,2026-06-30,2026-07-06,168,2026-06-30,2026-07-06
/Users/vidura/Code/big-weather/data/regional-2020-2025/raw/weather/location_id=vn_da_nang/year=2026/weather-2026-07-07-2026-07-13.parquet,64e8f24c66519e41d0ecc4b241d95efc18df17f34320eca4c42b7c98b7e2ae65,52880,d599aece5d9a134944bb97bf3b456bd5016b9f4c2aad97c51f6bc7725be3bc44,vn_da_nang,16.0544,108.2022,2026,2026-07-07,2026-07-13,168,2026-07-07,2026-07-13
/Users/vidura/Code/big-weather/data/regional-2020-2025/raw/weather/location_id=vn_da_nang/year=2026/weather-2026-07-14-2026-07-20.parquet,d61ace21f7050f787cd5fe51ac011ab23aab472d2408fb3dcc047822ecc795d1,52822,e2eb83a12fc8bc029a7046f3a31237fa21848750dd1cc97dc42cccc8e28d8e92,vn_da_nang,16.0544,108.2022,2026,2026-07-14,2026-07-20,168,2026-07-14,2026-07-20
/Users/vidura/Code/big-weather/data/regional-2020-2025/raw/weather/location_id=vn_da_nang/year=2026/weather-2026-07-21-2026-07-27.parquet,cb2980baa468b8b893c32d0fcc0eb65a40830386049aa1a3ed2cb606c36d0fde,53321,0a212f59512cd9ba1927341c78f41fae46728275f4c9751c1d34f016b9895723,vn_da_nang,16.0544,108.2022,2026,2026-07-21,2026-07-27,168,2026-07-21,2026-07-27
/Users/vidura/Code/big-weather/data/regional-2020-2025/raw/weather/location_id=vn_da_nang/year=2026/weather-2026-07-28-2026-08-03.parquet,300d8c3c7698040585f2297124231a3fcb1ad62490c653e198515b17699c5552,52750,9eb0055b2af700c744f8d54a56b54e0abd05dad0135fe5218b293991c061129d,vn_da_nang,16.0544,108.2022,2026,2026-07-28,2026-08-03,168,2026-07-28,2026-08-03
/Users/vidura/Code/big-weather/data/regional-2020-2025/raw/weather/location_id=vn_da_nang/year=2026/weather-2026-08-04-2026-08-10.parquet,696069f6ea690e19dc0d1a17a5c640c9d6564035b234a95c491820c04cd3debc,52650,0287ae1699456d4474091a21136a475f20d02b165bf77344fc9513c82c7819d8,vn_da_nang,16.0544,108.2022,2026,2026-08-04,2026-08-10,168,2026-08-04,2026-08-10
/Users/vidura/Code/big-weather/data/regional-2020-2025/raw/weather/location_id=vn_da_nang/year=2026/weather-2026-08-11-2026-08-17.parquet,10f68a5699185046774b88b5a7d05e246a94c52970939f5e93b79e6d258ffae6,52727,838afeeb20cb1faed5dde3ac21acbc9f5febbea490f51a9ad26a230a8f9f8bde,vn_da_nang,16.0544,108.2022,2026,2026-08-11,2026-08-17,168,2026-08-11,2026-08-17
/Users/vidura/Code/big-weather/data/regional-2020-2025/raw/weather/location_id=vn_da_nang/year=2026/weather-2026-08-18-2026-08-24.parquet,30864adfceb2380a675af261e3022268669a1111e82b6721db610b2149367abd,53096,811f96b3fed6d5e8ee2a562b123f484ebe9cb1d7a25f828d67057bb41ccee578,vn_da_nang,16.0544,108.2022,2026,2026-08-18,2026-08-24,168,2026-08-18,2026-08-24
/Users/vidura/Code/big-weather/data/regional-2020-2025/raw/weather/location_id=vn_da_nang/year=2026/weather-2026-08-25-2026-08-31.parquet,cc4830b073ace1305cf6e7d197f4ee94d439f874c1ca3fce778b6a49d0daee00,52551,2c2d45d955ee92a3f050ec0080a51d85547a545ea7b70dd7268a642189e6c638,vn_da_nang,16.0544,108.2022,2026,2026-08-25,2026-08-31,168,2026-08-25,2026-08-31
/Users/vidura/Code/big-weather/data/regional-2020-2025/raw/weather/location_id=vn_fansipan/year=2026/weather-2026-04-28-2026-05-04.parquet,e7b797ee1d8eee5a638337279a79d6409b48a865752bbaef4bba1f72c7b4e488,53931,08d68688bce4d8e198f9f12307217b47c0433427b90c70d5e6021c10e1f0ce55,vn_fansipan,22.3033,103.775,2026,2026-04-28,2026-05-04,168,2026-04-28,2026-05-04
/Users/vidura/Code/big-weather/data/regional-2020-2025/raw/weather/location_id=vn_fansipan/year=2026/weather-2026-05-05-2026-05-11.parquet,19015057eddd2348dc2445c020625a34e73b2593b84eff86e7506bba36e1526a,53092,b5f2666c97405022e5666a21fc2e635eb62add1ab14f50ed9b3d0b1c6fa88f61,vn_fansipan,22.3033,103.775,2026,2026-05-05,2026-05-11,168,2026-05-05,2026-05-11
/Users/vidura/Code/big-weather/data/regional-2020-2025/raw/weather/location_id=vn_fansipan/year=2026/weather-2026-05-12-2026-05-18.parquet,f30952a246866510d2a311f6c14a4e4a44a603f5172fecebaf4d39f0e3ba5dd5,53269,24c765fc3cf68cb0908b03a5a6206c054573e3f0c821581ff6369847f80c3846,vn_fansipan,22.3033,103.775,2026,2026-05-12,2026-05-18,168,2026-05-12,2026-05-18
/Users/vidura/Code/big-weather/data/regional-2020-2025/raw/weather/location_id=vn_fansipan/year=2026/weather-2026-05-19-2026-05-25.parquet,7cd4d20bdf25733ec3af1d19c2b86960f6b657ab54b7449e64aafd5fabd9348a,52289,321648d80b0eb6040b32866000a1ded00483758160754a39854ada008bc58719,vn_fansipan,22.3033,103.775,2026,2026-05-19,2026-05-25,168,2026-05-19,2026-05-25
/Users/vidura/Code/big-weather/data/regional-2020-2025/raw/weather/location_id=vn_fansipan/year=2026/weather-2026-05-26-2026-06-01.parquet,296ac793729ed06acb36580c82ad387b2bc4337901929c5907c7e00adb09100c,53369,3ce2edadbba8e07c73cc90c70a8f1689769e02afd764575cc9fbc914c4c6e2b1,vn_fansipan,22.3033,103.775,2026,2026-05-26,2026-06-01,168,2026-05-26,2026-06-01
/Users/vidura/Code/big-weather/data/regional-2020-2025/raw/weather/location_id=vn_fansipan/year=2026/weather-2026-06-02-2026-06-08.parquet,ac340656637bf2de9fc3414ec637287c2d12896c415c6c5bfbcc7d1f62ea2824,53053,d768fa1fb324af977709e55dbba9f7fa36c40a84c48c05ca9dd7e20d2d2351a5,vn_fansipan,22.3033,103.775,2026,2026-06-02,2026-06-08,168,2026-06-02,2026-06-08
/Users/vidura/Code/big-weather/data/regional-2020-2025/raw/weather/location_id=vn_fansipan/year=2026/weather-2026-06-09-2026-06-15.parquet,c4098675ae9ca8024d8bef5df8ba1909cd08e0af108e45cb5b32128c4281bb16,52498,6bbc19cd81db69defee99cfe9e6b076b7c502ab6f11cd7aa0d7a6d14f5458897,vn_fansipan,22.3033,103.775,2026,2026-06-09,2026-06-15,168,2026-06-09,2026-06-15
/Users/vidura/Code/big-weather/data/regional-2020-2025/raw/weather/location_id=vn_fansipan/year=2026/weather-2026-06-16-2026-06-22.parquet,03e3cddd538bdbfdb968e0d683f3ecdfeb361468fd7a6c9560d2787aebc9f35e,50354,5e2c5e340daef74b29eb16026458d5f52f18b47a44878850ac5cc3b04458d415,vn_fansipan,22.3033,103.775,2026,2026-06-16,2026-06-22,168,2026-06-16,2026-06-22
/Users/vidura/Code/big-weather/data/regional-2020-2025/raw/weather/location_id=vn_fansipan/year=2026/weather-2026-06-23-2026-06-29.parquet,a8eba1da68f3e06bb9e874443de231ca7edee538f189d176bb0b294aec9a371b,51614,afefe11a32a06899cc2c3eb773e2b782d029215784e75d887aba722db5746425,vn_fansipan,22.3033,103.775,2026,2026-06-23,2026-06-29,168,2026-06-23,2026-06-29
/Users/vidura/Code/big-weather/data/regional-2020-2025/raw/weather/location_id=vn_fansipan/year=2026/weather-2026-06-30-2026-07-06.parquet,07b513bcdb37ae8de94c3298fa13163b1cecea6234c3eb0bd0d65456d7661a1a,52688,716edf55ad51fefea84520ee0fac11a90132c6c859908972d96cc2c0c011b0bc,vn_fansipan,22.3033,103.775,2026,2026-06-30,2026-07-06,168,2026-06-30,2026-07-06
/Users/vidura/Code/big-weather/data/regional-2020-2025/raw/weather/location_id=vn_fansipan/year=2026/weather-2026-07-07-2026-07-13.parquet,44ccab4d0bf2bc27635e1cf392e83c55bb2d3fcdf02cbcfe60aa25b152c7d8bb,52397,440561a7e1ea4a60941be6b17206bb0ed974ee9cb9d1b5080b34ac6aa37cdf1b,vn_fansipan,22.3033,103.775,2026,2026-07-07,2026-07-13,168,2026-07-07,2026-07-13
/Users/vidura/Code/big-weather/data/regional-2020-2025/raw/weather/location_id=vn_fansipan/year=2026/weather-2026-07-14-2026-07-20.parquet,fc92fa7dee626f73cf76350e1e38ee08edecd41a82d17f01785c44fe57c20654,51321,5dd6a86e9f438fe844afc99505cd5ee74bc44a8ce104f05e78a86ac740941531,vn_fansipan,22.3033,103.775,2026,2026-07-14,2026-07-20,168,2026-07-14,2026-07-20
/Users/vidura/Code/big-weather/data/regional-2020-2025/raw/weather/location_id=vn_fansipan/year=2026/weather-2026-07-21-2026-07-27.parquet,e4bc9c17cc7fd919f83cdad98ae1545f777d3bab2e01baacef2a246f509e42fa,51985,2a833a0dc13ceae23afa1efd889211c3bab4afcc55a075c74d57b59f2cfaad42,vn_fansipan,22.3033,103.775,2026,2026-07-21,2026-07-27,168,2026-07-21,2026-07-27
/Users/vidura/Code/big-weather/data/regional-2020-2025/raw/weather/location_id=vn_fansipan/year=2026/weather-2026-07-28-2026-08-03.parquet,fe63a53250cc763e871793536fe4aa18009d5d26dcb5dae7c09a57ea5bf638a3,51598,16a1d30ca461cde8c13ece098482d65b72faa1c6a78f0587d47bd2a771355f92,vn_fansipan,22.3033,103.775,2026,2026-07-28,2026-08-03,168,2026-07-28,2026-08-03
/Users/vidura/Code/big-weather/data/regional-2020-2025/raw/weather/location_id=vn_fansipan/year=2026/weather-2026-08-04-2026-08-10.parquet,8abacfdba35f6a370fc2c884b61ed5fd9027368ba30c5276b2d935645610f5bc,51965,05a38bf8da871d9eaf6319292286beedf41b77aa727176a3d20776e27a446cff,vn_fansipan,22.3033,103.775,2026,2026-08-04,2026-08-10,168,2026-08-04,2026-08-10
/Users/vidura/Code/big-weather/data/regional-2020-2025/raw/weather/location_id=vn_fansipan/year=2026/weather-2026-08-11-2026-08-17.parquet,96b12add0c5bf9281a6d6a0a40e1ad85e5feb98efdf885b61af1a9c3490100bf,52457,039ba84e873cf985390e32329d3010fe0631a38faff51154c33ba1931b171292,vn_fansipan,22.3033,103.775,2026,2026-08-11,2026-08-17,168,2026-08-11,2026-08-17
/Users/vidura/Code/big-weather/data/regional-2020-2025/raw/weather/location_id=vn_fansipan/year=2026/weather-2026-08-18-2026-08-24.parquet,39a3eacbd3b8e4ca0ea091398fff651bf273892416b859f5916d77755724a1ef,52462,6f0ae006e6e7164a49291bf47c33fb3a21c82fa512645060c4a05e4622093de0,vn_fansipan,22.3033,103.775,2026,2026-08-18,2026-08-24,168,2026-08-18,2026-08-24
/Users/vidura/Code/big-weather/data/regional-2020-2025/raw/weather/location_id=vn_fansipan/year=2026/weather-2026-08-25-2026-08-31.parquet,181e4a6455975167bd987bb54ff8dbd9f2b5fa1c13ec27e188a1e88eda7cc22e,52230,c15973833b2c4ef76237cbb554162721134755a26a64eab310f3a4c41ef9b8dd,vn_fansipan,22.3033,103.775,2026,2026-08-25,2026-08-31,168,2026-08-25,2026-08-31
/Users/vidura/Code/big-weather/data/regional-2020-2025/raw/weather/location_id=vn_hanoi/year=2026/weather-2026-04-28-2026-05-04.parquet,2c3cac63355f5b28d62eebe207363365c9f2ab8a45b04b909cf8a56f91ae8cd3,55161,64dabec8374b9d21733e117facb1da6e54d1aa318c1e30a4670a28cf94791059,vn_hanoi,21.0278,105.8342,2026,2026-04-28,2026-05-04,168,2026-04-28,2026-05-04
/Users/vidura/Code/big-weather/data/regional-2020-2025/raw/weather/location_id=vn_hanoi/year=2026/weather-2026-05-05-2026-05-11.parquet,abf3975e1f8926ba59033bc62b2ae7cc0132b74f9d1374ce018f787389123918,54385,2b6ba1b944aa41a7a6ddd3162973d73f790902be587cf17207ab21e11aa18690,vn_hanoi,21.0278,105.8342,2026,2026-05-05,2026-05-11,168,2026-05-05,2026-05-11
/Users/vidura/Code/big-weather/data/regional-2020-2025/raw/weather/location_id=vn_hanoi/year=2026/weather-2026-05-12-2026-05-18.parquet,64784e3ae939b78a72f9cfb968f9563d1e59c5ab920ca05cfde388df6f92e8dc,54505,430bf24aa372ac50f54a7fca0d5d8302d17925b02ac1985a9a344121d257450b,vn_hanoi,21.0278,105.8342,2026,2026-05-12,2026-05-18,168,2026-05-12,2026-05-18
/Users/vidura/Code/big-weather/data/regional-2020-2025/raw/weather/location_id=vn_hanoi/year=2026/weather-2026-05-19-2026-05-25.parquet,f3b8afe5c87fc15f70cc151bd940c3a09e2dd5441485fc485a0fd2c21eca13dc,53725,4015d174dd6cb6f978ed88f5c03883cd0647c86c0c0877c36eba5ab58939b14a,vn_hanoi,21.0278,105.8342,2026,2026-05-19,2026-05-25,168,2026-05-19,2026-05-25
/Users/vidura/Code/big-weather/data/regional-2020-2025/raw/weather/location_id=vn_hanoi/year=2026/weather-2026-05-26-2026-06-01.parquet,9755f2fc79c37ee4bd1c3d25b3bd6f111ba05b00588373296621f45e513d1309,53897,b34921074b73471df2ef0d1575c5746eb01c60406219082155184386c98acd2c,vn_hanoi,21.0278,105.8342,2026,2026-05-26,2026-06-01,168,2026-05-26,2026-06-01
/Users/vidura/Code/big-weather/data/regional-2020-2025/raw/weather/location_id=vn_hanoi/year=2026/weather-2026-06-02-2026-06-08.parquet,3fb1675b181db57ad16665637b9ead4a0de767d0422a5a71ab228d70c5333801,54267,5b2aca459f0f89409dd82591945043caf834af25a87f816a6cc5df5f3b270c4a,vn_hanoi,21.0278,105.8342,2026,2026-06-02,2026-06-08,168,2026-06-02,2026-06-08
/Users/vidura/Code/big-weather/data/regional-2020-2025/raw/weather/location_id=vn_hanoi/year=2026/weather-2026-06-09-2026-06-15.parquet,4ae48037cb35512196e875debc147442f6ab824ab6122a773c0563f19c1c628f,54159,3cfb51112f8187e09f2b6ffb5924ed5f6462babac59efe817ef248f93cd2ff1f,vn_hanoi,21.0278,105.8342,2026,2026-06-09,2026-06-15,168,2026-06-09,2026-06-15
/Users/vidura/Code/big-weather/data/regional-2020-2025/raw/weather/location_id=vn_hanoi/year=2026/weather-2026-06-16-2026-06-22.parquet,5a2d649de6bf122c2fb9fff4ae5c8ade9f05de671157607e1768dfe4a098e27d,53120,dfe1425a28da9e27d523ee16ede6fc889245f3dc4e8e0a14d24837f45e1a32ff,vn_hanoi,21.0278,105.8342,2026,2026-06-16,2026-06-22,168,2026-06-16,2026-06-22
/Users/vidura/Code/big-weather/data/regional-2020-2025/raw/weather/location_id=vn_hanoi/year=2026/weather-2026-06-23-2026-06-29.parquet,6f88431e249511c31d88a414e132c2ba25a17b9405f56bbe7d8de3c28ddc6b91,54369,86b51de5cd058c2f8c3611236201b0a08f4280a611d556dad586465fcc028cea,vn_hanoi,21.0278,105.8342,2026,2026-06-23,2026-06-29,168,2026-06-23,2026-06-29
/Users/vidura/Code/big-weather/data/regional-2020-2025/raw/weather/location_id=vn_hanoi/year=2026/weather-2026-06-30-2026-07-06.parquet,acff9730bdf6fc5e1bc9e41029e878a5ef67b95324acb55338cd9a07ac7eeb6c,53808,b1f30abfdc9253995f648ac3daf15275bec163928af60c9e63a629f478764296,vn_hanoi,21.0278,105.8342,2026,2026-06-30,2026-07-06,168,2026-06-30,2026-07-06
/Users/vidura/Code/big-weather/data/regional-2020-2025/raw/weather/location_id=vn_hanoi/year=2026/weather-2026-07-07-2026-07-13.parquet,532153b64f7593b94a9a5536dd75c6a9203dd5b5e9f0632fab8256dc17646ba3,53166,891fbac6244e2ddd6198dea7666000fb4f55952ed13b145bf8a187281fc4a56a,vn_hanoi,21.0278,105.8342,2026,2026-07-07,2026-07-13,168,2026-07-07,2026-07-13
/Users/vidura/Code/big-weather/data/regional-2020-2025/raw/weather/location_id=vn_hanoi/year=2026/weather-2026-07-14-2026-07-20.parquet,843f6f1833398bec99a09b6d5d8a9fb22540ed0aba53240c10022446f6cb9969,53137,c549a725411f3d7a0e58bb98c2d9a86e315b2e6bdca55d3dd4878c79f0435828,vn_hanoi,21.0278,105.8342,2026,2026-07-14,2026-07-20,168,2026-07-14,2026-07-20
/Users/vidura/Code/big-weather/data/regional-2020-2025/raw/weather/location_id=vn_hanoi/year=2026/weather-2026-07-21-2026-07-27.parquet,e4c1826192580f569a733d80ff32861b9492757bf9deb97154674b6031a3116e,53864,f5f9e9de798014406ea3cd9bc62ee7cdba4c70069e37b1fa048589351f97a568,vn_hanoi,21.0278,105.8342,2026,2026-07-21,2026-07-27,168,2026-07-21,2026-07-27
/Users/vidura/Code/big-weather/data/regional-2020-2025/raw/weather/location_id=vn_hanoi/year=2026/weather-2026-07-28-2026-08-03.parquet,e461120b268a37ad5780245bb7871a8495da518710b61da4c76a79d0ca174bcc,52150,717f0af8f2b8ca1ecdddf84a89ee1b3a0e46a190fe52e38ba4b2ff4b16cb8c33,vn_hanoi,21.0278,105.8342,2026,2026-07-28,2026-08-03,168,2026-07-28,2026-08-03
/Users/vidura/Code/big-weather/data/regional-2020-2025/raw/weather/location_id=vn_hanoi/year=2026/weather-2026-08-04-2026-08-10.parquet,da9e90979b036a41fc61a1f2c6683864010e205c038da6722a0a6eed8bb9c055,53662,accd122d6974155eef78c886fe71d32f7d74e57aebcdfe742440deb8b0fbea78,vn_hanoi,21.0278,105.8342,2026,2026-08-04,2026-08-10,168,2026-08-04,2026-08-10
/Users/vidura/Code/big-weather/data/regional-2020-2025/raw/weather/location_id=vn_hanoi/year=2026/weather-2026-08-11-2026-08-17.parquet,a0a98a057ad2b4daa2ae8f17e7cd0764738843f3f5142b54d2373f542a32c694,53354,e222b614973651446d889666941a1d23f4df3ab85dbb6b44b55ade114b5bcf23,vn_hanoi,21.0278,105.8342,2026,2026-08-11,2026-08-17,168,2026-08-11,2026-08-17
/Users/vidura/Code/big-weather/data/regional-2020-2025/raw/weather/location_id=vn_hanoi/year=2026/weather-2026-08-18-2026-08-24.parquet,7a39a784ffa2d74c16e010656ee08c0c29fe90559710b2b05b032e01436da1fb,51846,a3ddface7f91d94878597e4bb0717aaa7397cde61efbc149023bc08a10c34fa8,vn_hanoi,21.0278,105.8342,2026,2026-08-18,2026-08-24,168,2026-08-18,2026-08-24
/Users/vidura/Code/big-weather/data/regional-2020-2025/raw/weather/location_id=vn_hanoi/year=2026/weather-2026-08-25-2026-08-31.parquet,2619eb16784a695b9634c7ee811014f7d333a818929e7f6e146787cc89ed6c58,52652,ae120f1ddcd5546f6632b19416bbab9945ea991337b5ea80da5928a2c926291e,vn_hanoi,21.0278,105.8342,2026,2026-08-25,2026-08-31,168,2026-08-25,2026-08-31
/Users/vidura/Code/big-weather/data/regional-2020-2025/raw/weather/location_id=vn_sa_pa/year=2026/weather-2026-04-28-2026-05-04.parquet,55c0f3b49cfa6c553e7fa124347401b23d1339ed78aecc121169f92ef0615ddc,54183,3f79416dbf2634a88591de3a11d21c8ce1b8fd678496063da73f394cf8c58c4d,vn_sa_pa,22.3364,103.8438,2026,2026-04-28,2026-05-04,168,2026-04-28,2026-05-04
/Users/vidura/Code/big-weather/data/regional-2020-2025/raw/weather/location_id=vn_sa_pa/year=2026/weather-2026-05-05-2026-05-11.parquet,ed86da51f45cd7ebaefa6e844339060bb77061caceb6d0594ec7177eb487ad75,53289,7fd5ffe420dd21a800533fc85bc2e91340b630628a18b616fe38dcde4b7e5bc8,vn_sa_pa,22.3364,103.8438,2026,2026-05-05,2026-05-11,168,2026-05-05,2026-05-11
/Users/vidura/Code/big-weather/data/regional-2020-2025/raw/weather/location_id=vn_sa_pa/year=2026/weather-2026-05-12-2026-05-18.parquet,95f0938784291f31f4dfcd41d48bf2c6567b6846a8d0caa951e47b8da211cf34,53508,708d0395daf8d60f5ee862454f3fb3419cc8f606cd3c0d22f0ed2b594b390243,vn_sa_pa,22.3364,103.8438,2026,2026-05-12,2026-05-18,168,2026-05-12,2026-05-18
/Users/vidura/Code/big-weather/data/regional-2020-2025/raw/weather/location_id=vn_sa_pa/year=2026/weather-2026-05-19-2026-05-25.parquet,18c455314aeeb2349f4b045187e04ccb8c37eacc4d42c9bef6555819ef01d888,52498,fb4c4c09fdc1d494c758b0b4f8243c24a72afd814e4cbbbb0bea0a0b6574ca7c,vn_sa_pa,22.3364,103.8438,2026,2026-05-19,2026-05-25,168,2026-05-19,2026-05-25
/Users/vidura/Code/big-weather/data/regional-2020-2025/raw/weather/location_id=vn_sa_pa/year=2026/weather-2026-05-26-2026-06-01.parquet,d56d217776925d42d29434374ff1bce89153573c653edb5e94cd428418f2ff63,53556,d7003b4e987f537efc025bcf4ff496f631492d7fbb32a42567ff64af6d964f4d,vn_sa_pa,22.3364,103.8438,2026,2026-05-26,2026-06-01,168,2026-05-26,2026-06-01
/Users/vidura/Code/big-weather/data/regional-2020-2025/raw/weather/location_id=vn_sa_pa/year=2026/weather-2026-06-02-2026-06-08.parquet,299a352fe9a14429a75ef6d0a79a63c4d9f7c4af57e2d53f8934a0d820fa709c,53243,d75142ac894fcad1d5a57d814c35884b308614354afd16ab8d98ae39d60827a9,vn_sa_pa,22.3364,103.8438,2026,2026-06-02,2026-06-08,168,2026-06-02,2026-06-08
/Users/vidura/Code/big-weather/data/regional-2020-2025/raw/weather/location_id=vn_sa_pa/year=2026/weather-2026-06-09-2026-06-15.parquet,2c239a2229f4170b209036ea7db4cf3798c2500fc8b1b8978e75a2134fc7997c,52754,b26be026c50b2d0e1896876d36febf8b23417b77312c467168543b3e62c051fa,vn_sa_pa,22.3364,103.8438,2026,2026-06-09,2026-06-15,168,2026-06-09,2026-06-15
/Users/vidura/Code/big-weather/data/regional-2020-2025/raw/weather/location_id=vn_sa_pa/year=2026/weather-2026-06-16-2026-06-22.parquet,d254402ca3997599a0538cbd8817ba8c5bcc8c4f3e917492fd8bf05cb69ccdcc,50598,5631bc497c5c397055ab1461130a5d1440e7e8627f46bcb49d2b2a30650a50fa,vn_sa_pa,22.3364,103.8438,2026,2026-06-16,2026-06-22,168,2026-06-16,2026-06-22
/Users/vidura/Code/big-weather/data/regional-2020-2025/raw/weather/location_id=vn_sa_pa/year=2026/weather-2026-06-23-2026-06-29.parquet,b0221c62f6dca20090db60e6a4ace7951d8d2270089bfe6f2b7b31b41aa74ed2,51880,088e4e1416f092dcbd98dc613456b74ed77fb159e0727975837a3c286b43eded,vn_sa_pa,22.3364,103.8438,2026,2026-06-23,2026-06-29,168,2026-06-23,2026-06-29
/Users/vidura/Code/big-weather/data/regional-2020-2025/raw/weather/location_id=vn_sa_pa/year=2026/weather-2026-06-30-2026-07-06.parquet,c445d1da0acf63a465c1fbf1213cb077d680f236ff10defd33739ed01c172cd0,52894,4ed840467a3c7e9570c8929cc0754142109c387692d09b323e888c6b8c904203,vn_sa_pa,22.3364,103.8438,2026,2026-06-30,2026-07-06,168,2026-06-30,2026-07-06
/Users/vidura/Code/big-weather/data/regional-2020-2025/raw/weather/location_id=vn_sa_pa/year=2026/weather-2026-07-07-2026-07-13.parquet,52abd4553381ad03166a562ad20e7c61112b05c851a0f25868d1a9e37cde26b1,52520,02ce8f832e852b134b01dddaa29dea1974a11c6b0b987995e25ef9bbe29c04ad,vn_sa_pa,22.3364,103.8438,2026,2026-07-07,2026-07-13,168,2026-07-07,2026-07-13
/Users/vidura/Code/big-weather/data/regional-2020-2025/raw/weather/location_id=vn_sa_pa/year=2026/weather-2026-07-14-2026-07-20.parquet,e44c122e3472b546bd21f578e1e5839b20784160e1d3ec0aee025fb0f0b1f5e6,51536,ae9275de72d7c1d91c0cb8652d32a06710659211ee43be601ca2714aa3b3b9d5,vn_sa_pa,22.3364,103.8438,2026,2026-07-14,2026-07-20,168,2026-07-14,2026-07-20
/Users/vidura/Code/big-weather/data/regional-2020-2025/raw/weather/location_id=vn_sa_pa/year=2026/weather-2026-07-21-2026-07-27.parquet,638dcd2e4ba9b7a22c5716560d14a6203b565cff29a1e4c4aa2737ed74176aa3,52235,0358b8563be6bba9e0040763671dadc29f60c832fb16655ea8eb44a189ad3508,vn_sa_pa,22.3364,103.8438,2026,2026-07-21,2026-07-27,168,2026-07-21,2026-07-27
/Users/vidura/Code/big-weather/data/regional-2020-2025/raw/weather/location_id=vn_sa_pa/year=2026/weather-2026-07-28-2026-08-03.parquet,817a6a8ff475d9728fd136b6f64aa860921d33c2df1578bcb426a0a7e1891405,51799,25557dd815426d9cf988092eb2873f8a35eb0d10b9bd86d5c75f1d6504fcc6d6,vn_sa_pa,22.3364,103.8438,2026,2026-07-28,2026-08-03,168,2026-07-28,2026-08-03
/Users/vidura/Code/big-weather/data/regional-2020-2025/raw/weather/location_id=vn_sa_pa/year=2026/weather-2026-08-04-2026-08-10.parquet,20a8f77ba657f1285aa5553823d6e1bf8ac667615eb96e488ec11bc47243bbe9,52212,053142a12558a6747da40877adfa66167897f355b8b294c65590c657144af8c2,vn_sa_pa,22.3364,103.8438,2026,2026-08-04,2026-08-10,168,2026-08-04,2026-08-10
/Users/vidura/Code/big-weather/data/regional-2020-2025/raw/weather/location_id=vn_sa_pa/year=2026/weather-2026-08-11-2026-08-17.parquet,47be3a756f518f8be555c0057ae3d0556c163c8052aff460b208ed77ae639cdb,52644,427722026ab3b8a076c1bd0bf053406024f0d68a658d7b29f7fef0da991a7572,vn_sa_pa,22.3364,103.8438,2026,2026-08-11,2026-08-17,168,2026-08-11,2026-08-17
/Users/vidura/Code/big-weather/data/regional-2020-2025/raw/weather/location_id=vn_sa_pa/year=2026/weather-2026-08-18-2026-08-24.parquet,95dfde0cc401531f411c7c460f9a4e72faa008f6c6342b78ce0434390480d7b0,52566,5dd2a5053e682c9c628746d1cd665562b88c4ff9d09671aed3250e269de218a6,vn_sa_pa,22.3364,103.8438,2026,2026-08-18,2026-08-24,168,2026-08-18,2026-08-24
/Users/vidura/Code/big-weather/data/regional-2020-2025/raw/weather/location_id=vn_sa_pa/year=2026/weather-2026-08-25-2026-08-31.parquet,6131c2dfaf02d0966740e4966c7d20b1a7ba9fee223ba3ee99e0ffe706f9692c,52472,f426215b578399e8ac41346b46e73bc9e858949ee8da385cb932657c5a6e1241,vn_sa_pa,22.3364,103.8438,2026,2026-08-25,2026-08-31,168,2026-08-25,2026-08-31
